Input scale (32 bit):
 262011968
Input zero point:
 136
Hidden scale (32 bit):
 33686004
Hidden zero point:
 127
Weight input scale (32 bit):
 18069650
Weight input zero point:
 119
Weight hidden scale (32 bit):
 22155788
Weight hidden zero point:
 131
Output linear scale (32 bit):
 410721344
Output linear zero point:
 117
Output sigmoid r scale (32 bit):
 16843010
Output sigmoid r zero point:
 0
Output sigmoid z scale (32 bit):
 16843010
Output sigmoid z zero point:
 0
Output tanh n scale (32 bit):
 33686020
Output tanh n zero point:
 127
Output r_hn scale (32 bit):
 239532096
Output r_hn zero point:
 134
Output z_n scale (32 bit):
 33678936
Output z_n zero point:
 127
Output z_h scale (32 bit):
 1
Output z_h zero point:
 127
Scale ih (32 bit):
 11527193
Scale hh (32 bit):
 1817144
Scale r_hn (32 bit):
 28880404
Scale z_n (32 bit):
 16846552
Scale z_h (32 bit):
 16848104
Scale new_h_zn (32 bit):
 4294066176
Scale new_h_zh (32 bit):
 4293668864
Weight_ih (8 bit):
weights_linear_ih[0] = {23, 42, 30, 17, 0, 0, 0, 35, 19, 8, 52, 42, 55, -3, -7, 0, 20, -1, -5, 0, 16, 9, 56, 33, -9, 29, -1, -14, 13, 88, 30, 27, 0, 38, 3, 30, 17, 17, 14, 58, 19, 51, 14, 27, 25, 0, -2, -1, 25, 23, 14, 66, 34, 41, 41, 17, 12, 16, -23, 44, 71, 18, 0, 4, 63, -7, 25, 12, 27, 0, 10, 45};
weights_linear_ih[1] = {41, 24, 50, 44, 0, 5, 0, 12, -5, -5, 29, 18, 37, 37, 33, 0, 46, -9, 19, 0, 17, 39, 62, 61, 9, 3, 14, 19, 52, 22, -38, -17, 0, 41, 8, 4, -3, 38, 20, 32, 4, 56, 28, 16, -3, 0, 22, 35, 13, 28, -4, 43, 18, 19, 16, -4, 27, -7, 13, 22, 34, 21, 0, 29, 31, 7, 44, 12, 22, 0, 14, 38};
weights_linear_ih[2] = {46, 8, 24, 4, 0, -26, 0, 16, -11, -39, -14, 45, 15, 53, -21, 0, -20, 19, 29, 0, 26, -2, 49, 25, 1, 11, -14, 30, 33, 14, 0, 7, 0, 67, 18, 26, 36, -16, 15, 21, 4, 31, -17, 22, -7, 0, -1, 2, 15, 5, 19, 23, -16, 32, 18, -25, -2, -18, -26, 27, 24, 17, 0, 24, 33, -7, 34, -31, 14, 0, 121, 26};
weights_linear_ih[3] = {10, -18, 20, -14, 0, 13, 0, -16, 15, 6, -2, -3, 31, -6, 18, 0, 56, -3, 17, 0, -1, -15, 6, -13, 4, -17, -27, -8, 2, -13, 2, 83, 0, 19, 13, -12, 15, 32, 63, 14, 13, 8, -18, -5, 74, 0, -32, 3, -8, 6, 32, 31, -7, 51, 8, -2, 22, 27, 14, 19, 20, 17, 0, -37, 24, -12, -20, -13, 24, 0, -33, 12};
weights_linear_ih[4] = {-44, -2, 11, 94, 0, -3, 0, 23, 35, -7, 12, 47, -20, -34, -12, 0, 30, 1, 28, 0, 13, 80, 36, -23, 46, 43, 28, 46, -9, -5, -18, 55, 0, 1, -26, -5, 22, 19, -21, 59, 23, 34, 2, 20, 34, 0, 22, -9, 19, 19, -46, 9, 29, 92, 65, 3, -10, 27, -1, -26, -27, 12, 0, 38, -43, 20, 35, 47, 85, 0, 25, -11};
weights_linear_ih[5] = {28, 39, -29, 29, 0, 22, 0, 33, 10, 41, -11, -14, 7, 26, 0, 0, -1, -24, 8, 0, 15, 54, 25, 56, 15, 6, 37, 22, 34, 23, 16, 6, 0, 12, 56, 28, 4, 34, -5, 11, 11, -3, -22, -1, -1, 0, 3, -23, 6, 10, 82, 36, 25, -28, -10, 34, 19, 11, -11, 13, -21, 47, 0, 20, 15, 32, 8, -9, -26, 0, 29, -6};
weights_linear_ih[6] = {6, 39, 6, 2, 0, 18, 0, 29, 20, 4, 29, 12, 53, 46, 18, 0, 16, 4, 17, 0, 37, 11, 3, 39, -3, 9, 22, 6, 27, 12, 8, 33, 0, 19, 17, 6, 31, -4, 34, 25, 18, 1, -11, 37, 25, 0, 3, 1, -2, 12, 32, 58, 19, 38, -10, -2, 31, 6, 5, 54, 51, 24, 0, 10, 62, 6, 15, 24, 11, 0, 15, 30};
weights_linear_ih[7] = {10, 4, 26, 16, 0, 4, 0, 5, 15, -1, -20, 2, -3, -2, 7, 0, 24, 25, -8, 0, 27, 25, 8, -20, -4, -11, 0, -4, 2, -11, 13, 6, 0, 43, 7, 26, 16, 33, -7, 15, -1, 9, 27, -18, 25, 0, 5, -1, -28, 45, -17, 17, 36, 28, 4, 37, 12, -2, 40, 8, -30, 33, 0, 29, -4, 5, -7, -22, -4, 0, -9, -42};
weights_linear_ih[8] = {8, 0, -15, 3, 0, 15, 0, 32, -11, -28, -19, 50, -20, 11, 5, 0, 2, 1, -18, 0, 30, -21, -25, -29, -34, 34, 12, -50, -23, 51, 12, 78, 0, -25, -21, 24, 38, 0, 10, 4, -5, -1, -1, 25, 77, 0, -7, -21, -46, 19, -33, -50, -21, 87, 10, -17, 8, 37, 13, -39, -4, 13, 0, 10, 0, 21, -23, 13, 103, 0, -36, -53};
weights_linear_ih[9] = {-32, -2, -36, 4, 0, 11, 0, 36, 28, 15, 8, 7, 16, -28, 38, 0, -52, -1, 25, 0, -7, 11, -21, -20, -26, 23, -1, 4, -24, 30, 42, 72, 0, -16, 11, 18, 12, 10, -27, 7, 30, 4, -14, -18, 38, 0, 1, -31, 21, -18, 30, -3, -18, 31, 28, -23, -1, 16, 51, 22, 18, -8, 0, 29, -2, 30, -12, 34, 6, 0, 16, 13};
weights_linear_ih[10] = {6, 4, 4, 9, 0, -15, 0, 14, -9, -21, 32, 51, 27, 26, 25, 0, -2, -8, 9, 0, 19, 14, 19, 26, -35, 28, 27, -27, 42, 13, 4, 11, 0, 18, 8, 5, 23, 14, 27, -10, 18, 24, 27, 1, 27, 0, -15, 24, 28, 24, 46, 16, 39, 60, 11, -22, 22, 44, -29, 24, 1, 36, 0, 27, 4, -12, 26, 66, 60, 0, 15, 21};
weights_linear_ih[11] = {1, -17, -27, 5, 0, 23, 0, 18, 36, 15, -24, -13, -7, -17, 35, 0, -37, -9, -27, 0, -13, 16, -27, -38, -2, 8, 25, 40, -1, -26, 11, 19, 0, 17, -8, 3, 46, -8, -12, 0, 36, -21, -3, -22, -35, 0, 5, -8, -10, 11, -16, -7, 14, -38, -21, 4, 23, 5, 13, -34, 7, 26, 0, 19, -16, -16, -12, 9, -17, 0, 23, -17};
weights_linear_ih[12] = {9, 11, 4, -2, 0, 6, 0, 8, 0, 5, 18, 14, 10, 13, 16, 0, 11, 8, 17, 0, 5, 1, 0, 13, 1, 7, 6, 5, 1, 9, 10, 14, 0, 14, 7, 12, 16, -3, 12, 3, 13, 7, 3, 10, 12, 0, 6, 9, -5, 5, 11, 11, 7, 7, 4, 5, 3, 9, 17, 10, 15, 10, 0, 2, 14, 11, 3, 10, 9, 0, 10, 7};
weights_linear_ih[13] = {27, 34, 29, 49, 0, -25, 0, 4, 16, 35, 37, 22, 7, -9, 12, 0, 20, 24, 23, 0, -34, -19, 27, 36, 34, 2, 13, 40, 10, 6, 0, 10, 0, 41, 12, 17, 17, 7, -18, 36, -10, 38, 46, 37, 25, 0, 16, 43, 25, -7, 30, 46, 13, 8, 49, 31, 8, 0, 27, 34, 5, 18, 0, 29, 15, 17, 19, 16, 17, 0, 51, 43};
weights_linear_ih[14] = {-12, 4, 31, -13, 0, -14, 0, 46, 20, 11, 38, 16, 23, 34, 49, 0, 53, 6, 18, 0, 13, 42, 28, 47, 12, 16, -15, 10, 10, 8, -2, -8, 0, -8, -16, 10, -4, 16, 1, -2, -17, 13, 11, 31, -17, 0, -14, -3, 17, -24, 14, 2, 19, -19, 60, 12, -5, 63, 16, 20, 10, -9, 0, 4, 15, -34, 23, 24, 10, 0, 31, 25};
weights_linear_ih[15] = {-11, 70, -31, -2, 0, 29, 0, 79, 42, 50, 14, 26, 4, 17, -2, 0, -13, 18, 22, 0, 25, 21, 9, 59, 31, 0, -12, 41, 16, 63, 49, 12, 0, 47, -12, 10, -11, -16, 24, 19, -16, -25, -52, 37, -7, 0, 3, 28, 41, -32, 71, 23, 2, -8, -4, -30, -29, 18, 5, 6, 39, 10, 0, -4, 35, 2, 14, -7, -30, 0, 27, 32};
weights_linear_ih[16] = {-16, 11, 20, -10, 0, 40, 0, 47, 18, 15, -43, 25, 26, 22, 12, 0, 11, 2, -14, 0, 58, -7, -13, 8, 52, 49, 20, -31, -7, 42, 54, 51, 0, -19, 21, 62, 56, 4, 27, -76, 26, 15, -12, 24, 75, 0, -4, 25, -33, 0, 15, -3, 21, 51, -27, 51, 20, 0, 9, 33, 60, 23, 0, 10, 59, 57, -54, -3, 35, 0, -33, -33};
weights_linear_ih[17] = {13, 0, 7, 58, 0, 32, 0, 25, 36, 9, -28, -14, -13, 37, -34, 0, 9, 57, -4, 0, 59, 14, 12, 25, -11, 25, 53, 22, -8, -6, 27, 1, 0, 1, 7, 37, -7, 3, 26, -20, 46, 6, 24, -16, -33, 0, 38, -10, 34, 9, -6, -11, 40, 1, -11, 12, 38, 21, -23, -38, -18, 63, 0, 9, -17, 14, -13, -13, -12, 0, 4, -12};
weights_linear_ih[18] = {21, 32, 6, 33, 0, -17, 0, 10, 16, 29, 7, 16, -19, 26, 43, 0, 14, 0, 14, 0, -27, 34, 10, 29, 16, 13, 44, 1, 26, 18, -10, 42, 0, -6, 36, -18, 23, 1, 13, 41, 4, 18, 10, 17, 46, 0, -7, 42, 23, 25, 1, 27, 3, 9, 17, -8, 27, 10, 32, 23, -4, 42, 0, 2, -13, 28, 11, 16, 24, 0, 7, 21};
weights_linear_ih[19] = {20, 46, 15, 24, 0, -15, 0, 40, -8, 11, 30, 10, 17, 71, -30, 0, 3, 9, 6, 0, 34, 64, 36, 35, -7, -34, 31, 1, 64, 12, 5, 7, 0, 25, 1, 28, 23, 2, 49, 42, 40, 4, -12, 13, 0, 0, 18, -11, 27, 21, 33, 37, -3, 19, 7, 19, -1, -31, -2, 36, 5, 3, 0, 29, 11, 14, 9, -15, -2, 0, -3, 29};
weights_linear_ih[20] = {26, 53, -2, -1, 0, 16, 0, 27, 46, 75, 50, 8, 2, 38, 25, 0, 1, 25, 27, 0, -10, 18, 1, 52, 68, -2, -17, 69, 28, 16, 7, 30, 0, 14, -15, 1, -8, -6, 1, 56, 10, 7, -7, 36, 24, 0, -16, 12, 25, 12, 19, 31, 20, 32, 61, 12, -21, -2, 16, 48, 12, 7, 0, 46, 27, 19, 15, 49, 22, 0, 32, 62};
weights_linear_ih[21] = {-14, -9, -28, 19, 0, 7, 0, 24, 31, -8, 24, 78, -4, -13, 1, 0, 7, 37, 19, 0, -31, -23, -7, -24, -16, 43, -32, -4, -37, 30, -5, 50, 0, 13, -7, 22, -2, -3, -18, 25, -38, 34, 28, 26, 90, 0, -6, 82, 65, 16, -23, 27, -33, 10, 76, 8, 3, 31, 54, -23, 21, 6, 0, 7, -1, 47, -5, -3, 73, 0, -2, 35};
weights_linear_ih[22] = {43, -21, 58, 64, 0, 13, 0, -18, -28, -34, 21, -14, 12, -2, 68, 0, 46, -19, 10, 0, 17, 50, 81, 9, -48, -32, 27, -30, 17, -21, -15, -57, 0, 31, 42, -25, 25, 94, 3, 25, 10, 35, 12, -42, 3, 0, 36, -10, 11, 5, 8, 26, 19, -27, -10, -2, 62, -6, 53, -8, -10, 35, 0, -49, 16, -2, 26, 22, -14, 0, -28, 34};
weights_linear_ih[23] = {10, -12, 21, -29, 0, 40, 0, 54, -14, -8, -10, -35, 25, 19, 59, 0, 26, 60, -6, 0, 64, 9, -16, 19, 37, 20, 33, -1, 1, 29, 31, 64, 0, -2, 13, 90, 13, -17, 41, -14, 26, -11, -13, 31, -12, 0, 5, -2, -34, 22, 6, 6, 9, 56, -4, 57, -15, 10, 25, 36, 6, 8, 0, 34, 41, 36, 10, -10, 10, 0, 4, -12};
weights_linear_ih[24] = {30, -9, -22, 28, 0, 16, 0, 38, 34, 18, 9, 8, -4, -14, 15, 0, 16, 34, 41, 0, 7, 34, -1, -21, 41, -12, -14, 45, -39, 3, -8, 49, 0, 41, 39, 12, 36, 12, -17, 16, 25, -9, 5, -6, 47, 0, 22, 35, -11, 34, 21, -7, -5, 29, 33, 44, 23, -16, 21, 30, -10, 0, 0, 19, 3, 21, 2, -4, -20, 0, 11, 9};
weights_linear_ih[25] = {49, -6, 12, 41, 0, 35, 0, 10, 13, -4, 14, -7, 2, 36, -1, 0, 30, 22, 27, 0, 21, 40, 26, 33, -8, 3, 38, 6, 66, -2, 70, 30, 0, 10, 38, 34, 43, 13, 10, 14, 50, 57, 67, 5, 23, 0, 29, 29, 10, 50, 17, -8, 54, 13, 6, 21, 51, -14, 28, -27, -15, 67, 0, 12, 5, 26, 12, -4, 26, 0, 13, -6};
weights_linear_ih[26] = {33, 26, -6, 12, 0, 48, 0, 41, 5, -18, -17, 44, 24, 51, 23, 0, 5, 35, -5, 0, 40, -16, -10, 21, 23, -23, 81, -25, 48, 47, 45, 77, 0, -9, 31, 90, 13, 28, 65, 4, 85, 42, 10, 24, 33, 0, 23, 26, 10, 20, 15, -23, 29, 54, 14, 57, 43, 5, 22, 2, 26, 22, 0, 29, 29, 95, -34, -8, 26, 0, 14, 26};
weights_linear_ih[27] = {14, 29, 3, 27, 0, 40, 0, 73, -18, 7, 20, 22, 3, 16, 21, 0, 21, 34, 37, 0, 53, 10, 4, 45, 35, 31, 21, -15, 16, 52, 35, 51, 0, -7, 25, 45, 31, 34, 40, -3, 56, 34, -7, 10, 34, 0, 14, 29, 22, 14, 9, -1, 9, 64, 36, 4, 26, 53, 6, 13, 47, 37, 0, 11, 12, 1, 25, 21, 78, 0, -11, 15};
weights_linear_ih[28] = {-13, 22, -59, 0, 0, 16, 0, 6, 14, -9, 67, 3, 18, -43, -11, 0, -51, 1, 9, 0, -33, -32, -33, -41, -24, -7, 9, 15, -46, 0, 10, 61, 0, 39, 19, 8, -5, -45, -16, 20, 11, 19, 25, -3, 50, 0, 13, 26, -8, 7, 5, 60, 13, 12, 61, 32, 1, -30, 32, 20, -10, 14, 0, -4, 22, 29, 35, -16, 16, 0, 8, 11};
weights_linear_ih[29] = {33, 2, 53, 31, 0, -2, 0, -13, -13, -34, -32, 49, -7, 2, 13, 0, 5, 18, 17, 0, 19, 29, 21, -11, 9, 23, 33, -40, 21, 1, 24, -4, 0, -43, -10, 6, -2, 22, 3, -46, 4, 23, 11, -14, 30, 0, 15, -4, 16, 10, 16, -19, 26, -3, 24, -11, 12, 33, 32, -13, -12, 15, 0, 22, -5, 12, -10, 3, 33, 0, -31, -28};
weights_linear_ih[30] = {43, 75, 19, 3, 0, -27, 0, -29, -16, -22, 5, -13, 12, 18, -13, 0, 20, -10, 16, 0, 13, 44, 29, 60, 1, -29, 11, 26, 52, -17, 5, -33, 0, 9, 28, -9, 23, 43, 22, 24, 10, 53, 11, 30, -9, 0, 35, 0, -17, 39, 39, 38, 44, 16, -29, 8, 21, -6, 5, 23, 10, 32, 0, 13, 15, 10, 70, 24, 1, 0, 64, 47};
weights_linear_ih[31] = {13, 31, -12, 63, 0, 30, 0, -7, 36, 27, 44, -25, -30, 0, -38, 0, 5, -9, 27, 0, -6, 37, 30, 33, 48, 18, 35, 42, 35, -31, 23, 14, 0, -4, 17, 26, 6, 41, -21, 24, 17, 48, 51, 19, 15, 0, 51, 45, 32, -3, -13, -10, 12, 32, 44, 46, 20, -6, -56, 13, -12, 27, 0, 67, -18, 66, 29, 36, 30, 0, 57, 15};
weights_linear_ih[32] = {37, -43, 26, 43, 0, 29, 0, -59, 1, -8, 15, -2, -16, 5, 60, 0, 53, -51, -15, 0, -14, 24, 74, 8, -38, -61, 43, -41, -2, -28, -16, 3, 0, 26, 39, -24, -11, 64, -25, -14, 9, 4, 34, -48, -21, 0, 67, 15, 14, 24, 13, 3, 25, -37, -1, 7, 31, -32, 37, -12, -45, 52, 0, 10, -1, 52, 17, -29, -10, 0, -34, -4};
weights_linear_ih[33] = {-6, 20, 4, -6, 0, 23, 0, 73, 35, 44, -14, -5, 50, 40, -33, 0, -8, 34, 25, 0, 54, 13, -3, 16, 11, 2, 0, 19, 54, 77, 59, 20, 0, 25, 5, 36, 10, 24, 65, 14, 12, -10, 3, 36, 6, 0, -26, -13, 22, 12, 70, 12, 33, -10, -12, 10, -26, -15, -37, 21, 66, 71, 0, 30, 30, -19, 34, -9, -6, 0, -8, 27};
weights_linear_ih[34] = {8, -10, -38, 44, 0, 61, 0, 21, 22, 22, 29, -34, 12, 20, -45, 0, -12, 7, 3, 0, 8, 31, 53, 29, 51, -22, 13, 36, -10, -4, 57, 1, 0, 35, 92, 26, -5, 18, 1, -2, 18, 21, 68, -7, -5, 0, 30, 8, 22, 55, -7, 20, 43, 22, -14, 36, 3, -68, -31, 25, -15, -15, 0, 29, 13, 35, 23, -24, -25, 0, 69, 23};
weights_linear_ih[35] = {15, -9, -44, 27, 0, 17, 0, -2, 22, -10, -1, -9, -6, 0, -14, 0, -43, 21, 4, 0, 0, 15, -4, -24, 28, 4, -6, 30, 13, -26, 0, 13, 0, -22, 23, 8, -8, 2, -27, 5, -8, -26, -10, 61, 23, 0, 20, 26, -5, 29, -15, -19, -6, -22, 37, 1, 17, 36, -12, -10, -43, -2, 0, 17, -10, 24, 15, 13, 7, 0, -13, 28};
weights_linear_ih[36] = {48, 28, -16, 60, 0, 16, 0, -6, 22, 29, 14, -8, 19, 2, 5, 0, 8, 12, 2, 0, -18, 41, 57, 16, 7, -2, -12, 10, 24, -3, -21, -4, 0, 8, 31, 10, -5, 34, 10, 16, -15, 1, 47, -12, 6, 0, 17, 37, 4, 36, 11, 20, 57, -21, 10, 20, 19, 3, 32, 19, -6, 8, 0, 30, 12, -4, 25, -9, -10, 0, 33, 2};
weights_linear_ih[37] = {10, 33, -11, 26, 0, -9, 0, 12, 14, 0, 51, 50, 45, 17, 6, 0, -26, -21, -17, 0, 17, 19, 30, -13, -11, 11, 13, 25, 36, 40, -6, 7, 0, 28, 25, 25, 7, 28, 23, 38, 15, 64, -11, 50, 38, 0, -3, -31, 19, 24, 4, 77, -12, 26, 1, 9, 7, -62, 15, 23, 32, 26, 0, -14, 47, 15, -5, -8, 5, 0, 29, 38};
weights_linear_ih[38] = {16, 43, -38, 22, 0, 20, 0, 45, 42, 39, 38, -8, 12, -21, 36, 0, -29, -19, 2, 0, 25, -12, 15, -22, 3, 17, 1, 39, -4, 28, -3, 99, 0, 9, 8, 26, 35, -16, -12, 36, 25, -3, 22, 29, 55, 0, -2, -16, 10, 17, 17, 28, 13, 48, 44, 21, 12, -16, 24, 30, 2, 24, 0, 31, 21, 23, 9, 30, 28, 0, 30, 4};
weights_linear_ih[39] = {25, 10, -12, -7, 0, 12, 0, 39, 20, 2, 23, -12, 21, 35, 20, 0, 20, 43, 20, 0, 20, 27, -19, 46, 50, 35, -5, 2, 16, 40, -13, 16, 0, 3, -9, -3, -5, -30, 27, 33, -26, -22, -1, 46, 14, 0, -32, 27, 8, 27, 5, 16, -7, 19, 18, -5, -3, -14, 44, 35, 54, 24, 0, 22, 40, -9, -5, -15, 12, 0, 1, 67};
weights_linear_ih[40] = {54, 25, 18, 32, 0, 25, 0, 19, 28, 25, 16, -10, -3, 36, -8, 0, 5, 20, 26, 0, 35, 6, 18, 13, 14, 4, 20, 23, 26, 16, 1, 17, 0, 19, 37, 45, -7, 15, 25, 8, 13, 22, 34, 16, 23, 0, 25, 16, 21, 39, 10, 12, 52, 30, 5, 45, 43, -15, 1, 3, 15, 40, 0, 42, 3, 20, 26, -6, 19, 0, 17, 17};
weights_linear_ih[41] = {40, -18, -21, 32, 0, 21, 0, 0, 17, 32, -8, -33, -5, -23, -5, 0, -5, 59, -2, 0, -5, 19, 16, 21, 22, 21, 27, 9, -25, -20, -18, 16, 0, -1, 48, 9, -17, 13, -3, 34, 26, -22, 46, 5, 2, 0, 39, 35, 9, 43, 10, -2, 43, -16, 0, 27, 27, 1, 27, -22, -21, -4, 0, 44, -2, 58, 24, -12, 2, 0, 14, -15};
weights_linear_ih[42] = {9, 36, 6, 21, 0, 45, 0, 17, -12, 34, 34, 30, 10, 6, 9, 0, -2, -13, 41, 0, 26, 31, 38, 25, 4, 24, 33, 12, 16, 2, 49, -2, 0, 8, 28, 39, 29, 30, 7, -1, 36, 33, 7, -17, 27, 0, 42, 13, 30, 32, 29, 35, 18, 30, 16, 64, 46, 13, -1, 35, -21, 62, 0, 56, 0, 23, 26, 2, 22, 0, 8, -2};
weights_linear_ih[43] = {-33, -69, 23, -17, 0, 13, 0, -32, -8, -30, -29, 20, 31, -18, 42, 0, 40, -10, -17, 0, 12, -18, 1, -4, -35, 24, 43, 4, -41, 3, 7, -5, 0, -9, 24, 1, 30, 7, 10, -21, 42, 17, -18, -9, 11, 0, 38, 40, 2, 26, -30, 10, 17, 38, 1, 24, 19, 20, 59, -25, 2, 1, 0, 41, 28, -6, -10, -14, 37, 0, -43, -30};
weights_linear_ih[44] = {34, 15, -35, 14, 0, 21, 0, 22, 38, 34, 35, 22, 43, -14, 45, 0, -26, -21, -15, 0, -15, 9, 1, -18, 17, -25, 56, 44, -38, 1, 45, 6, 0, 34, 18, 20, 44, 11, -14, 30, 96, -28, 7, -10, 25, 0, 47, 0, -41, 38, 21, 73, 14, -10, -18, 12, 13, -17, 4, 15, -19, 3, 0, -2, 17, 56, 14, -5, 11, 0, 25, -20};
weights_linear_ih[45] = {-46, -3, 13, 8, 0, 6, 0, 35, 19, -1, 8, 37, 1, -11, 45, 0, 21, 25, 23, 0, -3, 19, -6, -20, 9, 10, -1, -10, 25, 4, 14, 46, 0, 16, -8, 11, 62, -13, -4, 4, 41, 18, -42, -1, 34, 0, -5, 28, 6, -20, -44, 23, -3, 45, 11, 13, -22, 10, 22, 7, 35, -24, 0, 10, -2, 3, -12, 80, 16, 0, -15, 15};
weights_linear_ih[46] = {0, 40, -33, -12, 0, 27, 0, -5, -5, 37, 57, 35, 13, -17, -28, 0, -20, -29, -13, 0, 31, 9, 14, -10, -8, -25, -15, 20, -24, -6, 42, 4, 0, 56, 43, 19, 13, -20, 4, 57, 54, 21, 20, 23, -19, 0, -16, -10, 19, 5, 8, 46, 3, 23, -17, -7, -18, 33, 8, 22, 26, -7, 0, -15, 31, 24, 50, 8, -33, 0, 53, -9};
weights_linear_ih[47] = {25, 77, -9, 32, 0, 23, 0, 21, 30, 10, 22, 14, 8, -5, -19, 0, -14, 16, 24, 0, 31, 11, 2, 4, 7, 61, 31, 61, -2, 13, 20, 19, 0, 9, 35, 28, -11, -1, 8, -1, 30, 15, 27, 34, 48, 0, 23, 51, 32, 19, 16, 24, 10, 37, 49, 28, 45, 13, -31, 31, 30, 36, 0, 25, -1, 20, 44, 35, 18, 0, 51, 5};
weights_linear_ih[48] = {-26, 16, 15, 2, 0, 36, 0, 41, 20, 22, 38, 3, -11, 1, 21, 0, 23, 3, 2, 0, 31, 4, 5, 25, 2, 20, 5, 53, -20, 17, -30, -39, 0, 30, 20, -9, -4, -3, -9, 27, 17, -3, -8, 36, -19, 0, 11, 19, 30, 12, 3, 43, -23, 21, 25, 33, 6, 42, 21, 36, 24, -3, 0, 30, -2, 6, -11, 42, -24, 0, 21, 22};
weights_linear_ih[49] = {23, 44, -29, -14, 0, 46, 0, 51, 12, 32, 18, -7, 27, 27, 19, 0, -18, 20, 24, 0, 44, -11, -28, 13, 58, 6, -2, 29, -1, 32, 20, 9, 0, 29, 17, 25, 7, -20, 31, -11, 26, 5, 16, 64, 10, 0, 3, 13, 36, 5, -5, 18, 5, 16, 1, 24, -12, 25, 19, 19, 52, 5, 0, 9, 48, -7, -5, 20, 13, 0, 20, 5};
weights_linear_ih[50] = {42, 0, 13, 45, 0, -18, 0, 1, 5, -3, 41, 10, -47, -43, 45, 0, 18, -3, 19, 0, -9, 12, 33, -1, -9, 32, 73, 8, -1, -17, -25, -40, 0, -4, 6, -41, 0, 35, -23, 21, 38, 47, 46, -16, 0, 0, 88, 16, -4, -8, -34, -3, 33, 18, 25, 17, 63, 32, 22, 6, -29, -15, 0, 50, -33, 9, 55, 29, -15, 0, 29, 40};
weights_linear_ih[51] = {-16, 17, 2, -8, 0, 20, 0, 49, 6, 68, 26, 31, 16, 53, 32, 0, 11, 60, 7, 0, 0, 2, -13, 31, 62, -8, 11, 39, 6, 5, 14, 59, 0, 3, 35, 32, -14, -27, 34, 11, -11, 8, -26, 10, 45, 0, -13, 7, -16, 9, 8, 19, 20, 26, 11, 39, 8, -13, 13, 23, 8, 2, 0, 55, 31, 22, -11, -2, 15, 0, -17, 19};
weights_linear_ih[52] = {24, -7, -51, 7, 0, 3, 0, -12, 26, -12, 44, -15, -21, 1, -23, 0, -43, 1, 39, 0, -10, -20, -2, 3, -1, 30, 57, 35, -21, -17, 12, 34, 0, 48, 34, 22, 13, -21, -8, 71, 35, 22, 33, 2, 22, 0, 35, 47, 28, 2, -30, 7, 45, 8, 59, 46, 16, -8, 0, 9, -2, -27, 0, 30, -2, 37, 41, 36, 16, 0, 36, 25};
weights_linear_ih[53] = {-7, 15, -41, -7, 0, 46, 0, 15, 13, 66, 36, 20, -20, -34, -7, 0, -18, 23, 28, 0, -22, 17, 14, -52, 69, 9, -25, 39, -28, 8, -7, 54, 0, 47, 18, 3, 1, 25, -26, 55, 30, 9, -11, 19, 10, 0, -14, 35, 2, 27, -45, 26, 13, 39, 31, 20, 6, 2, 18, 13, 38, -25, 0, 23, -6, -16, 32, 6, 13, 0, 2, -11};
weights_linear_ih[54] = {7, 19, 8, 31, 0, -35, 0, 2, 58, 7, -7, -14, -21, 18, 12, 0, 5, -40, -1, 0, 22, 18, 44, 33, 10, 12, 12, 11, 27, -1, -25, 45, 0, -40, 11, 22, 1, 1, 2, 40, -4, 46, 22, 12, 54, 0, -1, 25, 47, 18, 38, 14, 4, 45, 18, 34, 47, 24, -6, 1, -6, 51, 0, 57, -15, 12, 39, -11, 25, 0, 8, 5};
weights_linear_ih[55] = {16, 5, 35, 39, 0, -3, 0, -41, -5, 6, 45, 51, -4, -13, 49, 0, 25, 50, 15, 0, -36, 55, 49, 40, -12, -22, 48, -24, 17, -9, 29, -2, 0, 51, 34, 7, 24, 32, -1, 37, 12, 60, 39, 13, 21, 0, 50, 47, 23, 34, -15, 45, 55, 28, 21, 62, 54, 5, 29, -10, -2, 7, 0, 40, 4, 11, 40, 36, 25, 0, 7, 30};
weights_linear_ih[56] = {22, 34, 9, 34, 0, 15, 0, 5, -1, -4, 48, -3, 0, 4, 50, 0, 27, 22, 28, 0, -13, 43, 59, 18, 0, -7, -22, 22, 20, 3, -11, -54, 0, 60, -3, -10, -7, 43, -16, 50, -7, 2, 3, 7, -15, 0, 10, 20, 16, 22, -2, 71, 16, -48, 5, -31, -40, 6, 25, 21, -35, -23, 0, -14, -12, -5, 42, 46, -17, 0, 25, 30};
weights_linear_ih[57] = {-1, 11, 5, 4, 0, 38, 0, 5, 13, 1, 45, 20, 7, -14, 16, 0, 6, 42, 57, 0, -7, -25, -10, -8, -5, 1, 28, 34, -17, 20, 44, 5, 0, 55, 11, 29, 6, 3, 4, 16, 15, 6, 41, 30, 0, 0, 22, 53, 1, 17, -2, 32, 36, -2, 24, 36, 24, 18, 17, 31, 36, -4, 0, 17, 26, 30, 31, 23, 8, 0, 26, 23};
weights_linear_ih[58] = {18, 6, -20, 8, 0, 30, 0, 24, 6, 9, 9, 6, 15, -5, -30, 0, -41, 34, 21, 0, 10, -28, 5, -20, 0, 32, 1, -1, -30, 7, 43, 11, 0, 8, 54, 36, -1, -27, -6, 11, 36, 6, 32, 31, 23, 0, 32, 37, 1, 66, 12, 20, 5, 25, 5, 54, -4, 15, -1, 14, 16, -5, 0, 49, 19, 16, 35, -13, 8, 0, 49, -12};
weights_linear_ih[59] = {26, 34, -51, -7, 0, 26, 0, 71, 13, 30, 58, -20, -1, -2, 35, 0, -31, 41, 57, 0, 0, -24, 13, 23, 36, 5, 37, 17, -27, 9, 24, 45, 0, 28, 53, 28, -9, 21, 19, 18, 4, -13, 9, 11, 14, 0, 30, 48, 23, -8, 10, 18, -18, 10, 27, 36, -5, -30, 27, 51, 28, -18, 0, 23, 22, 28, 49, 13, 11, 0, 60, 35};
weights_linear_ih[60] = {18, 13, -1, 16, 0, 72, 0, 23, 41, 52, 17, -4, -3, -8, 9, 0, -2, 44, -2, 0, 23, 24, 25, -17, 61, -4, 43, 42, 0, -3, 39, 6, 0, 16, 81, 52, 12, 27, 1, 12, 37, 1, 52, 2, 21, 0, 58, 14, 12, 47, 3, 12, 59, 6, 7, 83, 62, -14, 9, -4, 7, 52, 0, 58, 5, -10, 9, -11, 8, 0, 25, -6};
weights_linear_ih[61] = {62, 54, 17, 23, 0, 17, 0, 10, 31, 41, 44, -6, 32, 58, 15, 0, 31, -13, 32, 0, 16, 47, 23, 42, -13, -11, 31, 22, 77, 7, 22, -60, 0, -2, 43, 40, 4, 28, 30, 23, 34, 20, 36, 15, -27, 0, 42, 0, 30, 12, 13, 26, 15, -15, 11, 7, 27, 19, -15, 16, 15, 41, 0, 29, 25, 31, 38, 14, -29, 0, 59, 23};
weights_linear_ih[62] = {60, 41, -6, 50, 0, 35, 0, 32, 56, 20, -8, -22, 28, 63, -34, 0, -30, 1, -2, 0, 31, -2, 19, 12, 32, 24, 25, 16, 28, 10, 11, 16, 0, 11, 35, 68, 0, 32, 58, 23, 47, 2, 38, 22, -31, 0, 32, 11, 2, 47, 6, 20, 56, -16, -12, 72, 49, -10, -17, 43, 33, 44, 0, 37, 52, 16, 52, -10, -2, 0, 41, 1};
weights_linear_ih[63] = {-15, 21, -45, 23, 0, 48, 0, 20, 50, 23, 50, -30, -21, -20, -35, 0, -29, -10, 27, 0, -35, 13, 35, -19, 16, 19, 52, 77, -9, -14, 13, 24, 0, 52, 34, -14, 29, 16, -23, 30, 36, 22, 18, 2, 9, 0, 10, 31, 48, 45, -22, 53, -12, -8, 24, 32, 11, -15, -23, 1, -12, 25, 0, 65, -30, 39, 30, -6, 8, 0, 52, 15};
weights_linear_ih[64] = {37, 31, 14, -21, 0, 31, 0, 4, -12, 46, 19, 18, 27, 23, 53, 0, 40, 41, 35, 0, -45, -12, -24, -2, 22, -3, -17, -9, 16, -27, 30, -26, 0, 28, 35, 19, -23, -6, 20, 3, -11, 12, 6, 13, 15, 0, 1, 24, -1, -5, 30, 47, 21, -18, -29, 22, -8, 33, 23, 27, -4, 10, 0, -17, 44, 2, 10, 6, -14, 0, 33, -4};
weights_linear_ih[65] = {13, 4, 5, 9, 0, 3, 0, 21, -20, 18, 48, 35, 9, 14, 15, 0, 8, 8, 32, 0, 2, 68, 18, 33, 28, 33, -36, 9, 43, 28, -31, 12, 0, 12, 7, 12, -28, 33, 5, 17, -3, 31, -7, 34, 20, 0, 6, -15, -8, -22, 48, 38, 6, 35, 36, 3, -35, 55, 2, 36, 29, -13, 0, 5, 15, -54, 23, 23, 28, 0, -8, 37};
weights_linear_ih[66] = {47, 8, -16, 8, 0, 5, 0, 81, 39, 46, 4, 3, 26, 50, -22, 0, -14, 25, 31, 0, 15, 19, 1, -12, 53, 15, 22, 12, 44, 24, 29, 45, 0, -10, -2, 10, -3, 5, 24, 3, 66, -9, 17, 38, 26, 0, 8, 9, -2, -14, -10, 10, -4, 8, 9, 12, -13, -21, -37, -10, 52, 4, 0, 23, 18, 38, -21, 32, 4, 0, 28, -6};
weights_linear_ih[67] = {38, 21, 1, 26, 0, 20, 0, 15, 33, 20, 23, 2, -10, 25, 21, 0, 19, 21, 33, 0, 30, 21, 22, 31, 26, 33, 28, 0, 22, 11, 17, 41, 0, 3, 39, 31, 7, 3, 20, 18, 24, 20, 30, 25, 37, 0, 28, 8, 21, 29, 9, 10, 32, 40, 27, 35, 40, 11, 22, 18, 14, 42, 0, 27, 13, 28, 12, 25, 26, 0, 24, 33};
weights_linear_ih[68] = {17, 59, -17, 19, 0, 64, 0, -7, 39, 23, -1, -45, -48, -19, -30, 0, -2, 2, 33, 0, -10, 6, 22, 1, 50, 22, 97, 78, -15, -10, 12, -7, 0, -6, 65, 5, -11, -17, -29, 1, 89, 30, 9, 16, -8, 0, 40, 22, -3, 39, -23, -18, 46, 5, 32, 37, 23, -9, -32, 23, -22, 35, 0, 46, -52, 47, 14, 11, 20, 0, 9, 7};
weights_linear_ih[69] = {30, -7, 23, -5, 0, 6, 0, 12, 24, 2, -9, 28, -13, 18, 20, 0, 29, 22, 15, 0, 37, 21, -1, 7, 4, 10, -18, -1, 23, 45, 12, 27, 0, 25, 31, 20, -2, -2, 34, 9, -12, 11, -10, 31, 24, 0, -23, 29, 11, -7, 19, 3, 48, 44, -6, -15, 11, 69, 18, -4, -8, 9, 0, -11, 9, -18, 13, 40, 43, 0, -16, 14};
weights_linear_ih[70] = {19, 21, -5, 40, 0, -3, 0, 17, 45, 12, 55, 29, -4, 11, -3, 0, -14, -6, 40, 0, -9, 20, 5, -13, -12, 25, -16, 53, 5, -8, 22, 47, 0, 58, 3, -4, 2, -2, 10, 25, -10, 43, -16, 36, 32, 0, 36, 4, 34, 15, 7, 38, 13, 29, 30, 10, 2, -26, -4, 27, -17, 14, 0, -2, -11, 30, 63, 15, 53, 0, 53, 18};
weights_linear_ih[71] = {85, 84, -23, 41, 0, 10, 0, 0, 23, 25, 16, -12, 12, 27, 21, 0, -4, -17, 16, 0, -35, 26, 65, 44, 25, -31, 30, 24, 50, 1, 73, -23, 0, -7, 70, 22, -23, 31, 6, 9, 15, -22, 24, 11, -76, 0, 45, -7, -16, 28, 52, 43, -18, -67, 8, -14, 21, 35, -22, 19, -14, 52, 0, 22, 29, 27, 42, 4, -28, 0, 56, 9};
weights_linear_ih[72] = {8, -12, 26, -27, 0, 9, 0, -5, -27, -20, 3, 36, 35, 12, 47, 0, 15, -21, 16, 0, -25, -16, 30, 21, -3, -65, -39, -8, -16, -29, 11, -36, 0, 23, 3, 21, 3, -3, 32, 4, -36, 14, 6, -25, -21, 0, -15, 16, -21, -27, 11, 31, 39, -9, -11, -19, -28, 14, 28, 1, 25, 8, 0, -65, 38, -7, -7, 9, -18, 0, -14, 20};
weights_linear_ih[73] = {37, -7, -68, -3, 0, 2, 0, 21, -33, -14, -41, -75, -2, 16, -100, 0, -119, 8, -20, 0, -27, -22, -1, 25, -6, -50, 17, -3, 29, -31, 25, 21, 0, 12, 11, -7, -13, -15, 12, -59, -12, -41, -24, -42, -17, 0, -2, -5, -72, -21, 68, -24, -1, -1, -50, 33, 28, -76, -49, 12, 27, 49, 0, -18, 20, -9, -18, -69, -34, 0, -15, -62};
weights_linear_ih[74] = {10, 32, -20, 21, 0, 19, 0, 21, -2, 21, 39, -17, 47, -24, 17, 0, 0, 29, -20, 0, -16, -12, 14, 38, -32, -24, 34, 8, -27, 30, -12, 1, 0, -2, 10, -18, 14, 33, 10, 19, 41, -36, 8, -24, -33, 0, 26, 8, -33, 1, 59, 32, 24, -4, -15, 1, 7, 17, 8, 24, -7, 32, 0, 3, 30, 16, 11, 42, -48, 0, 34, -19};
weights_linear_ih[75] = {16, -4, -44, 49, 0, 21, 0, 32, 22, 27, 10, 0, 14, -8, -34, 0, -47, 51, 3, 0, 57, 42, -15, -17, 9, 4, -8, 25, 1, 21, 10, -4, 0, -5, 57, 48, 20, 31, 34, -5, 46, -48, -9, 22, -10, 0, 41, -12, -25, 59, 18, 8, 23, 31, 17, 26, 14, -28, -29, -26, 0, 60, 0, 19, 25, 50, 1, -45, -6, 0, 0, -18};
weights_linear_ih[76] = {22, -13, -18, 26, 0, 36, 0, -2, 27, 31, 18, 15, 11, -48, -12, 0, -17, 31, 33, 0, 17, 19, -23, 5, 3, 15, 13, -7, -21, -14, 36, 2, 0, 1, 23, 36, -18, -4, 25, 32, 53, -9, 33, -25, 39, 0, 28, 25, 4, 42, -4, -10, 4, 4, 39, 24, 50, -30, 2, 7, 26, 26, 0, 24, 20, -7, 46, -2, -55, 0, 22, 17};
weights_linear_ih[77] = {20, 12, 3, -42, 0, 0, 0, -20, 2, -11, 13, -70, 37, 3, 15, 0, -1, 6, -11, 0, -10, 10, -26, -9, -20, -4, 34, -11, -21, -36, 54, 8, 0, -19, -3, 29, 28, 9, 25, 41, 20, -14, -9, 1, 8, 0, 10, 15, -34, -14, 33, 23, -14, -23, -9, 16, 15, -8, 24, 7, 29, -9, 0, -14, 27, 0, 34, 7, -22, 0, 25, 42};
weights_linear_ih[78] = {-34, -26, -18, -5, 0, 22, 0, 34, -32, 7, -15, -13, 11, 5, 14, 0, -28, 9, -25, 0, 15, -31, 18, -26, -12, 22, 39, -4, -20, 21, 52, 69, 0, -2, -6, 42, 13, -3, 30, -30, 25, -11, 5, -24, 16, 0, 46, -4, -2, 10, -7, -23, 30, 76, 27, 19, 8, 37, -32, 10, 36, 38, 0, 6, 14, 2, -42, -9, 34, 0, -27, -5};
weights_linear_ih[79] = {20, 30, -22, 16, 0, 6, 0, 50, 42, 20, -1, -26, -16, 16, -17, 0, -6, 41, 15, 0, 35, 19, 2, -2, 16, 15, -3, 55, 0, -6, -16, 15, 0, -2, 22, 25, -27, 2, 20, 7, 18, -10, 32, -1, -7, 0, 9, 11, 19, 4, 21, -2, 12, 17, -8, 29, 38, -19, -25, 14, 30, 45, 0, 3, 6, -17, 13, 8, 5, 0, -20, 6};
weights_linear_ih[80] = {-36, 9, -4, -52, 0, 10, 0, 14, -52, 15, -36, 4, 27, -31, -28, 0, -36, -10, -32, 0, 17, -50, -27, -9, -21, -16, -34, -26, -6, 7, 37, -42, 0, 11, -8, 16, -4, 4, -11, -8, -16, -60, -51, -4, -29, 0, -5, -26, -43, -45, -9, 32, -44, -33, -58, -37, -34, -11, -12, -1, 21, 18, 0, -23, 13, -25, -49, -30, -22, 0, -3, -37};
weights_linear_ih[81] = {5, -13, -31, 59, 0, -36, 0, -42, 30, 20, -17, -6, -46, -28, -25, 0, -27, 10, -1, 0, -18, 21, 28, -2, 13, -26, -21, 24, -7, -40, -6, -15, 0, 2, 16, -25, 13, 21, -30, 7, -6, -19, 24, -6, -35, 0, 22, 8, -7, 4, -15, -12, 8, -19, -9, 25, 7, 6, 9, -37, -51, 2, 0, 12, -34, -27, 30, -32, -16, 0, 21, 5};
weights_linear_ih[82] = {-26, 20, -42, -16, 0, 7, 0, -29, 25, -20, -24, -28, -2, -41, 45, 0, 31, 24, -23, 0, 15, -20, -25, -5, 4, -1, 7, 7, -37, -47, 17, 9, 0, 8, 4, 20, 47, -10, -27, 20, 57, -16, -1, -22, 29, 0, 2, 0, -15, -25, -26, 9, -33, -18, -5, 6, -32, -15, 38, -44, 5, 18, 0, 3, -8, 49, -9, -20, -21, 0, 8, 25};
weights_linear_ih[83] = {26, -5, -6, 43, 0, -18, 0, -13, 28, 12, 22, -2, -7, -10, -30, 0, 26, 20, -3, 0, -4, 47, 32, 33, -24, -14, -20, -9, 21, -2, -49, 13, 0, 6, 11, -29, -9, 0, 5, 41, -11, 0, 23, -57, -21, 0, 15, -6, -42, 22, 27, 12, 7, 18, 0, -12, 9, -3, 34, -37, -18, -4, 0, 0, 0, -20, 52, -9, 10, 0, 22, 8};
weights_linear_ih[84] = {66, -3, 22, 57, 0, 54, 0, 1, 13, 48, 54, 18, 20, 43, 7, 0, -29, 36, 18, 0, 52, 67, 57, 42, 63, 12, 65, 19, 26, 21, 12, 0, 0, -1, 66, 62, 63, 118, 6, 77, 62, 15, 39, 2, 23, 0, 121, 49, 19, 17, 59, 35, 51, 4, 27, 72, 49, 41, 32, 38, 5, 57, 0, 52, 29, 22, 42, 43, 36, 0, 66, 43};
weights_linear_ih[85] = {19, 26, 3, -6, 0, 8, 0, 22, -17, -14, -36, 41, 52, 18, 36, 0, 22, -37, -7, 0, 47, -22, 2, 24, -33, -20, 29, -18, 38, 3, 9, 1, 0, 10, 5, 20, 37, 1, 41, 11, -5, 30, 15, 18, -17, 0, 4, -15, 18, 9, 30, -2, 13, 49, -16, -14, -3, 28, 3, -17, 4, 62, 0, 21, 24, -2, -30, -23, 10, 0, 5, 0};
weights_linear_ih[86] = {21, 24, 20, 11, 0, -10, 0, -8, -18, -8, 5, 33, 20, -15, -23, 0, 3, 42, -13, 0, 36, -28, 0, -5, -4, -20, 18, -10, 4, -4, 7, -12, 0, 5, 16, 13, 33, -13, 55, 22, 13, -25, 6, 45, -8, 0, -6, 29, 13, -4, 14, 30, 37, 23, -22, 41, 21, -11, 8, 39, 36, -25, 0, -32, 34, -17, 19, 19, -4, 0, 35, 22};
weights_linear_ih[87] = {-13, 13, 26, -17, 0, -3, 0, 13, 2, 8, 3, -26, 42, -16, -18, 0, -26, 23, 6, 0, 22, -56, -32, -7, -5, 1, -24, 12, 8, 18, 5, 14, 0, 16, 29, -22, 7, 6, 20, -13, 19, -37, -35, -2, -34, 0, 8, 2, -82, 3, -10, 24, 23, 9, -61, -6, 25, -31, 6, 17, 3, -5, 0, -10, 23, -15, -50, -13, -49, 0, 37, 13};
weights_linear_ih[88] = {18, -4, -8, -3, 0, -21, 0, 12, -19, -17, 38, 17, -18, 12, 61, 0, 40, 21, -15, 0, -10, 8, 73, 56, -39, 23, 6, 1, 40, -20, -12, 19, 0, 12, -22, 10, -3, 33, 6, 47, 14, -14, -38, -10, 27, 0, -16, -5, 34, -10, 6, 44, -14, 8, 7, -8, -23, 19, -23, -9, -39, -1, 0, 6, -14, -14, -13, 34, -11, 0, -12, 27};
weights_linear_ih[89] = {-4, 39, -2, -36, 0, 21, 0, 20, -28, -2, -37, 46, 29, 22, -12, 0, 15, -65, -68, 0, 31, -7, -29, 40, -16, -20, -4, 1, -3, 0, 20, 19, 0, -9, 0, 13, 22, -72, 22, -18, 22, -27, -32, -18, -24, 0, -17, -59, -1, -4, 47, 36, 4, 35, -4, -29, -32, -13, -4, -29, -17, 6, 0, -18, 23, 3, 5, -52, 46, 0, 50, 4};
weights_linear_ih[90] = {6, -23, -7, -18, 0, -3, 0, 36, -12, 3, -24, -10, -37, 6, -22, 0, -26, 22, -37, 0, 47, 18, -48, -12, -22, -1, 11, -11, 28, 10, 1, 4, 0, -41, -14, 5, 35, -21, 8, -8, 20, -38, 4, -23, 32, 0, 20, -12, -20, 21, -35, -72, -1, 15, -47, 23, -2, -7, -3, -60, -10, 13, 0, -11, -31, -12, -34, -26, 45, 0, 9, 0};
weights_linear_ih[91] = {-6, 0, 32, -4, 0, 11, 0, 0, 19, 33, 13, 45, 4, 2, -7, 0, -36, -5, -27, 0, -14, 1, -14, 10, 3, -31, -9, 19, -11, -29, 6, 15, 0, 12, 40, -23, 0, 12, -7, -22, 15, -22, -11, 17, -9, 0, 15, -10, -18, 13, 27, -16, -6, -32, -32, 14, 21, 21, -6, 3, 6, 12, 0, 46, -2, 19, -9, 4, 6, 0, 16, 20};
weights_linear_ih[92] = {20, 16, 1, 14, 0, 33, 0, -26, 35, 30, -32, 2, -16, 24, -5, 0, -23, -23, -28, 0, -26, -6, -21, -17, 26, -43, 89, 1, -5, -77, 11, -51, 0, -18, 63, 46, -2, -8, 16, -7, 36, -8, 35, -39, 0, 0, 37, 33, -37, 91, 18, -9, -1, -42, -47, 88, 57, -22, -4, -8, 8, 88, 0, 90, -18, 61, 16, -34, -71, 0, 17, -20};
weights_linear_ih[93] = {-30, -20, -27, -19, 0, 2, 0, -1, -17, -25, -2, -3, -3, -41, 2, 0, -8, -3, -10, 0, -17, -31, -12, -2, -50, -38, -11, -25, -51, -24, 9, -21, 0, -6, -9, -14, -3, 17, -18, -3, -20, -25, -15, -59, -6, 0, -5, 4, -23, -29, -3, -3, -27, -9, -29, -14, -10, -21, 7, -23, -27, -10, 0, -31, 4, -8, -14, -19, -11, 0, -1, -9};
weights_linear_ih[94] = {25, 5, 1, 9, 0, 32, 0, 0, 48, -3, 24, -22, 38, 44, -34, 0, -32, -17, -19, 0, 34, -6, 13, 7, -19, -17, 42, 4, 16, 16, 35, 11, 0, 0, 31, 47, 5, 6, 21, 36, 37, 23, 39, -25, 16, 0, 43, 19, -9, 33, 76, 25, 19, -9, -3, 15, 49, -33, -3, -24, 11, 13, 0, 50, 31, 51, 24, 5, -51, 0, 60, 6};
weights_linear_ih[95] = {21, 20, 13, 0, 0, 59, 0, 46, -15, 27, 5, 8, 38, -5, -9, 0, -13, 46, 2, 0, 62, -12, 12, 26, 20, 29, -11, -19, -14, 49, 2, 33, 0, -29, 42, 61, 26, -17, 24, -55, 29, -15, 6, -5, -11, 0, 40, 10, -12, 11, 20, -7, -9, 12, -14, 8, -17, 6, -25, 18, 20, 35, 0, -13, 25, 21, -11, 33, -15, 0, 13, 17};
weights_linear_ih[96] = {-6, -19, 10, -9, 0, -27, 0, -33, -15, 2, 50, -23, -30, -76, 57, 0, 43, 7, 36, 0, -15, 5, 9, -14, 19, 9, -41, 33, -26, -47, -29, -17, 0, 22, -1, -48, 7, 13, -63, 43, -23, 8, -10, -22, 28, 0, -13, 8, 29, 0, -4, 24, -30, -11, 42, -26, -10, 3, 7, -13, -37, -43, 0, -15, -38, -30, 6, 41, 14, 0, 8, 17};
weights_linear_ih[97] = {3, 8, -9, 54, 0, -13, 0, -53, -28, -33, 20, -42, 3, -30, -18, 0, -18, -25, 21, 0, -47, 21, 2, -17, -34, -47, 21, 6, -35, -25, -1, 2, 0, 22, 9, -6, 15, 16, -43, 17, -8, 10, 42, -1, -12, 0, 28, -2, -11, 16, -35, 35, -19, 14, 26, 6, 13, 3, -5, 18, -55, 6, 0, -12, -23, 31, 24, -8, 19, 0, 12, 1};
weights_linear_ih[98] = {25, -2, -36, -29, 0, 16, 0, -5, 40, 42, -1, -32, 7, -40, 18, 0, -34, -8, -27, 0, -30, -25, 2, -4, 22, -3, -87, 45, -23, -24, 62, 9, 0, -1, 10, -24, -36, -12, -16, 10, 12, 3, -4, 11, -13, 0, -17, -15, 6, -28, 18, 8, 12, -39, -8, -30, -64, -6, -9, 31, -9, -9, 0, -23, 7, -54, 58, -21, -23, 0, 46, 13};
weights_linear_ih[99] = {-20, 8, 30, 29, 0, -14, 0, 30, -8, 23, -19, 35, 45, 19, 9, 0, -2, 25, -13, 0, 11, 19, 5, 6, -20, -2, 5, 5, 47, 28, -33, 10, 0, 29, -35, -1, 27, -3, 59, 15, 23, 8, -23, 23, -7, 0, 10, -21, -3, 8, 26, 10, 17, -16, -35, -15, -11, 0, 9, 8, 17, 10, 0, -9, 32, -18, -22, -29, 4, 0, 30, 20};
weights_linear_ih[100] = {-7, 9, -4, -32, 0, -10, 0, -52, -28, 18, 59, -32, -59, -50, 40, 0, 39, 27, 36, 0, 26, 5, 1, -13, 6, 10, -3, 30, -54, -55, -14, -4, 0, 38, -24, -2, 14, -4, -50, 77, -18, 5, 5, 17, 38, 0, 3, 37, 72, 12, -32, 18, 34, 19, 46, 17, -37, -31, 43, -10, -45, -30, 0, 2, -45, 13, 25, 61, 38, 0, 18, 22};
weights_linear_ih[101] = {-80, -11, -25, -58, 0, -10, 0, -2, -10, -40, -10, -1, -3, -66, 60, 0, 11, -21, -67, 0, 33, -53, -34, -62, 18, 18, -30, -48, -43, -7, 30, 7, 0, -33, -44, -11, 34, -13, -1, 14, 7, -25, -91, -1, 18, 0, -36, -56, -29, 4, -54, -1, -31, 42, 13, -25, -24, -47, 4, -51, -13, -4, 0, -14, -14, -15, -59, -34, 31, 0, -31, -34};
weights_linear_ih[102] = {28, -16, 30, -14, 0, -20, 0, 31, -29, -5, 11, -22, 15, 28, 24, 0, 31, -18, -26, 0, 34, 13, 47, -2, -3, -19, 20, -25, -1, 6, 24, -29, 0, 10, 9, -11, -6, 53, 23, -2, -18, -2, 11, -23, -34, 0, 10, -17, -20, 24, 9, 7, -13, -24, -35, -2, 3, -59, 36, 13, 26, 15, 0, -9, 21, 9, -6, 10, -12, 0, 21, 4};
weights_linear_ih[103] = {30, 10, -21, -7, 0, 40, 0, 22, 50, 30, -14, -31, 9, 39, -29, 0, -62, -6, -36, 0, 34, -9, 6, -26, -9, -12, 32, 29, -26, -15, 35, 0, 0, -10, 10, 21, 17, -29, 25, 4, 25, -47, -8, -5, -13, 0, 24, 27, 17, 5, 39, -41, -11, 0, -1, 0, 7, -10, -68, -38, -33, 43, 0, 34, -27, -32, 22, -40, 17, 0, 6, -15};
weights_linear_ih[104] = {-39, 12, 24, 27, 0, -8, 0, -32, 26, 15, 12, 14, -25, 11, 4, 0, -23, -26, 10, 0, -25, 26, 28, 18, -22, -1, -14, 8, 13, -20, 17, 13, 0, -3, -6, 5, -2, 23, -28, -11, 15, 17, 12, 1, -27, 0, 29, 24, 15, 16, 1, -4, -2, 6, 4, -10, -8, -8, -1, 13, -41, 22, 0, -5, -19, -13, 34, 7, 45, 0, 30, 41};
weights_linear_ih[105] = {-78, -37, -30, -21, 0, 14, 0, 21, -30, -9, -32, 31, -9, -32, 12, 0, -60, 6, -24, 0, 16, -36, -69, -40, 9, 20, -18, -15, -9, 10, 3, 32, 0, -60, -51, -38, -11, -38, -8, -25, -6, -17, -35, 4, 8, 0, -42, -22, -27, -39, -34, -28, -15, 29, 5, -31, -28, 37, 17, -34, 20, -2, 0, 3, -11, -15, -54, -1, 35, 0, -27, -53};
weights_linear_ih[106] = {16, -48, 49, 7, 0, -38, 0, -33, -13, -23, -6, -1, -26, 8, 61, 0, 62, -16, 31, 0, -65, 24, 27, -12, -31, -47, -42, -13, 6, -28, -13, -79, 0, 2, -12, -6, -32, 52, -16, 32, -45, 19, -8, -45, -11, 0, 35, 44, -11, 12, -37, -25, -4, -2, 14, 7, 31, 2, 72, -25, -21, -26, 0, 5, -5, -52, -12, 4, -7, 0, 16, -18};
weights_linear_ih[107] = {3, 22, -33, -55, 0, 4, 0, 24, -8, 38, 14, -39, -1, 5, -67, 0, -42, 26, 23, 0, 14, -35, -27, 9, 42, -9, -37, -8, 7, 22, -11, -12, 0, 4, -13, 27, -39, -2, 16, -12, -51, -57, -7, 24, 10, 0, -33, 5, 10, 0, -11, -15, -11, -18, 10, -13, -1, 15, -16, 10, 35, -38, 0, -27, 6, -47, -6, -11, -15, 0, 12, -9};
weights_linear_ih[108] = {-18, 23, 12, -20, 0, 13, 0, 27, 6, 10, -27, 0, 9, 9, -47, 0, 1, 16, 10, 0, 47, -11, -11, -11, 9, 12, 15, -22, 27, 20, 27, -26, 0, 16, -4, 0, 12, 1, 50, -29, 27, 13, 11, 3, -34, 0, 14, 10, -16, 12, -12, 2, 35, -18, -45, 6, 10, -7, 36, 4, 25, 2, 0, 25, 44, -11, -24, -40, -4, 0, -11, 24};
weights_linear_ih[109] = {17, 8, -5, -6, 0, -39, 0, 37, 17, 19, -16, 41, -11, -17, 7, 0, 31, -33, 26, 0, -52, 15, -9, 16, -41, 40, -7, 39, -7, 13, 5, 1, 0, 13, -14, -5, -52, -11, -26, -7, -39, 41, -18, 26, 36, 0, 13, 5, 53, 13, -12, -13, -54, 8, 58, 6, 1, 15, -14, 13, -20, -37, 0, -11, -23, -9, 33, 34, 1, 0, 30, 19};
weights_linear_ih[110] = {-85, -40, -44, -10, 0, -35, 0, 16, 11, -8, -36, 25, -44, -68, 34, 0, 11, 22, 1, 0, -55, -44, -35, -69, 21, 17, -15, -14, -16, -16, -54, 10, 0, -3, -85, -22, -22, -16, -48, -16, -108, -18, -27, -27, 19, 0, -67, 29, 12, -42, -51, -11, -84, 25, 40, -20, -12, 20, 28, -23, -30, -94, 0, 10, -64, -12, -35, 33, 29, 0, -48, -17};
weights_linear_ih[111] = {-20, -7, 47, -30, 0, -24, 0, 7, 13, -12, 72, 40, 17, -34, 78, 0, 58, -18, 47, 0, 6, -9, 17, 5, -29, 10, -51, 19, -23, 21, -18, -10, 0, 38, -11, -11, -24, 17, -6, 52, -46, 42, -3, 17, 30, 0, -47, -22, 11, -30, -5, 50, -57, 9, 47, -13, -34, 11, 26, 57, -14, -51, 0, -60, 8, -29, 22, 48, 42, 0, 39, 69};
weights_linear_ih[112] = {15, -17, 25, -1, 0, 18, 0, 12, -4, 18, -4, -42, -42, -26, 6, 0, 0, -39, 29, 0, 9, -17, -8, 30, -22, 6, 42, 8, -20, -26, 31, 35, 0, -30, -7, -8, -4, -6, -8, -5, 26, 2, -21, -56, -12, 0, -17, -25, -17, 18, 2, 30, -14, 14, -37, -20, -19, -42, 11, -34, -46, -8, 0, -18, -31, 16, -30, -26, -40, 0, -8, 0};
weights_linear_ih[113] = {2, -15, 22, 11, 0, -1, 0, 33, -24, -11, -14, 19, 40, -11, -14, 0, 33, 2, 3, 0, -15, -10, -4, -36, 31, 5, -18, 8, -6, 22, -3, 7, 0, 9, 25, -10, 11, 17, 15, -16, -9, -40, -17, 31, -3, 0, -20, 21, 10, 11, 8, 13, -21, 0, -21, -4, 15, 6, 21, 43, 9, 12, 0, -12, 36, 5, 1, -26, 11, 0, -5, -46};
weights_linear_ih[114] = {-13, -22, 2, 13, 0, -5, 0, -11, -9, 18, 6, -3, 8, 5, -2, 0, -21, -17, -27, 0, 17, 5, 24, -26, 8, 18, 11, -4, 5, 28, 26, 38, 0, -23, -25, 7, 13, -22, 2, -8, 11, 0, 4, -55, 25, 0, 31, -17, 9, 3, 22, -36, -4, 42, -14, -6, 0, 5, 7, -33, 16, 13, 0, -13, 0, -26, -7, -49, 50, 0, -20, -45};
weights_linear_ih[115] = {49, 72, -19, 28, 0, 11, 0, -36, 11, 7, 11, -45, -16, 1, 20, 0, -8, -41, -10, 0, 36, 4, 28, 31, 2, 19, 104, 49, 23, -41, 68, 32, 0, -1, 77, 15, 2, 3, -30, 64, 54, 3, 27, -22, -19, 0, 68, 8, 12, 11, 38, 51, 38, 2, 26, 22, 63, -17, -13, 11, -17, 37, 0, -15, -3, 66, 100, 16, 27, 0, 84, 28};
weights_linear_ih[116] = {-22, -14, 29, 22, 0, -25, 0, -46, 4, -19, 45, 6, -17, -17, 57, 0, 40, 4, 41, 0, -43, 10, 30, 22, -18, 4, -11, 21, 15, -28, 4, -10, 0, 1, -12, -33, -9, -55, -24, 39, -26, 18, -4, -20, -3, 0, 26, 34, 23, -24, -18, 6, 19, -8, 22, -14, 14, -26, 59, -13, -29, -34, 0, 1, -7, -3, -4, 6, 44, 0, -4, 24};
weights_linear_ih[117] = {-54, -25, 26, 9, 0, -11, 0, 4, -34, 30, 9, 42, -4, -55, 53, 0, 54, 30, 51, 0, -26, 22, 0, -6, 34, 25, -83, 3, 1, 4, 3, -49, 0, 26, -44, -24, 21, 28, -21, -2, -1, 23, -13, 7, 13, 0, 3, 4, 26, 4, -62, -13, 38, -39, 29, -20, -56, 50, 41, 9, 24, -69, 0, -6, -1, -67, -7, 30, 30, 0, -25, 26};
weights_linear_ih[118] = {5, -4, 25, -23, 0, 4, 0, -19, 7, 14, 30, 3, -30, -47, 46, 0, 68, 5, 34, 0, -49, -28, -9, -9, -27, 17, -8, -33, -7, 7, 7, 11, 0, -7, 2, -25, -65, -31, -29, 11, -33, 21, 22, 12, 41, 0, -8, -11, 19, 9, 20, -23, -37, -4, 46, 10, -26, 31, 22, -26, 2, -35, 0, -28, -37, -33, 0, 45, 43, 0, -12, 39};
weights_linear_ih[119] = {-42, -57, 11, -10, 0, -4, 0, 15, -13, -42, -30, 30, -47, -24, 55, 0, 50, 39, -29, 0, 5, -42, 6, -63, 19, 23, 22, -42, -29, 15, -21, 46, 0, -64, -22, -10, 2, 35, -18, 31, 14, 3, -18, -36, -9, 0, -12, -37, -22, 7, -16, -1, 29, 10, 8, 33, 23, -26, 24, -43, -40, -19, 0, -34, -47, 18, -20, 15, 48, 0, -4, 4};
weights_linear_ih[120] = {30, -26, 19, 105, 0, 9, 0, 8, 29, -34, 11, -12, 13, 24, -11, 0, 14, -22, 11, 0, 5, 54, 54, 6, -31, -4, 30, 4, 28, 22, 27, -1, 0, -17, -20, -15, -32, 75, 27, 5, 2, 41, 38, -23, 26, 0, 56, 8, -7, 17, -14, 15, 40, 9, 16, 7, 62, -11, -2, -6, 16, 23, 0, 7, 1, 1, 15, -9, 15, 0, -10, 7};
weights_linear_ih[121] = {-19, 14, 22, -18, 0, -7, 0, 35, 20, 8, 1, 34, 25, -8, -47, 0, -7, -10, -28, 0, 21, -1, -38, -3, -25, 8, -6, -57, -10, 33, 32, 19, 0, -37, 0, 31, 36, -74, -1, -34, 26, -61, -31, 24, -9, 0, -24, -50, 21, 18, 16, 20, 8, 17, 29, -33, -23, 8, -9, -18, 12, 3, 0, 16, 13, -9, -35, 32, 34, 0, -35, -15};
weights_linear_ih[122] = {-31, 14, 30, 3, 0, -35, 0, -11, 1, -36, 16, -16, 11, 10, 9, 0, 9, -34, -51, 0, 25, -31, 18, -18, 33, -34, 8, -81, 23, -3, -7, 33, 0, -61, -35, -6, 26, 45, 1, 2, 24, 7, 12, -23, 16, 0, 17, -26, -11, 15, -16, 6, 21, 31, -24, 1, 0, -44, 32, -18, 19, 28, 0, 14, 3, -21, -36, -12, 28, 0, -47, -30};
weights_linear_ih[123] = {10, 3, -41, 20, 0, 53, 0, 0, 20, 9, 3, -39, -25, 15, 10, 0, -29, -1, 18, 0, 11, -17, 7, -17, 58, -1, 57, 40, 16, -33, 43, 6, 0, -14, 32, 28, -22, -11, 9, -27, 46, -8, 16, 21, -19, 0, 58, 16, 10, 5, 28, -25, 14, 30, 1, 55, 31, -29, -27, 2, -17, 40, 0, 106, -6, -19, 45, -21, -35, 0, 27, 14};
weights_linear_ih[124] = {-15, -17, -14, -35, 0, 11, 0, 22, -9, -4, -3, 34, 11, -17, -13, 0, -59, -6, -3, 0, 39, -20, -30, -49, 5, 10, 7, -16, -15, 28, 27, 65, 0, -31, 16, 14, 13, -19, 27, -46, -3, -9, -31, -31, 33, 0, 22, -24, -7, 21, 1, -7, 7, 61, -4, 20, 26, 0, -31, -1, 1, 29, 0, 16, -1, -32, 9, -43, 17, 0, 8, -30};
weights_linear_ih[125] = {16, 11, -12, -29, 0, 8, 0, -16, -14, 8, 36, -22, -35, -53, 47, 0, 18, -22, 6, 0, -5, 0, -2, -43, 8, 44, -26, 40, -9, -21, 6, -12, 0, 8, 22, -6, 10, 6, -25, 3, -30, -16, 42, -8, 37, 0, -10, 8, 21, -23, -10, 27, -23, 5, 27, 18, 6, 12, 23, 0, 1, -20, 0, 15, -24, -43, 31, 21, 24, 0, 49, -5};
weights_linear_ih[126] = {32, 61, -8, 19, 0, 51, 0, 2, 31, 99, 19, 2, 27, 14, -6, 0, 5, 11, 0, 0, 11, 8, 5, 19, 56, -9, 29, 14, 22, 11, 65, 4, 0, 34, 136, 13, 36, 22, -18, 13, 4, -3, 42, 6, -5, 0, 62, 26, 6, 65, 73, 16, 6, -32, 3, 57, 35, -8, 19, 10, 24, 36, 0, 40, 41, 22, -7, -9, -56, 0, 38, -11};
weights_linear_ih[127] = {10, -24, 23, -34, 0, 21, 0, 28, -5, 1, 15, 6, 26, 32, -10, 0, 5, -17, -25, 0, 21, 4, 22, 20, 8, -36, -4, -18, 39, 6, -7, 40, 0, -3, 27, 21, 8, 20, -2, 13, 20, 13, 1, 7, 39, 0, -11, -16, -30, 0, 4, -7, 14, 14, -31, 6, -2, 12, 12, -20, 4, -20, 0, -18, 13, -3, -34, -3, 13, 0, -8, 19};
weights_linear_ih[128] = {21, -27, -27, 30, 0, 26, 0, 44, -7, 41, -17, -42, 2, 16, -60, 0, -95, 5, -5, 0, -23, -41, 12, -40, -10, 7, 31, -28, -16, 2, 14, 69, 0, -11, 34, 38, -19, -20, 48, -32, 10, -4, 13, -35, -19, 0, 23, -8, 28, 48, 28, -14, 16, 45, 7, 34, 33, -17, -29, -37, 32, 40, 0, 55, 7, -3, 19, -9, 13, 0, 10, -38};
weights_linear_ih[129] = {10, 45, -20, 18, 0, 24, 0, 17, 42, 3, 31, -19, 3, 16, 6, 0, 10, -19, 24, 0, 11, 15, 3, 26, 41, 33, -17, 17, 18, -9, -4, 75, 0, -13, 30, 0, -12, 1, -19, 9, 12, 6, 24, 42, -10, 0, 9, -38, 21, 3, 37, 27, -12, 35, -9, -14, -3, -17, -20, 9, -19, 29, 0, -22, -2, -14, 46, -4, 28, 0, 7, 12};
weights_linear_ih[130] = {-2, 23, -5, -4, 0, -28, 0, -30, -54, 3, 28, 34, -13, 3, 38, 0, 17, -29, 19, 0, -27, 0, -13, 65, 8, -13, -16, 13, 2, -5, 5, -13, 0, 12, -11, -38, -6, 19, 41, 31, -45, 17, 7, 42, -18, 0, -41, -9, 13, -54, 6, 21, 2, -37, -10, -43, -18, -12, -8, 40, 21, 0, 0, -57, 7, -24, 18, 64, -22, 0, 32, 102};
weights_linear_ih[131] = {29, -27, 18, 9, 0, 20, 0, 53, 16, 3, -18, -12, 13, 10, -3, 0, 5, 24, -36, 0, 31, 1, -13, 18, -3, -28, 8, -1, 46, 5, 11, 58, 0, -36, 3, 21, -31, 25, 39, -57, 0, -45, -3, -36, 3, 0, 16, 14, 9, 15, 35, -53, -23, 28, -38, 48, 42, -8, 0, -38, 23, 67, 0, 26, 2, -9, 19, -73, 19, 0, -9, -36};
weights_linear_ih[132] = {-6, 20, -17, -17, 0, -26, 0, -32, 49, 15, -8, -80, -6, 20, -52, 0, -30, -8, 8, 0, 11, 38, -26, 42, -50, -12, -9, 25, 22, -12, -54, 26, 0, -12, -9, -38, -15, -46, -3, 2, -41, -14, -15, 17, 2, 0, -13, 11, 43, 26, 11, 16, 12, 33, -1, 6, 28, 21, -24, -9, -41, -8, 0, 9, -21, 0, 18, 0, 31, 0, 14, 40};
weights_linear_ih[133] = {10, -17, 34, 19, 0, 3, 0, 4, -20, 4, -79, -49, 24, 41, -11, 0, 10, 19, 9, 0, 20, 44, 7, 11, 53, -18, -36, -10, 30, 8, 9, -4, 0, -42, -13, 8, 10, -13, 28, -36, -29, -35, -12, 9, -16, 0, 3, -3, -9, 20, -6, -39, 11, 29, -75, 27, 21, -3, 32, 7, 17, 16, 0, 26, 23, -16, -44, -47, 16, 0, -10, 12};
weights_linear_ih[134] = {35, 16, 2, -35, 0, 11, 0, 23, -12, 0, -14, -51, 48, 42, -39, 0, -22, -5, -5, 0, 22, -2, -10, 11, 65, 6, -40, 9, 39, 23, 6, -9, 0, 0, -10, 14, 26, -4, 42, -5, 18, 6, 19, 32, -9, 0, -9, 6, 0, 11, 4, 4, 25, -53, -3, 35, -18, -34, -8, 51, 45, 5, 0, 0, 55, -21, 28, 17, -39, 0, 56, 40};
weights_linear_ih[135] = {7, 26, 14, 19, 0, 27, 0, 29, -31, 20, 11, -10, 49, 7, 35, 0, 7, -7, -23, 0, -12, -6, 27, 14, 26, -5, -32, -21, 36, 14, 13, 20, 0, -12, 10, 20, 23, 0, 15, -29, 9, 15, 6, 18, -44, 0, -22, -34, 10, -17, 33, 9, -3, -66, -38, 20, -4, -26, -13, -2, 10, -17, 0, 22, 28, -30, 19, 9, -17, 0, -8, 7};
weights_linear_ih[136] = {14, -4, 14, 17, 0, 4, 0, -21, 31, -24, 9, -25, 3, -13, 10, 0, 11, 19, 25, 0, 46, 45, 22, 6, -45, 10, 29, -17, 6, 23, -40, 5, 0, -6, 20, 11, -2, 20, 22, 16, -24, 13, 18, -4, 14, 0, -5, 5, -24, 40, -14, -1, -4, 16, -10, 5, 6, -30, 26, 11, 0, 38, 0, 26, 6, 63, 3, -10, 13, 0, 6, -19};
weights_linear_ih[137] = {10, 19, -16, 2, 0, 41, 0, 4, 26, -26, 22, -51, -45, -19, 4, 0, 34, 23, 8, 0, -16, -7, 3, 20, 5, 12, -36, -4, -45, -25, 46, -22, 0, 23, 31, 8, -51, -12, -34, 25, -1, -2, 37, 5, -14, 0, 22, -7, 40, 22, 18, 6, -18, -19, 5, -23, -7, -41, 26, -16, -36, -57, 0, 12, -10, 10, 23, 26, -6, 0, 22, 32};
weights_linear_ih[138] = {-14, -29, 34, -7, 0, -36, 0, -24, -2, -8, 5, 28, -7, -1, 66, 0, 61, -17, -13, 0, -30, -3, 24, 30, 18, 30, -26, -26, 21, -33, -7, 33, 0, -45, -61, -48, 39, 18, -25, 30, -3, 43, -13, -45, 52, 0, -32, -3, -4, -60, -49, -4, -24, 5, 38, -58, -32, 19, 23, -23, -37, -11, 0, -57, -15, -24, -42, 4, 13, 0, -43, -13};
weights_linear_ih[139] = {-2, -13, 51, -17, 0, 23, 0, -19, -2, -4, 19, 43, 31, 28, 36, 0, 38, 1, 8, 0, 8, 1, 14, 6, -9, -49, 3, -28, 23, 12, -14, -7, 0, -17, -12, 41, 70, 18, 45, 6, -23, -14, -30, -34, -8, 0, 6, 43, -14, 32, -16, 8, 30, 12, -13, 22, 5, -18, 39, 2, 31, 11, 0, 30, 9, -15, -26, -22, -21, 0, -31, -7};
weights_linear_ih[140] = {-19, 18, 4, -2, 0, 42, 0, 37, -8, -5, -8, -10, 74, 13, -49, 0, -1, 63, -34, 0, -3, 26, -5, -10, 8, 14, -13, 7, 22, 15, 36, -12, 0, 27, -4, -2, -12, -11, -9, -6, -22, -25, -49, 15, -2, 0, -8, 16, -37, -3, 32, 44, -10, 4, -6, -3, 2, 16, -5, 31, 25, -14, 0, -35, 53, -42, -1, 1, -1, 0, -5, -17};
weights_linear_ih[141] = {13, -36, 21, 10, 0, 9, 0, -42, -12, -14, -7, -60, -3, -33, 45, 0, 34, -19, -23, 0, -4, 24, -8, 15, 22, -58, 20, -26, -20, -25, -12, 2, 0, -25, 10, -21, 10, 33, -2, 20, -11, -25, 7, -57, -10, 0, -18, -26, -9, 24, -16, -5, 8, 13, -32, -3, 16, -87, 38, -10, -5, -20, 0, 2, -3, 6, -42, -22, -16, 0, -6, 4};
weights_linear_ih[142] = {-26, -37, -26, 17, 0, 9, 0, 7, 19, -34, -4, 32, -20, -46, 59, 0, 4, -11, 0, 0, 23, -26, -12, -36, 14, 25, -3, -22, -52, -21, -22, 40, 0, 15, 8, -4, -12, 17, -22, -11, 1, -5, -12, -22, 2, 0, -19, 7, -23, -10, -39, -13, -9, 28, 14, 4, -15, 29, 25, -35, -1, -22, 0, 13, -26, 50, -29, -13, 44, 0, 16, -23};
weights_linear_ih[143] = {4, 19, 22, -29, 0, -7, 0, -2, -28, -22, -13, 60, -20, 1, 59, 0, 28, 18, -19, 0, 1, -19, -11, -26, 14, 17, 42, -26, -9, -24, 36, 39, 0, -29, 32, 17, 30, 22, -11, -5, 24, 20, 7, -54, 23, 0, -10, -14, -24, -8, 7, -39, -5, 78, 8, 30, 11, 14, 74, -49, -25, 18, 0, 16, -16, 5, -42, 44, 55, 0, -43, 12};
weights_linear_ih[144] = {-19, -26, 8, -30, 0, 24, 0, -11, -27, 27, 9, -35, 5, -5, -45, 0, -6, 17, -22, 0, 34, 8, 8, 6, 3, -31, -26, -19, -31, 34, -23, -35, 0, 18, -11, 31, -17, -28, -4, -29, 4, -15, 10, -22, -11, 0, -24, -24, -8, 11, -21, -15, 6, -16, 5, 9, -8, -38, 2, 12, -4, -17, 0, 3, 19, -49, -22, 15, -15, 0, 5, 0};
weights_linear_ih[145] = {9, 25, -6, -17, 0, -7, 0, 34, -25, 30, -28, 1, 7, 19, -3, 0, 14, -7, -11, 0, -8, -14, -21, 9, 23, 7, -24, 5, -37, -4, 24, 45, 0, -18, -10, 6, 21, -24, -15, -41, 13, -52, 2, 11, 37, 0, -18, -29, 11, 13, 10, 11, -25, 0, 18, -1, 13, 31, -10, -6, -28, 26, 0, -6, 7, -11, 12, 14, 17, 0, 21, -2};
weights_linear_ih[146] = {-50, 8, -4, -15, 0, 8, 0, 30, 32, 28, 23, -16, -11, -32, 32, 0, 17, 4, 21, 0, -17, -11, -61, 4, 42, 21, 31, -17, -4, 21, 0, 43, 0, -17, -47, -20, 7, 1, -25, -4, 11, -14, -32, 18, 31, 0, -52, 10, 33, -37, -12, 23, -27, -15, 13, -11, -8, 21, -5, 4, -7, 28, 0, 30, -31, 15, -25, 5, 23, 0, -38, 13};
weights_linear_ih[147] = {19, 17, -1, -12, 0, 33, 0, 24, 5, 29, 31, -2, 15, 18, -27, 0, -48, 24, 5, 0, 7, 36, 15, 30, 31, 22, 30, 39, 16, 4, 35, -69, 0, -7, 45, 22, 5, -24, 9, 33, 24, 13, -4, 33, -68, 0, 19, -13, -4, 5, -14, 19, -4, -50, 26, 18, -17, 7, -8, 19, 0, 15, 0, 55, 23, 4, 6, -22, 4, 0, 11, 34};
weights_linear_ih[148] = {-26, -48, 33, 44, 0, 8, 0, 19, -20, 9, -17, 25, -21, -3, 19, 0, 36, -7, -22, 0, 10, 8, 45, 7, 53, 8, -11, -17, -3, -1, -24, 10, 0, -18, -36, -19, 12, 37, -17, 8, -12, -9, -14, -11, 43, 0, -12, -16, 23, -28, -38, 9, -1, 8, -5, -34, -26, -18, 47, 9, -9, -6, 0, -8, -13, -16, 8, -20, 23, 0, -23, -10};
weights_linear_ih[149] = {-2, 10, -22, -14, 0, 25, 0, 13, -8, 27, -42, -43, 7, -30, -66, 0, -1, 47, -8, 0, -15, 4, -35, 22, 13, 16, 41, 27, -40, -16, 12, -11, 0, 3, -9, 33, -8, -24, -11, -30, 7, -63, 7, 33, 10, 0, 27, 28, -15, 29, -12, -10, 35, -14, -32, 47, 15, -24, 2, 25, -2, 9, 0, 23, 2, 40, -7, -11, -33, 0, -12, -27};
weights_linear_ih[150] = {8, -4, 19, 17, 0, -5, 0, -20, -10, -1, 15, -4, -2, 29, -42, 0, 28, -26, -4, 0, 5, 6, 12, -18, 11, 7, 15, 7, 7, -3, 2, 1, 0, -24, 1, -26, 10, 9, -25, 1, -19, 9, -15, 17, -10, 0, -18, 5, 31, 7, -8, -12, -6, -32, 7, 22, 22, -56, 9, 11, 24, -7, 0, 11, -2, 33, 8, 0, 9, 0, 19, 11};
weights_linear_ih[151] = {-17, -15, 28, -2, 0, -11, 0, -1, -31, -53, -30, -6, -18, -43, 15, 0, -1, -12, -5, 0, 24, -27, 13, -31, -12, -42, -20, -17, -27, -27, -19, -55, 0, 25, -33, -15, 3, -7, -12, -6, -4, 2, 5, -12, -13, 0, -16, 14, -38, -12, 9, -8, -20, -12, -33, -32, -19, -8, 29, -50, -49, -6, 0, -9, -3, -30, -21, -40, -9, 0, 14, -15};
weights_linear_ih[152] = {16, 0, -30, -44, 0, -10, 0, -15, -22, -21, -12, -17, -2, -25, 37, 0, -10, -11, -3, 0, -7, -21, -15, 24, -20, 4, 20, -37, 1, -9, 4, -2, 0, -38, -11, 6, 29, -52, 13, 4, -18, -39, -25, -14, -22, 0, -23, 10, -31, -26, 1, -61, -36, 19, 5, 8, 16, -11, 19, -9, -7, 24, 0, 6, 6, 17, -35, 7, 5, 0, -31, -22};
weights_linear_ih[153] = {-41, -28, -15, -22, 0, -4, 0, 18, -26, -5, 10, -1, 7, -20, -29, 0, -32, -44, -35, 0, 1, -28, -21, -9, -5, 20, 9, -1, -12, 11, 8, -30, 0, -26, -10, -20, 30, 0, -1, 14, 34, -40, -29, -14, -25, 0, -3, -41, 7, -18, 3, -2, -33, 6, 26, -61, -45, -9, -50, -6, 15, 0, 0, -2, -4, 16, 2, -15, 9, 0, 14, 7};
weights_linear_ih[154] = {-6, -20, -16, -21, 0, -6, 0, -34, -18, 12, 22, -2, -17, 6, 30, 0, 30, 1, 48, 0, -15, 14, -13, 34, -27, 11, 16, 9, 12, -2, -19, 32, 0, 34, -17, -13, -31, -26, 42, -12, 8, 5, 32, 13, 34, 0, -36, 48, 1, -22, -42, 0, 6, -18, 36, -1, 23, -31, 72, 30, 41, -17, 0, 3, 11, -19, -21, -13, -15, 0, -18, 44};
weights_linear_ih[155] = {-33, 12, -39, -34, 0, 20, 0, 3, -10, 35, -1, 13, 9, -36, 10, 0, -43, -33, 0, 0, -29, -43, -57, -21, 37, 1, -20, -3, -22, -17, 5, 22, 0, 16, -22, -22, 5, -42, -20, -4, -38, -32, 10, -27, -2, 0, -8, -29, -22, -21, -17, 1, -42, -24, -2, 7, -32, 4, 29, -46, -25, -26, 0, -27, 12, -86, 22, -34, -4, 0, -3, -51};
weights_linear_ih[156] = {27, 10, 2, 1, 0, 8, 0, 22, 22, 12, 6, -15, 10, 23, -31, 0, -1, 20, 12, 0, 3, 5, 2, 12, 10, 2, 5, 9, 18, 23, -2, 3, 0, 20, 21, 20, -9, 9, 14, -15, -2, 6, 17, 21, 1, 0, 17, 17, 21, 24, -5, 6, 21, 29, 3, 15, 14, 14, -6, 17, 27, 6, 0, 17, 12, -1, 16, 3, 29, 0, 6, 3};
weights_linear_ih[157] = {-15, 39, -2, -9, 0, -6, 0, 18, -6, 1, -20, -57, -12, 25, -18, 0, 16, -20, -28, 0, 36, -30, -13, -13, 10, -6, 4, -11, 14, 20, -17, -30, 0, -36, -5, 27, -15, 19, 28, 9, 18, 6, 4, -5, 27, 0, -5, -26, 9, -19, 48, 0, 16, 7, -9, -27, -18, -32, -21, -14, 24, 26, 0, -5, 4, -38, 2, -14, -18, 0, 5, 16};
weights_linear_ih[158] = {-11, 5, 14, 7, 0, -36, 0, -23, -17, 5, -10, 10, -21, -19, -4, 0, 5, 4, -1, 0, 18, -32, -24, 23, 13, 28, 27, -41, -15, 8, -3, 37, 0, -13, -6, -6, 4, 13, 3, -30, 4, 6, 28, 0, 48, 0, 30, -8, -12, 30, -6, -59, 14, 49, 19, 18, 43, 29, 25, -35, 33, 13, 0, 17, -3, 14, 24, 11, 35, 0, 10, -22};
weights_linear_ih[159] = {-14, 2, -32, -3, 0, 29, 0, -6, -13, -2, -41, 38, -10, 4, -1, 0, -47, -18, -30, 0, 23, -14, -7, 19, 4, -3, 13, -46, -19, 27, 14, -34, 0, -31, 21, -15, -8, -1, -5, -6, -6, -7, 0, 24, -15, 0, 2, 13, 7, 25, -19, -21, -14, -29, -30, -17, 22, 5, -57, -10, -3, 28, 0, -14, 10, 31, -29, 17, -24, 0, -9, -24};
weights_linear_ih[160] = {35, 49, -9, 15, 0, 11, 0, 37, -6, 5, 69, -61, -3, 12, -44, 0, -4, 7, 55, 0, -15, 14, 9, 13, 6, 2, -11, 35, 39, -29, 4, -5, 0, 18, -15, -16, -12, 9, 11, 97, 4, -9, 27, 11, 2, 0, -3, 12, 65, 14, -28, 54, 6, -4, -9, -19, -1, -70, 19, -23, 29, -5, 0, 15, -21, -23, -2, -10, 11, 0, 1, 56};
weights_linear_ih[161] = {-1, -10, -2, 6, 0, -3, 0, 8, 19, 28, -3, 16, 21, 0, -20, 0, 2, 8, 12, 0, -15, -27, 9, 6, -18, -42, -29, 6, -17, 6, 18, -39, 0, 75, 9, 28, -49, 9, 4, -6, 12, 14, 28, 29, -21, 0, 26, 26, 17, 33, 28, 18, -3, -40, -52, -3, -3, -11, -13, 33, -15, -11, 0, -2, 23, -1, 47, -26, -49, 0, 46, 22};
weights_linear_ih[162] = {19, 6, -14, -17, 0, 16, 0, 4, -20, -11, 47, -26, -28, 3, -27, 0, -13, -35, 2, 0, -27, 14, -16, 21, -15, -31, -3, -20, 23, -24, 7, 2, 0, 5, -11, -30, -6, 11, 7, 43, -27, -22, -18, -29, 12, 0, -21, -2, 31, 12, -17, -11, 4, -12, 26, -13, -16, -2, -21, 14, -7, -21, 0, -29, -36, -17, 35, 11, -6, 0, -13, 45};
weights_linear_ih[163] = {-26, 10, 6, -15, 0, 5, 0, -20, 17, -27, 23, 12, 15, 28, 16, 0, -19, -8, -36, 0, -16, -35, -22, 20, -7, 1, 10, -34, -4, 18, 24, 20, 0, -7, -3, -26, -7, 0, 27, -20, 13, 12, -28, -23, 39, 0, 26, 6, -28, 23, 16, 3, -10, 43, 6, 6, 10, 15, 37, -28, 6, -8, 0, 31, 21, 43, -22, -18, 36, 0, 6, 30};
weights_linear_ih[164] = {23, -20, -9, -30, 0, -12, 0, -8, -36, -7, -5, 0, 12, 20, 40, 0, 21, -9, 17, 0, -10, -4, 8, -11, -12, -3, -17, -29, -4, -31, 22, -8, 0, 13, -6, 13, -19, -29, 4, -21, 18, 0, -15, -1, -1, 0, 55, 33, -36, -7, 29, 12, -23, 3, -27, 34, -15, 20, -7, 7, -12, -34, 0, 18, 3, 1, 8, -10, -58, 0, -28, 18};
weights_linear_ih[165] = {24, 32, 10, -11, 0, 30, 0, 6, -7, 1, 15, 29, -16, 10, -12, 0, 52, 41, 58, 0, 24, 26, 21, 6, 23, 34, 5, 8, 30, 11, 2, -15, 0, 54, -5, 18, -5, 25, -3, -2, -9, 35, 26, 32, 0, 0, 35, 14, 12, -16, 35, 45, 46, 2, -9, 27, 25, -3, -11, 18, -11, 27, 0, 17, 9, -21, 6, 20, -7, 0, 4, 34};
weights_linear_ih[166] = {-1, -26, -2, -24, 0, -21, 0, -46, -16, -54, 13, 37, 22, 13, 44, 0, 25, -7, 20, 0, -15, 28, -14, -6, -52, -13, 11, -27, -17, -10, -43, -6, 0, -20, -10, -32, 13, -64, 32, 5, -15, 8, -44, 9, -29, 0, 21, 5, -18, 9, 19, -5, -30, -25, 3, -40, 6, -1, -31, -24, -38, 26, 0, -33, 1, 39, -19, 32, -2, 0, 16, -2};
weights_linear_ih[167] = {26, 3, -8, 12, 0, 8, 0, -22, 38, -10, 17, -54, -27, -1, 1, 0, -40, 12, 16, 0, -4, -14, 14, 12, 33, -8, 44, 10, -7, -24, 0, 15, 0, -1, 38, -1, -10, -34, -8, -12, 9, -9, 33, -2, -24, 0, 27, -43, 24, 12, -11, -17, -9, 9, -7, 25, -17, -27, -42, 10, -5, 26, 0, 47, -19, -21, 1, -3, 12, 0, 20, 32};
weights_linear_ih[168] = {27, 0, -7, -10, 0, -14, 0, 19, -1, -36, -35, 2, 7, 11, -52, 0, 5, -1, -20, 0, 33, 8, -24, 6, -5, -27, 32, -19, -14, -10, 4, -4, 0, -1, -1, 28, 24, -31, 37, -33, 10, -29, 23, -34, -1, 0, 25, 9, -29, 10, -13, 2, 11, 8, -21, 41, 24, -2, 40, -19, 20, 47, 0, 7, -18, 18, 5, -42, -6, 0, 15, -42};
weights_linear_ih[169] = {34, -25, 19, 34, 0, 19, 0, -36, -41, -47, -39, -26, -16, -1, -14, 0, -6, -20, -6, 0, -6, 13, 22, 50, -20, -17, 14, -30, 38, -6, 16, -8, 0, -21, 22, -15, -14, 11, 2, -23, -9, -11, -11, -8, -24, 0, 17, 23, 22, -5, 24, -39, 8, 13, 18, 20, 33, 2, -28, -9, 10, 18, 0, -11, -15, -33, 2, -14, 22, 0, -28, 28};
weights_linear_ih[170] = {-26, -30, 24, 23, 0, -3, 0, 14, -41, 11, -45, 32, 2, -8, -25, 0, -23, 2, -27, 0, 6, -4, -19, -24, 14, -40, 17, -33, -15, 27, -6, -27, 0, 4, 5, -6, -5, 5, 23, -49, -30, -18, -23, 40, -29, 0, 2, -21, -5, 20, -21, -46, -19, 32, 6, -20, -4, -29, 1, 11, 31, 15, 0, 22, 0, 29, 0, -20, -7, 0, -4, -42};
weights_linear_ih[171] = {-33, -37, 5, -7, 0, 0, 0, -11, -33, -41, -13, -16, 3, 29, 35, 0, -5, -2, -28, 0, -2, -18, -17, 0, -17, 14, -30, -10, 1, 7, 44, -21, 0, -10, -20, 24, 18, 21, 1, -1, 5, -11, -13, 21, 6, 0, 10, 24, -1, 4, -22, 26, -24, 20, 4, -8, -12, -20, 2, -6, 29, 29, 0, -36, 23, -8, 8, 0, -14, 0, -12, -12};
weights_linear_ih[172] = {12, 3, -12, -12, 0, -3, 0, -38, 24, -19, 15, -21, -22, -14, 11, 0, -13, -18, 41, 0, -52, 11, 15, 23, -20, 3, -20, 26, -1, -39, 7, 12, 0, 34, -15, -42, -20, 21, -19, 9, -42, 16, -18, -32, 35, 0, -21, 12, 43, 1, -15, 30, -22, -29, 68, -24, -3, -29, 49, 7, -14, -41, 0, -18, -20, -10, 9, 31, 26, 0, 24, 40};
weights_linear_ih[173] = {-17, 13, -11, 7, 0, -24, 0, -5, -2, -12, 30, 19, -31, -21, 22, 0, 32, 36, 57, 0, 15, 1, -21, 27, 5, 2, 3, 68, 4, -19, -21, 62, 0, 48, 2, -16, 10, -28, 17, 71, -14, 5, 26, -2, 46, 0, 0, 38, 37, -17, -14, 10, 26, -10, 69, -7, 3, -27, 41, 25, 22, 17, 0, -21, -21, 6, 42, 65, -15, 0, 55, -3};
weights_linear_ih[174] = {22, -8, 3, 21, 0, -7, 0, 14, 28, -3, -2, 26, -17, 17, 11, 0, 18, -4, -8, 0, -12, 3, -19, 1, -24, 4, 21, -25, -8, 16, 13, 25, 0, -36, -10, -2, 3, -40, 17, 13, -17, -20, 1, 18, 21, 0, -25, 7, 27, -11, 35, -7, 13, 12, 18, -1, 8, 14, 2, 6, -9, 9, 0, 19, -19, 12, 8, 9, -1, 0, 20, -1};
weights_linear_ih[175] = {-27, 6, -28, -4, 0, 15, 0, -18, 30, 33, 6, 26, -11, -37, -10, 0, -18, 15, -4, 0, 10, -9, -9, 8, 3, 16, 24, 30, 8, -12, -10, 33, 0, 1, -6, 17, -5, 6, -36, -3, -37, 6, -26, 14, -1, 0, -26, 3, 14, -17, -8, 5, -19, 11, 6, 20, 13, 10, 5, -19, -7, 14, 0, 0, 19, 21, 29, -9, 47, 0, -8, -24};
weights_linear_ih[176] = {-10, -30, 25, 7, 0, -49, 0, -49, -19, -36, 7, 10, 4, -14, 74, 0, 24, -30, 13, 0, -35, 27, 39, 0, -35, -25, -2, -4, -8, -2, -53, 6, 0, -11, -31, -64, -43, -7, -13, 26, -30, -5, 17, -28, 43, 0, -18, -15, 5, -7, 4, 4, 11, -36, 19, -29, 0, 14, -8, 7, -22, 13, 0, 1, -17, -21, 3, 31, -21, 0, -10, 17};
weights_linear_ih[177] = {17, 11, 9, 1, 0, -5, 0, -25, -13, -1, 5, 7, 7, 17, -45, 0, -60, -31, -32, 0, 21, -28, 4, 12, -6, 0, -1, -7, -1, -5, 28, -17, 0, -1, -1, -13, -32, -5, 24, 25, 2, -28, -20, -29, -17, 0, -22, -17, 25, -30, 52, -13, -15, 11, 20, -19, 7, 28, -18, 19, -18, 31, 0, 10, 4, 12, 1, 1, -27, 0, 7, -14};
weights_linear_ih[178] = {-10, 14, -16, 26, 0, 19, 0, -16, 1, 1, -4, -30, -20, -47, 30, 0, 46, -20, -10, 0, 12, 40, 37, -18, 3, -27, 11, 38, 1, -24, 15, -34, 0, -23, 33, -5, 9, -4, -9, -3, 10, 15, 15, -27, -58, 0, 2, 7, -20, -8, -26, -19, 27, -78, 42, -13, 21, -16, 27, -12, -45, -7, 0, 2, -34, -6, -4, -21, -52, 0, -19, 24};
weights_linear_ih[179] = {-26, 15, -58, 0, 0, -42, 0, -10, 15, -31, -37, -25, -3, -39, 9, 0, -64, -14, -39, 0, -40, -13, -21, -22, 32, -9, -19, -27, 10, -37, -26, 6, 0, -31, -39, 3, 14, -41, -23, -35, -11, -35, 1, 14, 3, 0, 5, -18, 2, -27, -15, -32, -30, 5, 8, -23, -8, 30, 16, -32, -55, 8, 0, -28, -35, 6, -40, 20, 7, 0, 0, -5};
weights_linear_ih[180] = {-3, -19, -16, -35, 0, 44, 0, -12, -4, -8, 27, 26, -2, -29, 45, 0, 30, 36, 14, 0, -23, 4, -36, -12, 6, -29, -33, -17, -15, -16, 2, 1, 0, 11, -9, 11, -18, -30, 28, -19, -10, 21, 4, 9, 6, 0, 16, -6, 28, 17, -17, 2, -18, 4, 22, 15, 7, 16, 16, 15, 17, 0, 0, -21, 22, 0, 1, 17, 46, 0, -4, -26};
weights_linear_ih[181] = {-9, 32, 2, 0, 0, 11, 0, 7, -13, -7, -11, 12, 11, 23, -18, 0, -10, 1, -20, 0, 1, 29, 18, -19, -31, 11, 7, 29, 22, 2, 26, 5, 0, 34, 15, -12, 11, 5, 5, 11, 21, -29, -5, 25, 27, 0, 17, 6, -7, 12, 8, -1, 4, -4, 35, 4, -2, -11, -39, 0, -6, -18, 0, 15, -24, 24, 37, -22, 8, 0, -11, -17};
weights_linear_ih[182] = {-4, -18, 7, -17, 0, 14, 0, -5, 34, -8, 25, 5, 11, -8, 1, 0, 4, 9, 61, 0, -21, -13, 6, 15, -3, 12, -1, 15, -18, -5, 18, -18, 0, 45, 16, -19, -15, 20, -1, 3, 11, 23, 10, 33, -30, 0, -7, 17, 14, 23, 10, 2, 17, -16, 37, 15, -13, 23, 38, 19, 22, -24, 0, -5, 17, 10, 45, -2, 5, 0, 25, 11};
weights_linear_ih[183] = {28, 15, 25, -9, 0, 20, 0, 13, -11, -9, 70, -29, -16, -8, -28, 0, 13, -9, 18, 0, 17, 31, 4, 28, -1, 16, 33, 39, 25, -17, 31, 16, 0, 81, -16, 19, -7, 11, -12, -8, -15, 57, 31, 3, -16, 0, 15, 12, -19, 0, -15, 28, 32, 24, 20, 4, 13, -34, -57, -30, -18, 6, 0, -10, -15, 13, 19, 9, -15, 0, 8, 12};
weights_linear_ih[184] = {20, -8, 8, -20, 0, -12, 0, -37, 7, 22, 14, -10, -10, 38, -19, 0, 5, -12, 9, 0, 14, -5, -22, 34, 0, 4, -10, -4, 11, 1, -33, 8, 0, 4, 6, -11, -15, -8, -10, 35, -20, 0, 2, 28, -2, 0, -3, 25, 22, -29, 18, 21, -20, -11, -5, 20, -15, 2, -14, -5, -7, -25, 0, 10, 5, -39, 26, 0, -16, 0, 26, 8};
weights_linear_ih[185] = {7, 21, -24, -6, 0, 6, 0, 37, -19, -3, 2, 7, 19, -25, 24, 0, -3, 32, -5, 0, 2, -17, 2, 0, 45, -40, -27, -8, 18, -6, 18, -9, 0, 32, -12, 27, -7, 18, 7, 23, 3, -21, -28, 33, -4, 0, 2, 35, 18, 25, -28, 37, -19, -34, 29, 2, -23, -6, 22, 25, 7, -14, 0, 27, 16, -7, 6, -7, -29, 0, -20, 24};
weights_linear_ih[186] = {-10, 10, -15, -10, 0, 21, 0, 7, -3, 47, 7, -4, 5, -31, 2, 0, -10, -21, -40, 0, -4, -31, 5, -22, 26, 34, -27, 34, -18, 16, 25, 28, 0, -23, -5, -24, -6, 5, -24, 8, 0, -4, 24, -5, -24, 0, -12, -14, -9, 6, 7, 12, 14, 14, 9, 15, -2, -19, -42, 17, 36, 8, 0, -13, -8, 7, -8, -6, 8, 0, 13, 6};
weights_linear_ih[187] = {-21, -40, 8, -41, 0, 26, 0, -36, -66, 6, 10, 28, 10, 38, 47, 0, 6, 16, -15, 0, -7, -33, 1, -36, -7, -23, -5, -5, -10, -12, -31, -49, 0, -4, -8, -12, -5, -16, 24, 12, -40, -9, 11, -31, -18, 0, -37, -3, -43, -16, -42, 26, -8, -5, -3, -12, -12, -4, 22, -20, 34, 5, 0, -35, 14, 14, -44, -38, -10, 0, -41, 11};
weights_linear_ih[188] = {-25, 25, 5, -34, 0, 15, 0, 49, 8, 27, 3, -16, 13, -13, -19, 0, -2, 4, -21, 0, 28, -15, 4, -4, 12, 0, -2, 17, 34, 14, 17, -1, 0, 1, 19, 21, -11, -2, 2, -8, 14, -4, 3, 14, 24, 0, -34, -34, -31, 24, 37, -38, 3, 12, -2, -9, -13, 3, -23, -27, -1, 20, 0, 1, 17, -12, -31, -9, 4, 0, 14, 13};
weights_linear_ih[189] = {-2, -11, 7, -11, 0, -2, 0, 2, -5, 14, 5, 18, -5, -24, 20, 0, 0, -21, 6, 0, -34, 12, -15, 4, 27, 4, -11, 36, 9, 11, -18, 11, 0, 9, 17, 17, -7, 24, -19, -6, -21, 6, -2, -4, -14, 0, 2, -27, 3, -11, -26, 17, -28, -21, 57, -13, -20, 10, -38, -7, 1, -69, 0, -2, -3, -39, -10, 27, 10, 0, 11, -4};
weights_linear_ih[190] = {-34, 17, -1, 6, 0, -14, 0, -11, -8, 32, 45, 44, -42, 12, -6, 0, -4, -6, 41, 0, -36, -28, -1, 12, 10, 5, -2, 15, -14, -37, -11, 45, 0, 49, -19, 9, -7, -21, 2, 15, -19, 17, 21, 28, 21, 0, -2, 0, 1, 3, 15, 52, -29, 1, 44, -27, -29, -2, 7, 37, 11, -21, 0, -24, -3, -22, -10, 1, -2, 0, 34, -2};
weights_linear_ih[191] = {-11, -21, 11, -2, 0, -12, 0, -22, 29, -19, 25, 3, -14, -22, 33, 0, -1, -3, 2, 0, -19, 13, 38, 11, 22, -41, 25, -1, 21, -5, 12, 38, 0, 7, 8, 18, -2, 0, 2, 18, -8, 36, 34, -23, 8, 0, 8, 6, 13, 32, -8, -2, 10, 23, 7, 15, 10, 18, -3, -21, -44, -25, 0, 33, 0, -5, 2, -9, -5, 0, 32, -14};
weights_linear_ih[192] = {1, 10, -7, 4, 0, -43, 0, -26, -19, -28, 9, -20, 10, 14, 27, 0, -20, -1, -9, 0, -11, 8, 30, 39, -38, 0, -23, -10, 49, -14, -26, 23, 0, -6, 5, -8, -20, 44, 25, -6, -32, 52, 25, -10, -2, 0, -52, 26, 7, -27, 5, 33, 11, 9, -18, 12, -40, 16, -6, -13, 13, 15, 0, -23, -3, -44, -1, -14, 30, 0, -24, 36};
weights_linear_ih[193] = {22, 7, 24, 37, 0, 6, 0, -2, 27, 24, -5, 28, 0, -1, -40, 0, 14, -23, 0, 0, -33, 43, 13, 15, -6, 51, -19, 8, 44, 6, -26, -2, 0, 24, -8, -13, -18, -20, 2, 17, -32, 25, -18, -5, 19, 0, 19, -9, -10, -3, 34, 9, 11, 35, 91, -25, -28, 13, -5, 6, -5, 0, 0, -6, 7, 13, 16, -7, 17, 0, 34, -4};
weights_linear_ih[194] = {14, -12, -4, -16, 0, 23, 0, 7, 20, 16, -34, -1, -30, 5, -44, 0, -12, 2, 12, 0, -45, 6, 3, -3, -3, 2, 28, 17, 10, -21, 15, -54, 0, 0, 1, -22, -8, -4, 17, -2, 28, 14, -3, -31, 22, 0, 30, 1, 16, -12, 20, -12, -30, -44, -16, 5, -4, 17, -31, -4, -25, 3, 0, -15, 2, -1, 3, 0, -23, 0, 5, -17};
weights_linear_ih[195] = {10, -25, 11, 15, 0, -9, 0, 23, 38, 42, -14, 27, 29, 24, -59, 0, -26, -11, 8, 0, -21, 13, 29, 12, 39, -16, 23, 28, 1, 5, 1, -7, 0, 12, 63, 17, 19, 41, -1, -31, 39, -37, 24, -3, 27, 0, 18, -8, 2, 56, 11, 0, 38, -18, -16, -19, 15, -17, 7, 15, 21, 37, 0, -9, 8, 31, 23, -44, -4, 0, -13, -19};
weights_linear_ih[196] = {-22, -10, -19, -41, 0, 11, 0, 7, -1, 3, -7, -41, -7, -26, -8, 0, -6, 22, 15, 0, -42, -2, 8, -10, 4, -16, -13, 8, -2, 1, 14, -11, 0, 10, 14, 21, -28, 27, -6, -10, -19, -36, 15, -13, -27, 0, 0, -12, 0, -20, 17, 19, -18, -22, -7, -3, -21, -1, 8, -4, -13, -31, 0, 12, 5, -16, -8, 12, -46, 0, 39, -15};
weights_linear_ih[197] = {-39, -18, 6, -6, 0, -28, 0, 30, 3, 2, 32, -7, 2, -22, 17, 0, 9, 15, 23, 0, -41, -28, 5, -8, 26, 4, -10, 11, -40, -4, 2, -6, 0, 27, -16, -2, -44, -16, 10, 11, -37, -21, 1, 0, 16, 0, -22, 34, 23, -24, -19, 13, -1, -26, -3, -8, -11, 14, 6, 2, -10, -44, 0, 14, -14, -39, -11, 10, -13, 0, -7, -22};
weights_linear_ih[198] = {-11, -4, 7, -7, 0, 10, 0, -7, -25, 3, 38, -15, -8, -5, 3, 0, 24, -1, 26, 0, -44, -10, -31, 34, -10, 11, 10, 34, -22, 0, 1, -24, 0, 6, -39, -17, -14, 10, -9, -16, 19, 37, 24, -8, -29, 0, 25, 20, -15, 30, -63, 17, 0, 8, 6, 2, 14, -3, 6, 2, 3, -1, 0, -15, 18, 44, 22, -9, 2, 0, 20, 10};
weights_linear_ih[199] = {-5, 18, 19, -4, 0, 7, 0, 8, -21, -2, 11, 31, 2, -12, 38, 0, 10, 19, 25, 0, 33, 28, -2, -13, 23, 14, 22, 14, 10, 15, -4, 50, 0, -8, 21, -10, 32, 6, 3, 17, 26, 22, -18, -12, 22, 0, -33, -28, 18, 22, -36, -20, -7, 27, 20, 26, 17, -16, 10, 28, -16, 2, 0, -21, -14, 11, -26, -9, 37, 0, 9, -24};
weights_linear_ih[200] = {-7, -26, -14, 30, 0, 20, 0, -13, 21, -5, -1, -18, 20, -34, 7, 0, 19, 24, -18, 0, 64, 32, 15, -16, 14, 17, 13, 29, 3, 4, 0, -20, 0, 23, -8, 43, -58, -4, -9, -6, 10, 26, 3, -19, -13, 0, 28, 42, 3, 35, 8, 16, 28, 12, 18, 5, 36, 20, 18, -27, 9, -3, 0, -13, -16, -14, 2, -6, 13, 0, 2, -4};
weights_linear_ih[201] = {22, 4, -43, -23, 0, -2, 0, 20, 15, 32, -16, 8, -6, -12, -38, 0, -53, 26, 7, 0, -15, -36, -35, -33, 11, 5, -6, 29, -31, 34, 22, -10, 0, -31, 11, 17, -13, -21, 15, 5, -16, -7, -9, 0, -5, 0, 6, 1, 11, 24, -2, -11, 1, 28, -23, 32, -16, 13, -70, -22, 10, -30, 0, 33, -5, 18, 15, 20, 36, 0, -13, -13};
weights_linear_ih[202] = {-16, -18, -2, -21, 0, -14, 0, 13, 9, 0, 10, 23, -5, -26, 63, 0, -26, 15, 3, 0, -6, -40, 21, -2, -15, 39, 5, 1, -11, 26, -9, 9, 0, -29, -31, 5, -4, -39, -9, 36, -10, -30, -7, -28, 38, 0, -14, 1, -5, -22, -2, -30, -1, 20, 18, -28, 21, 3, 27, -2, -11, -27, 0, -29, 9, 14, -27, 22, 20, 0, 21, 21};
weights_linear_ih[203] = {-14, 18, -20, -12, 0, 6, 0, -28, 14, 28, 16, 23, 16, -27, -20, 0, -10, 1, 0, 0, -7, 9, -2, -22, -20, 1, -28, 32, -25, 17, 0, -34, 0, 29, -4, -8, -5, -52, -14, 25, -32, -17, -1, 15, 21, 0, 14, 6, -4, 29, -28, -13, 9, -33, 18, -7, -1, 5, 14, 27, 21, 10, 0, 17, -1, -24, 0, 2, -41, 0, 20, 4};
weights_linear_ih[204] = {11, -8, 30, 1, 0, 0, 0, -26, 8, 20, -28, 7, -23, -5, 52, 0, 51, -16, -2, 0, 5, 27, 17, 11, -6, -25, -7, 17, 16, -5, -10, 32, 0, 2, -16, 14, -3, 21, 14, 8, -27, 2, -24, -21, 10, 0, -5, 15, -4, 7, -26, -13, -7, -29, 4, -2, -9, -49, -16, -12, -5, -27, 0, 23, -8, -9, -18, -22, 10, 0, -3, -18};
weights_linear_ih[205] = {-13, -7, 27, 9, 0, 5, 0, 1, 24, 17, 1, 24, -6, 22, -4, 0, 12, 14, -14, 0, 6, 9, 4, 19, 1, -4, -14, -15, -2, -6, 14, 30, 0, -13, 8, -5, 17, 1, -11, -3, 30, -7, -14, 3, 29, 0, 5, -18, 15, -20, -8, 2, -6, 46, -7, -20, -27, 12, -4, 11, 2, 8, 0, 15, 15, -17, -12, 22, 44, 0, 8, -21};
weights_linear_ih[206] = {35, 26, -17, -12, 0, -17, 0, 15, 30, 11, -30, -31, -4, 37, -7, 0, 15, -23, -30, 0, -15, 22, 24, -11, 5, -22, 19, 3, -2, -4, -30, -14, 0, -35, -6, -35, 16, 12, 35, -18, 6, -22, 21, -13, 6, 0, -13, -2, -3, 6, 26, -14, -18, 20, 3, 6, 19, -29, -25, -18, 18, -13, 0, 18, -40, 12, 30, -8, -27, 0, 3, -32};
weights_linear_ih[207] = {-23, 29, -30, 16, 0, -8, 0, 16, 8, -7, -15, -5, -29, -11, 30, 0, -17, -23, -6, 0, -14, -19, -20, 16, 28, 19, -15, -16, -2, 2, -45, 35, 0, -27, -10, 9, -17, -48, -19, -9, -11, -19, -11, 19, -22, 0, -30, -7, 19, -20, -37, 16, -1, 23, 22, -8, -12, 12, -8, 33, 6, -7, 0, 12, -29, 6, -1, 15, 9, 0, 4, 2};
weights_linear_ih[208] = {14, 3, -4, 14, 0, 49, 0, 47, 0, -16, 3, -12, -5, 27, -25, 0, 0, -6, -8, 0, 66, 23, 28, -6, 53, -29, -16, -5, 35, 31, 10, 19, 0, 9, 29, 58, 12, 22, 8, -29, 40, -18, 36, -2, 15, 0, 26, -19, 4, 36, 3, -43, 32, 47, 2, 35, 7, 11, -6, -15, 17, 13, 0, -12, 6, 8, -23, -28, 22, 0, -13, -14};
weights_linear_ih[209] = {-65, -28, -12, -10, 0, 5, 0, 1, 5, -3, 9, -13, -18, -20, -4, 0, 40, 3, -30, 0, -6, -3, 7, -5, 36, 9, 12, 7, 0, 4, -8, 79, 0, -33, -50, -4, 9, 32, 8, -21, -26, 21, -56, -14, 50, 0, 5, 14, 12, -25, -50, 1, 8, 61, 1, -2, -12, -6, 17, -4, 8, 21, 0, -2, -2, 2, -44, -20, 42, 0, -43, 4};
weights_linear_ih[210] = {22, -3, -30, 18, 0, 30, 0, 25, 14, 30, 32, -9, -6, -18, 42, 0, -6, 20, 35, 0, -23, 24, 10, 23, -12, 15, -13, 34, -30, -9, 3, 7, 0, -8, 26, 28, -16, -13, 4, -17, 10, -2, 15, 12, 28, 0, 14, 11, 23, 8, -7, 6, -14, -24, 7, 19, 12, -15, 88, -14, -12, -20, 0, -1, -9, -75, 13, -26, 5, 0, 26, -17};
weights_linear_ih[211] = {-12, -10, -3, -7, 0, -5, 0, -18, -11, 13, 12, -35, -14, 23, 29, 0, 15, 7, 7, 0, -2, -26, -28, 1, -13, -13, -24, -14, 5, -8, -23, -5, 0, -25, 10, 15, 1, -25, 23, 13, 4, -1, -8, -30, -21, 0, 9, -28, -10, 15, -26, -23, -22, 20, 8, 4, 18, -16, -1, -19, -23, 6, 0, -31, 8, -22, -4, 10, 25, 0, -19, -29};
weights_linear_ih[212] = {1, -39, 44, 28, 0, -27, 0, -4, 10, -29, -10, 19, -2, 31, 26, 0, 31, -14, 15, 0, 26, 1, 27, -9, 6, -14, -7, -8, 9, 1, 8, -5, 0, -43, 5, -27, 24, 45, 4, 1, -4, 22, 2, -21, 41, 0, -10, 9, -8, 6, 2, -16, 21, 29, -27, -5, 9, -8, 28, -36, 8, -24, 0, -20, -16, 21, -12, 4, 25, 0, -47, -7};
weights_linear_ih[213] = {37, -11, -25, 14, 0, 9, 0, -18, 28, 26, -3, -54, 13, -15, -21, 0, 15, 10, -3, 0, -36, -7, 17, 24, 16, -14, 23, 37, 28, 5, 7, -12, 0, 15, -14, 28, -19, 30, -20, 3, 25, 5, -7, 1, 19, 0, 37, 11, -3, 48, 32, 32, 13, -16, -17, 15, -11, -8, 3, -6, -7, 1, 0, 41, -17, 36, 46, -20, -21, 0, 13, -5};
weights_linear_ih[214] = {-16, -20, 9, 25, 0, 6, 0, 6, 3, 18, 16, 22, 8, 3, 22, 0, 54, 12, 2, 0, 22, -17, 12, -4, 13, 1, 25, -16, -8, 14, -4, 35, 0, -18, -16, 8, 9, -9, 1, 8, 11, 18, 20, 15, 30, 0, 20, 3, -4, 25, -19, -9, 6, 5, 20, 1, -9, -30, 21, 15, -13, -4, 0, 26, 6, 11, 17, 11, -22, 0, -8, 2};
weights_linear_ih[215] = {9, 33, -5, -26, 0, -5, 0, -25, 1, -3, -11, 4, 16, 40, -33, 0, -5, -7, -3, 0, 29, -10, 4, 16, 9, -30, -19, -3, 5, 39, 10, -111, 0, 15, 7, -14, -2, 3, 43, 2, -20, -15, -3, -3, -68, 0, 7, 8, 0, 6, -6, 0, 21, 11, -40, -7, 15, -11, -30, 22, 51, 15, 0, 17, 25, -48, -9, -22, -5, 0, -11, 7};

Bias_ih (8 bit):
 {232, 180, -224, 244, -327, 291, 5, 219, 326, -359, -111, 487, -200, -264, -249, 35, 232, 532, -205, -484, 454, -668, -344, 545, -218, 349, 81, -576, -232, 62, -146, 54, -21, 755, 681, 470, 85, 71, -646, -355, 444, 311, -123, -435, -173, 136, 73, 0, -154, -247, 396, -216, -371, -389, 29, 467, 197, -65, -437, 24, 130, 526, -361, -532, -414, 215, 465, -60, 464, -196, 637, -272, 431, 585, 264, 38, -181, -13, 430, 5, 4, 282, -172, -89, -423, 467, -54, 143, -313, 645, 428, 428, 345, 50, -72, 121, -74, -49, 216, 452, 334, 8, -35, 7, 19, -266, 738, 419, 85, -378, -270, -87, 229, 37, -31, 122, 259, -332, 232, 29, 415, 205, -168, 502, 384, -183, -218, 190, -402, -39, -42, -124, 0, 1, -372, -44, 604, 287, -188, 16, 709, 433, 39, -82, 176, 473, 136, 597, 620, 312, 510, -120, 69, 369, 644, 278, 340, 30, 286, -17, 511, -127, -140, 76, -98, 336, -51, 79, 399, 162, -198, 433, 264, 310, 379, 348, 322, 355, 347, -11, 77, 32, -156, 50, -103, 239, 233, 65, 601, -14, 441, 469, 141, 190, 82, 391, 213, -182, 169, -60, 13, 539, -117, 389, -218, 227, -439, 107, 140, 179, -89, -346, -156, -149, 215, 161};
Weight_hh (8 bit):
weights_linear_hh[0] = {8, 38, 7, -8, 6, 4, -14, 5, 0, -39, 27, 47, -37, 27, 30, 15, 6, -36, 22, -43, 62, 12, 1, 51, 4, 30, -10, -7, -89, 4, 45, 3, 39, 21, -4, 69, -124, 2, -19, 1, -20, -17, 26, 24, 4, 30, -11, -9, -23, -65, -25, 10, -4, 41, 54, -45, -41, -43, 26, -53, -55, 59, 0, 19, -8, 26, 13, 3, -18, 54, -9, 80};
weights_linear_hh[1] = {-2, -25, -4, -35, -33, -13, -43, -21, -35, -59, -4, -30, 47, 23, -16, -21, -21, 22, -22, 24, 28, 14, -22, -23, -25, -17, -21, 32, 32, 24, 10, 2, -4, -17, -38, -5, 2, -5, 17, 20, -16, -58, 4, 61, 8, -18, -32, 15, -28, 14, 11, -22, -49, 33, 38, -19, -8, -16, -2, -25, 23, -10, 4, -8, -13, 35, -20, -24, 14, 85, -16, -15};
weights_linear_hh[2] = {16, -22, -3, 33, 18, -16, -29, -3, -25, -15, 9, -28, 6, -34, 23, -17, -1, -24, -26, 6, 8, 1, 7, 30, -21, 9, 14, -6, -14, -26, -31, -15, 22, -4, -42, 10, -7, 28, 24, 13, -24, -28, 7, 27, -8, 10, -9, 25, -12, 16, -13, -9, 5, 10, 18, 14, -3, -43, 1, -2, -35, 20, 8, 25, -30, 15, -71, 0, -3, -27, -5, -16};
weights_linear_hh[3] = {-23, 12, -29, 10, 27, -17, 14, -30, 14, -1, 13, 48, -23, -32, 3, 7, 32, -44, -4, -8, -42, -5, 9, -4, -8, 30, 13, -29, 24, -40, 2, 14, -4, -2, 42, 7, -28, 83, 8, -12, 28, 14, -4, -9, -20, -52, -33, -1, 17, 26, 25, 16, 2, 9, -9, 28, -23, -66, -20, -26, 22, 29, -32, -6, 12, -19, -4, 24, -62, -4, -26, 0};
weights_linear_hh[4] = {-8, 19, 0, 4, -12, 22, 39, 15, -2, 3, -13, -27, -20, -10, -35, -3, -4, 41, -20, 8, -10, -2, -7, -24, 43, 16, -1, 59, 34, 26, -22, -17, -40, 0, 23, -1, 12, -13, -42, 26, 24, 0, 24, -24, 55, -32, 11, -26, -8, 39, -6, -6, 26, -17, -16, 22, -10, 58, -31, 14, 14, -55, 8, 3, 39, -18, -22, 24, -20, 16, -30, -2};
weights_linear_hh[5] = {3, -8, -6, 40, -7, 33, -13, -16, -15, 11, 20, 22, 4, 23, 15, 50, 19, 0, -10, -13, 20, 23, -19, 11, 17, -1, -23, -19, 43, -36, 18, 7, -54, -3, -27, -23, -17, 14, 35, -16, 9, -6, 62, -15, 14, -5, 23, 25, 4, -14, 10, -2, -80, 36, 9, -14, 23, 47, 43, 38, -30, -19, -41, 12, 14, 36, 11, -22, 38, -51, 4, 53};
weights_linear_hh[6] = {46, 15, -13, 37, 9, 4, 1, 18, 28, 0, 29, 18, -34, -9, 68, 64, 30, 16, 14, -2, 66, 19, 20, -6, -20, 25, -16, -6, -41, -44, 5, 7, 14, 8, -8, 57, -69, 11, -19, -12, -4, -9, -18, -12, -20, 18, 54, -5, -28, -14, 18, 16, -1, 0, 23, 3, 0, -8, 23, -10, -56, 39, -12, -3, 14, 2, 4, 22, 6, 12, -2, 30};
weights_linear_hh[7] = {6, 13, 2, 30, 40, 39, 2, -14, -22, 20, -27, -6, -1, -33, -37, 12, 17, -46, 5, -2, -8, -5, 11, 18, -12, 15, -20, -24, 25, 38, 9, -4, 19, 18, 13, 17, 9, -4, -3, 13, -15, -9, 11, -15, 45, -24, 9, 21, -18, 51, 7, 16, 28, -29, 0, -15, 6, 3, -4, 13, 5, 19, -39, -2, 52, -33, -21, 16, -42, -12, 35, -2};
weights_linear_hh[8] = {-27, 50, -27, 17, 15, -5, 5, -26, 26, 30, -2, -29, 4, -36, 0, -51, -18, -49, -36, -14, -55, -16, 44, -2, -4, -19, 1, -35, -22, 34, 17, 17, 20, -9, 34, 14, 3, -5, 10, -5, -15, -19, -43, -5, 23, 10, -7, 12, -18, -17, -12, 9, 31, -2, -22, 12, -4, 2, -13, -60, 36, 31, 15, -14, -35, -29, 0, 5, -24, -27, 7, -3};
weights_linear_hh[9] = {-28, -9, 21, -8, 11, -39, 62, -6, 15, 6, -20, -34, -5, -11, 13, -10, -36, 21, 76, 5, -21, 13, 16, -32, -20, 5, 65, 30, 7, 7, 3, 23, -1, 5, 7, 4, 9, -4, 34, 14, 5, -11, -16, 26, 43, -29, 5, -37, 18, 61, 10, 11, 44, 8, 4, 9, -24, 23, -46, -8, 7, -24, 56, -14, -19, -55, -38, -2, 22, 31, -27, -32};
weights_linear_hh[10] = {13, -57, -14, -11, -6, -14, -1, 16, 42, -16, 18, 7, 16, -1, 30, -52, -2, 43, -27, 27, -36, -14, -5, 28, -25, 12, -20, 15, -30, -27, -4, -11, 2, -33, -10, -11, -19, -12, 21, 17, 3, -31, -18, 7, -3, -8, 27, 9, 20, -96, 4, -21, 42, 63, -41, -26, 30, 37, -14, 16, -99, -54, 13, 2, -65, 24, -39, -24, 26, -8, 0, 13};
weights_linear_hh[11] = {-31, 21, 35, -30, -43, 28, -27, -39, -6, -41, -19, -25, 3, 5, -15, 12, 29, -11, -51, 6, 17, -2, -5, 2, 1, -5, -13, 21, 39, 36, -16, 13, -11, -26, -5, -14, 12, -24, 41, -6, -22, -6, -39, -13, 52, -35, -36, 31, 25, 46, -25, -23, 25, -9, -1, 3, 0, -15, 0, 18, 65, -73, 25, -26, -19, 1, 19, -42, -30, -67, 30, 3};
weights_linear_hh[12] = {-7, -1, -4, 8, -14, 4, -3, 8, 11, 0, 7, 0, 7, -1, -2, 10, -1, 8, -3, -3, 0, 0, 19, -4, -9, 16, -1, 3, 5, -10, -3, 15, 11, 3, 21, -8, -17, -12, 2, -9, 7, 4, 15, 10, -9, -11, -1, 0, 9, -5, 17, -3, -4, -13, 5, 4, -17, -6, -12, 10, -11, 0, -7, -10, -17, 1, -2, 11, -13, 8, -6, 5};
weights_linear_hh[13] = {-7, 0, -12, 43, -10, 34, -8, -30, 10, 31, 21, 26, 20, -23, 59, 23, -23, -49, 34, -37, -3, 17, 6, -5, 19, 14, 31, -40, -50, -48, 14, 68, -3, 4, -10, 23, -4, 34, 4, -2, 20, -25, 34, 29, -14, -22, 0, -43, -8, -7, 44, 23, -26, 48, 15, -26, 13, 4, 12, -27, -1, 57, -29, -19, -5, 19, 29, -31, 54, 26, -20, 21};
weights_linear_hh[14] = {-36, 32, -41, -19, -10, -3, 1, -16, -15, -2, -5, -48, 20, 38, 1, -27, -16, 3, 13, -9, 32, -14, 12, -3, 8, 41, 32, 47, 1, -30, 32, 24, -2, 12, 46, -9, 12, 30, 14, -37, -40, 4, 14, 6, -22, -19, -8, -18, -14, 61, -8, 2, -23, -38, 42, 10, -39, -18, -26, 106, -42, -27, -24, -11, -14, 11, -11, -18, 43, -33, -5, -41};
weights_linear_hh[15] = {-1, -44, -18, 9, 48, 10, -37, 11, -36, 50, -6, 4, -14, -55, -25, -35, -1, 11, -1, 53, 1, 12, 9, 15, 15, -4, 8, -55, 40, -3, 10, 10, 3, -34, 35, -27, 26, 39, 36, 25, -23, -21, -15, 63, 10, 18, 6, 29, -27, -41, 97, 6, -15, 22, 75, 54, 64, 1, 0, 28, 10, 60, 1, -37, -6, -15, 24, 12, -3, 17, 8, 5};
weights_linear_hh[16] = {-15, 23, -16, -18, 1, -18, -21, -34, -15, 2, -18, -35, 27, -19, 4, 0, 18, 15, 14, -27, 11, 15, 36, -18, -10, -33, 7, 21, -27, -3, 32, -2, 9, -4, 31, 30, 12, 8, -12, -32, -4, -4, 6, -25, -6, 14, -32, 7, 1, 13, 14, -13, -24, -22, 6, -18, -19, -2, -11, -84, 10, -4, -13, -26, -24, -25, 15, -23, -29, 31, 17, -1};
weights_linear_hh[17] = {15, 21, 18, 7, 31, 4, 14, 41, 8, 60, -43, -20, -12, 41, 51, 3, -25, -28, 3, 11, -12, 23, 26, 34, 2, 3, -7, -55, -37, -29, -3, 43, -11, -11, 6, -3, -5, 24, 22, 8, -4, -22, -16, -20, -62, -22, 81, -6, 55, -18, 11, 37, -21, -15, 22, 11, 6, 4, -3, 51, -12, 8, -16, 41, -5, -15, -17, 5, 35, 27, 1, 26};
weights_linear_hh[18] = {70, 1, 28, -1, 0, 29, -11, 36, 20, 17, 8, 15, -28, -10, 41, 28, 36, -26, 33, -9, 6, 25, 22, 4, 29, -19, -4, -59, -54, -28, 11, 44, -9, 13, -11, 39, 12, 39, 28, -38, 5, -2, 8, 6, -23, -1, 46, 0, 20, -20, 33, 3, -39, 7, -22, 28, 8, -11, -21, 13, -10, 64, -56, 20, 3, -18, 69, -7, 5, -40, -4, 50};
weights_linear_hh[19] = {9, 28, -55, 8, 80, 14, 2, -50, -6, 0, -59, 32, -26, -46, -37, -39, -43, -27, 33, -108, -15, 32, -23, 20, 29, 19, -24, -30, 13, 55, 40, -45, -38, 6, 61, 19, 31, 3, 10, -22, -14, 13, 28, -13, 13, -30, 10, 9, -14, -6, 54, -8, -18, -10, 18, 81, 10, 4, 0, 21, 7, -7, -12, -57, 23, -76, -18, 27, -51, -21, 63, -21};
weights_linear_hh[20] = {-20, 39, 19, -2, 20, 29, -32, -27, 8, -7, 23, 41, -31, 8, -34, -51, -16, -18, 52, 7, -21, 8, 10, 57, -17, -4, 73, 16, -22, 62, 22, -35, -13, 17, 36, 4, -9, -3, -6, 22, -29, -9, 46, 38, 27, -27, -49, -15, -18, 12, -7, 95, 6, 2, 54, -3, -8, 5, -2, -25, 6, -16, 8, 3, 9, 5, -34, -50, -14, 82, 68, -53};
weights_linear_hh[21] = {18, 49, -26, 29, -4, -11, 7, -30, -4, -21, -31, -19, 14, -14, 26, 39, 9, -42, 8, 10, -8, -12, -17, -5, 1, -3, 14, 15, 18, 25, 22, 15, 28, -25, 20, 28, -28, -29, 16, -70, -40, -26, -28, -1, 19, 12, -21, 3, -22, 47, -1, 21, 1, -66, 24, -17, -33, -31, -34, 10, 0, 9, -8, -32, -21, -10, -11, 29, -41, 6, -13, 14};
weights_linear_hh[22] = {19, -4, 20, -25, -30, 43, -22, -18, -5, -3, -53, -9, 14, 14, -9, -8, -35, 37, 6, 13, -15, 20, -5, 3, -2, -21, -16, 24, 14, -14, -6, -7, -1, 5, -22, -2, -10, -4, 9, 47, -32, -12, 12, -16, -16, 11, -10, 25, 1, 7, 7, 5, -22, 17, 37, -8, 25, -40, 3, -13, -16, -18, -34, 7, 0, 5, 11, -38, 16, 50, -3, 13};
weights_linear_hh[23] = {14, -15, -34, 1, 33, 16, 24, 35, 17, 9, 7, 31, -21, 40, 7, 10, 17, -58, 31, -23, -15, -31, 1, -11, -8, 4, 2, -8, -65, -20, 31, 10, 9, 7, 1, 22, 8, 15, -38, -10, 10, -5, 4, -16, 12, 0, 57, 25, 10, 40, 15, 42, -8, 1, -23, -14, -17, 8, 11, 38, -15, 6, -12, 12, 24, -76, -12, 16, -22, -23, 6, -19};
weights_linear_hh[24] = {-19, 7, 0, 1, -31, 1, -4, -4, -14, -39, 23, 48, -29, 21, -32, 1, 14, -7, 4, 24, 3, -23, -9, 23, -20, 14, 32, 14, 23, 19, 6, -28, -20, -15, 18, 11, -9, -21, -14, -1, -10, -5, 21, -18, 20, 5, -41, 4, -27, 6, -13, 34, 21, -4, 7, 15, -17, -8, -5, -6, 8, -25, 21, 7, 9, 2, 2, -35, -26, 40, 48, -45};
weights_linear_hh[25] = {-12, -5, 15, -19, 48, 8, -20, -8, -16, -16, -23, -15, -15, -8, -32, 3, 9, 13, -15, -11, 35, -7, -18, 46, -12, -26, -34, 24, -2, 46, 13, 18, -9, -8, 2, 3, 6, -32, 26, 13, -1, -18, 11, -6, 16, 15, -26, 10, 17, 20, 34, -11, 30, 6, -22, 8, 29, 2, -16, 15, 0, 0, 5, -18, -21, -16, -12, -41, -7, 45, 34, -26};
weights_linear_hh[26] = {9, -14, -12, -8, 5, -34, 5, -17, -4, -29, -8, -4, -10, -12, 3, -35, -30, 9, -12, 2, -10, -25, 6, 5, 3, -16, -27, 34, -8, 32, 13, 2, -8, 9, 23, -13, -17, -29, -16, 17, -30, -39, -6, -19, -13, 27, -27, -9, -25, -5, 12, 10, 19, -14, 5, 6, 14, 6, 2, -55, -34, -37, 12, 1, -15, -2, -24, -19, 0, 7, 17, -35};
weights_linear_hh[27] = {20, -29, 38, -20, 19, -15, -12, 16, 8, 2, 13, 18, -28, 23, -5, -2, -1, 53, 20, 2, 44, 8, -8, -8, -21, 13, 8, 9, 14, 21, -4, -5, -7, 5, -20, 48, -39, -18, -48, 20, -4, -10, -10, 24, -10, 15, 19, -5, 11, -8, 11, 30, 27, 7, -4, 4, -22, 19, 1, -7, -58, 15, -33, -7, -1, 2, 3, 4, 10, 5, 6, 3};
weights_linear_hh[28] = {-26, 35, -5, -38, 6, 35, -11, 4, 8, 6, 16, 13, -11, -19, -20, -1, 23, -26, 2, -41, 34, -25, 9, 54, 18, 11, 12, 0, 15, 1, 6, -25, 23, 30, 52, 43, 26, -9, 1, 34, 12, 20, 8, 7, -3, 18, 10, 2, 21, 2, -3, 17, -3, -43, 50, -24, 7, -48, 19, 9, -26, -29, 11, -11, -19, -11, 27, -9, -71, -16, 49, -11};
weights_linear_hh[29] = {-69, -12, 1, 9, -20, 0, -17, 36, -14, -28, -3, -39, 29, -62, -61, -2, -12, 16, 5, 16, -19, -19, 27, -44, -2, 7, 18, 25, 23, 15, 21, 39, 29, -28, 15, 17, -6, -1, -11, 15, -3, -4, 25, 27, 63, -7, -30, -15, -5, 19, 62, -15, -1, -41, 32, 23, -11, 14, -17, 10, 19, -26, -14, -67, 19, 4, 23, 18, -43, 72, 15, -11};
weights_linear_hh[30] = {49, 6, 6, -12, 14, 35, -7, -44, 7, 57, -43, 40, -18, -32, 23, 2, 15, -47, 22, -10, -16, 20, -7, 45, 46, 12, 10, -75, -51, -42, -18, 14, 22, 13, 42, -7, -6, 81, 2, 15, 42, -31, 1, 7, -29, -18, 45, 4, 46, 2, 9, 24, -39, 58, 23, 38, 2, -60, -14, 4, -11, 62, -6, 19, -39, -25, 30, -32, -22, -28, -34, 44};
weights_linear_hh[31] = {-6, -9, -22, 16, 37, 32, -20, -23, 23, -9, -44, -17, -13, -28, 1, -10, -38, -28, 31, 7, -12, 29, -22, 50, 10, -36, -1, 19, -12, 24, 2, 16, -5, 28, 2, -16, -6, 5, 32, 0, 4, 8, 17, 33, 15, 16, -11, -20, -26, 29, -6, 3, 9, 15, 2, 9, 14, -29, -24, -29, 13, -12, 1, 20, 9, 1, -24, -9, -21, 9, 14, -30};
weights_linear_hh[32] = {27, 10, 36, 8, 31, 35, 9, 23, -2, -1, -28, 56, -18, 34, -37, -3, 0, 0, -20, -4, -28, 15, -9, -3, 47, 14, -29, -20, -3, 10, -3, -28, -28, 9, 1, 5, -8, 43, -12, 37, 16, 34, -4, -4, -21, -39, 1, 40, 11, -17, -3, 11, -9, -8, 11, 19, -9, 15, 29, -33, -13, 9, -65, 9, 11, 3, 1, -18, 3, -12, -13, 1};
weights_linear_hh[33] = {45, -5, -12, -14, -10, 30, 27, 46, 66, 13, -1, -15, 5, -4, -3, 34, 18, 9, -29, 17, -17, 0, -11, -20, -12, 17, -6, 28, 4, -3, 5, 20, -2, -2, 11, 0, -3, 49, -11, 6, 15, -21, -13, 17, -14, 9, -17, 18, 37, -37, 9, -1, 11, -3, 8, -16, 9, -11, -20, 23, -42, -3, -48, 11, -34, 9, -3, -30, -37, 10, -24, 2};
weights_linear_hh[34] = {-4, -24, 37, -5, 17, 5, -60, -5, -2, 11, -13, 19, -19, -45, -24, -33, -21, -5, -31, 5, 3, -9, -22, 53, 33, -39, -9, -7, 5, 8, 10, -21, -22, 12, -1, 25, -10, -8, 3, -3, -18, 13, 14, 13, -22, 23, -11, 13, -21, -19, 0, -11, 2, 2, 45, -25, 34, 48, 26, -8, 15, 6, -7, 9, -15, -8, 25, -24, -39, -17, 20, -5};
weights_linear_hh[35] = {10, -15, -21, 12, 7, 9, -34, -15, 20, 45, -13, -27, -19, -91, 8, -37, -22, -42, -15, -52, -57, 6, -4, 47, 96, -17, -29, -57, -35, -21, -31, 8, -44, 2, 15, 1, 66, 38, 1, -9, 30, -2, -13, -1, -25, 13, -6, -1, -12, -55, 56, -11, -18, 9, 47, -23, 82, 54, 0, 47, 33, 30, 19, 0, -36, -4, 36, 0, 5, -30, 13, 18};
weights_linear_hh[36] = {-55, -33, 5, 6, 14, 52, -33, 4, -44, -22, 18, 14, 12, 24, -17, 11, -11, 46, 0, 11, 35, -7, -6, 9, 25, 4, -27, 9, 50, -25, 13, -10, -4, -19, -19, -12, -2, 16, -14, 44, -17, -9, 54, 28, 14, -37, 22, 23, -16, 11, 12, -30, -34, 35, 38, -15, -1, 15, 29, -5, -9, 1, -54, 13, 25, 40, 7, -57, -17, -16, 6, 14};
weights_linear_hh[37] = {54, 16, -26, -37, 23, 24, -5, -12, -1, 23, -54, -3, -11, -8, 10, -61, 30, -67, 15, -36, -45, 8, 36, 38, 14, 8, 14, -29, -114, 20, 48, -28, -18, -9, 17, 51, -18, 23, 47, 29, 2, 0, -70, -22, 18, 46, -46, -13, -11, -21, 30, 12, -29, 30, 16, 30, 37, 55, 4, 14, 39, 46, 24, -23, 15, -11, 25, 0, -15, 91, 40, 3};
weights_linear_hh[38] = {8, 26, -2, -10, 16, 16, -11, -41, 11, -20, 16, 34, -17, 11, 20, -10, -19, -9, 18, -23, 1, 30, 1, 10, -25, -16, 7, -1, -38, 14, 18, -18, -7, 25, 9, 15, -17, 20, -8, 12, -4, -1, 1, -7, -15, 31, -41, -6, -7, 8, -15, 3, 21, 24, 22, -10, -15, 9, -6, -37, -21, 13, -1, 8, 10, -1, -19, -19, 7, 60, 2, -32};
weights_linear_hh[39] = {-44, -27, -28, -12, 23, 4, -27, -90, -75, -37, -29, -41, 40, 44, 25, -46, -22, -28, -16, 15, 45, 5, -17, -20, -10, -25, -18, 30, 37, -38, 21, -16, -69, -51, -24, -39, 51, 13, 57, -30, -37, -22, 10, -7, 15, -45, 0, 14, -40, 85, 20, -1, 9, 16, -18, 2, -6, -34, 14, 31, 25, -28, -11, -3, 26, 34, -24, -52, 39, -17, -3, -45};
weights_linear_hh[40] = {-15, 1, 8, 21, -28, 45, -2, 11, -33, -36, 23, 22, 4, 11, -19, -6, -16, 23, 17, 0, -30, 11, -10, 4, 13, 4, 0, 29, 6, -4, 4, -18, 41, -6, 10, -5, -5, 26, -20, 9, -11, -14, 4, 20, 0, -21, -13, -9, -4, -5, 4, -12, -23, 9, 20, -9, -9, -6, 13, -19, 12, -7, -54, -1, 9, 11, -7, -18, 3, 20, -4, 16};
weights_linear_hh[41] = {-11, 23, 15, 18, 17, 26, -15, -44, -16, 6, -33, -21, -13, 9, -25, 7, -14, 37, 22, 29, -10, 43, -22, 36, -7, -40, -20, 18, 28, -8, -8, -36, 7, 7, -5, -41, -1, 16, 6, 20, -16, -14, 5, 29, 0, -8, 3, 14, 20, 33, -9, -3, 26, 12, 27, -16, 2, -15, -17, 6, 29, -23, -31, 46, 23, 24, -7, 2, -38, 39, 6, -3};
weights_linear_hh[42] = {10, 4, -5, -16, -5, 60, 1, 31, 39, 13, -11, -11, 0, -19, 19, 6, 0, -18, -26, -14, 2, -24, 14, 2, 12, -8, -44, 17, 5, -1, 9, -20, 6, -1, -15, 2, 0, -48, -5, -16, 5, -15, -16, -9, -22, -15, 24, 9, 28, 4, 7, 5, -21, -26, 6, -11, 5, 20, 11, 32, -25, 1, -22, 4, -25, 7, -10, -6, 3, 5, 14, 7};
weights_linear_hh[43] = {-9, -12, 28, -2, 3, 3, 31, 7, -30, -10, -15, 17, -13, -1, -60, 1, -2, -7, -10, 22, -15, -15, -3, 5, -5, 25, -14, -13, 75, 46, 22, 0, -4, 17, -16, 11, -5, -6, 4, 3, -21, 34, -17, -40, 40, -14, 5, -6, 12, 36, -10, -14, 48, -5, -5, -4, -15, 12, 0, 9, 23, -8, -38, 1, 17, 0, 17, 16, -37, 0, 43, 3};
weights_linear_hh[44] = {77, 6, 0, -5, -21, -30, -32, -22, 1, -29, -54, -38, 37, -24, 18, -28, -10, 1, -31, 7, 11, -1, -12, -43, -4, -4, -52, -19, 15, -18, 13, -3, -28, 12, 11, -1, 12, 35, 30, -13, -12, -26, -29, -48, -3, 32, 6, 22, 9, -4, -16, 9, -22, -6, 19, 4, 0, -21, 0, -26, -21, -8, 52, -3, 5, -28, 33, -32, -5, -19, -33, 11};
weights_linear_hh[45] = {-5, 65, -36, -7, 37, -13, 57, -43, 27, -28, 2, 49, -10, -1, -8, 5, -14, -67, 97, -33, -80, -21, 21, 29, -31, 14, 76, 12, 6, 17, 43, -22, 38, -8, 49, 35, 6, -21, 1, 8, -9, 0, 11, -5, 40, 10, -38, -40, -10, 1, -8, 40, 58, -4, -12, 15, -52, -6, -7, -34, 1, -2, 36, -6, -17, -42, -52, -7, 2, 7, 18, -24};
weights_linear_hh[46] = {27, 15, -15, -30, -27, -14, 13, 51, 34, -1, 20, -69, 22, 5, 4, 25, 39, -1, -64, 13, 28, -76, 8, -20, -2, 40, -5, 22, -53, -20, -4, 37, 8, 20, 0, 36, -29, -27, -12, -12, -23, 15, 3, -36, -12, -26, 37, 37, 6, -7, 1, -13, 6, -26, 20, 8, -49, -2, 10, 25, -33, -9, 40, -5, 3, 0, -13, 24, 36, -12, 7, 19};
weights_linear_hh[47] = {-32, 8, -13, -10, -17, -2, -38, -13, -38, 5, 16, -27, 8, -21, 37, 17, 24, 43, 5, -26, 24, -26, 11, 9, -48, 14, -54, 27, 1, -11, 20, 8, -6, 16, 14, 0, -17, -44, 14, 6, 19, -8, -9, -13, -5, -34, -1, 8, -8, 34, 28, -28, -2, -15, 10, 24, 9, -18, -30, -27, -36, 16, -10, -8, 8, 21, 3, -23, 2, 34, 14, -32};
weights_linear_hh[48] = {19, -9, -1, -47, -27, 44, -9, 12, -4, 21, 25, 25, -14, 33, 23, 11, 9, 9, 64, -7, -16, 35, -24, 21, 4, 17, 5, 52, 10, -19, -9, 5, -15, 35, -62, 26, -15, 14, -35, 3, -15, -22, 43, -6, -9, 21, 3, -14, 17, -33, 15, 4, -14, 21, -2, -9, 10, 60, 41, -20, -58, 1, 3, -24, -22, 10, 17, 19, 40, 7, 7, -10};
weights_linear_hh[49] = {20, 4, -24, 14, 25, -16, -19, 45, 6, -30, 38, 10, -13, 1, 51, 33, -1, 35, 4, 17, 38, 22, -24, 1, -37, -5, -3, 46, -40, -37, -18, 14, 18, -26, -29, 35, -54, 25, -34, -45, -12, -41, -25, -20, 10, 41, -2, 17, -36, -23, 10, 12, 20, -2, 33, -31, -22, -57, 11, -1, -52, 18, -3, -3, 13, -11, -19, 12, 20, 43, -14, 29};
weights_linear_hh[50] = {49, -27, 13, -15, -18, 55, 10, -4, -11, -6, -4, 14, 42, 19, -2, 18, -20, 4, -12, 10, -5, 65, -4, -11, 7, -35, -43, 35, 38, -1, 3, 18, 0, -19, -38, -33, -18, 69, 7, 11, 10, 26, -27, -8, -40, -1, 15, 43, 44, -5, 3, -8, -22, -9, -14, 2, 13, -30, -23, -47, 9, 8, -23, 29, 27, 6, 16, -9, 5, 24, -8, 6};
weights_linear_hh[51] = {-6, -28, 1, 24, 43, 20, -29, 6, -3, 22, 20, 52, -12, 43, 35, -27, 11, 36, 28, 10, -15, -6, -3, 54, 25, -11, 36, 16, -29, -6, 24, -36, -20, -1, -38, 43, 14, 44, 2, -3, -40, -41, 28, -21, 9, 2, 5, 10, 2, -9, -14, 49, -26, 22, 15, -24, -12, -20, 32, -20, -36, 1, -14, 13, 1, 17, -6, -54, 47, 39, -8, -4};
weights_linear_hh[52] = {36, -28, 44, -46, -2, 39, -24, -3, -23, 0, 8, 1, 38, 9, 56, 11, 7, 16, 11, 49, -1, 15, -5, 30, 22, 3, 21, -8, -27, -56, -15, -6, 19, 32, -40, -12, -10, 16, 14, 25, 31, -22, 9, 28, -130, -2, -3, -27, 46, -40, -11, -29, -52, 51, 25, -5, -10, -51, 53, 21, -33, 48, -53, 4, -55, 97, 12, -36, 21, -36, -30, 12};
weights_linear_hh[53] = {-22, -6, -1, 22, -45, 4, 42, 20, 33, -43, 39, 40, 37, 11, -18, 11, 17, -1, 42, 38, -42, -30, 3, -4, 7, 19, 65, -7, -10, 2, 14, 4, 1, 16, 0, 28, 1, -23, -42, -14, 30, -5, 50, 6, 9, -23, -25, -22, -14, 9, -10, 52, 5, 3, 14, 4, -47, 16, -30, -30, 16, -28, 24, -7, -4, -10, -10, -26, -3, 56, -14, -37};
weights_linear_hh[54] = {73, -23, 28, -1, -2, 7, -7, -8, 10, 11, -7, -18, -5, 23, 1, -20, 2, 8, 21, 24, -5, 32, -1, 8, -8, -2, 31, 6, 3, -13, 20, 21, 25, 23, -35, 24, -19, 38, 3, 20, -36, -21, -9, 13, -3, -26, -22, -20, -30, 2, 1, -13, 12, 31, 24, -8, -4, -19, -20, 20, -9, 33, -40, 10, 15, 31, -47, -12, -14, -7, 23, -7};
weights_linear_hh[55] = {19, 8, 13, 8, -6, 48, -11, 17, 15, -9, -2, -18, 26, 7, -28, 22, 25, -6, -36, 8, -2, 6, 6, -3, 17, 12, -34, 26, 0, -58, 19, 6, 20, 2, 2, -5, -6, 25, -17, -1, -27, -15, -3, 12, -17, 9, 2, 22, 17, 41, -2, -10, -16, 7, 1, 13, 4, -25, -14, 8, 2, 21, -28, -6, 4, 15, 6, -9, 7, 38, -13, 6};
weights_linear_hh[56] = {-2, -23, -1, 18, -13, -1, -30, 1, -19, -41, -12, 43, 18, 4, -28, -16, -52, 13, 10, 8, -7, 54, -32, -6, -11, -14, 2, 17, 58, -7, 2, -1, 7, -37, 13, -33, -7, 43, 19, 36, -39, -56, 10, 6, 17, -13, -21, -2, -48, 46, -2, 0, -24, 71, 36, 13, -2, -37, 32, -3, -36, -15, -3, -1, 31, 14, -25, -14, -5, 22, -13, -17};
weights_linear_hh[57] = {-15, 43, -20, -16, 44, -5, -13, -39, 8, 7, -12, -20, 4, -7, 41, 2, -5, -17, -18, 13, 2, 4, -1, 7, -16, -42, -2, -21, 3, 5, 34, 21, -7, 83, 20, -17, -7, 9, 18, -19, 18, -6, 9, -7, -6, -26, -10, -6, -11, 12, 13, 2, 17, -27, 7, 32, -24, -4, -36, 37, 2, 1, -11, -28, -21, -13, -26, -18, 1, -38, -23, -1};
weights_linear_hh[58] = {12, -8, 0, -3, 14, 6, -25, -5, -24, 6, -18, -14, -21, -60, 13, 16, -1, -21, -8, 7, 14, -4, 13, 32, 1, -7, -7, -21, 9, -28, 21, -1, 45, -3, 7, 5, -21, 36, 23, 17, -19, -31, -31, 45, -13, 11, 46, 46, 2, 18, 6, 49, -19, 19, 20, -1, 9, -23, -18, 26, -4, 7, -3, 4, -14, 0, -11, -22, -32, -20, -3, 35};
weights_linear_hh[59] = {20, 0, 2, -9, 34, 13, 1, 8, -2, 9, -4, 52, -36, -29, 10, -7, -15, 8, 23, 1, -4, 45, 0, 23, 17, 28, 6, 12, 5, 8, 33, 10, -6, 30, 9, 20, -24, 17, 27, 22, -9, -22, 1, 49, 19, -27, -15, -26, 0, -27, 11, 18, 17, -3, 61, 0, -57, 23, 33, -9, -10, 30, -3, -35, 12, 12, -7, -15, -79, 12, 46, 21};
weights_linear_hh[60] = {-33, -4, 20, -3, 24, 48, -53, -6, -50, -7, 11, 23, 3, -9, -23, -14, -17, 26, -3, -1, 22, -2, -15, 40, 5, -11, -19, -2, 22, 30, 16, -20, -9, -4, 2, 5, 4, 16, 6, 0, -25, -14, -7, -20, -7, 32, -2, 21, -8, 4, 2, -28, -26, -22, 21, 0, 8, 8, 22, -11, -3, -4, -26, 14, 23, 23, 8, -23, 5, -19, 26, 12};
weights_linear_hh[61] = {75, -12, 15, -12, -68, 15, -24, -13, -14, -33, -48, -20, 47, 9, -15, -18, -12, 6, -35, -9, 20, 10, 2, 5, -24, -1, -37, -17, 10, 4, 5, 16, 17, 20, 4, 8, -8, 31, 24, 24, -44, -39, 1, -30, -36, -12, 14, 10, -1, 30, 30, -32, -32, 40, 25, 10, 9, -47, -23, 19, -38, -7, -12, -20, -31, 16, 6, -11, 12, 8, -26, -6};
weights_linear_hh[62] = {1, 30, 7, -59, 21, -7, -1, 29, -14, -1, -3, 14, 9, -26, 33, 23, 1, -3, 4, -11, 9, -24, 13, 17, 13, 21, 2, 10, -25, -4, 5, -12, 3, 0, 10, 10, 1, -35, 13, -31, 14, 15, 2, -18, -22, -10, 21, 12, 18, -6, 20, 3, 5, -25, 7, 26, -6, 4, -7, 21, -30, 16, -18, -20, -44, 6, 20, -3, -13, 9, -4, 33};
weights_linear_hh[63] = {4, -26, 21, 13, -9, 19, 15, 5, -8, -18, 10, 29, -9, -39, 22, 7, -3, 6, 24, 9, -57, 34, -5, 60, 10, -41, 11, 12, -28, -4, -32, 12, 87, -25, 32, -7, 15, 40, 14, 0, 19, -5, -22, 26, -27, -20, -5, 7, -3, -47, -7, -12, -20, -16, 16, 16, 9, -19, 9, -5, 22, 29, -10, 4, -72, 2, 29, -31, -7, 2, -2, 2};
weights_linear_hh[64] = {12, 6, 23, -4, -52, -29, -13, -29, -28, -49, -18, -40, 13, 24, -8, -39, 11, 25, -9, 6, 39, -9, -5, -25, -43, 2, -40, 8, 16, -36, 4, 7, 11, 11, 5, -1, -6, 0, -2, 6, -2, -46, -14, -4, 20, 15, -37, 15, -1, 71, -8, -26, 4, 40, -3, 19, 1, -58, -16, -26, -7, -26, -10, -11, 8, 32, 9, -37, 18, 46, 19, -3};
weights_linear_hh[65] = {-32, -14, -26, -14, -8, 30, 71, 26, -15, -25, 7, 21, 24, 14, -24, 1, -48, 16, 58, 1, -24, 11, -11, 15, -46, 25, 21, -5, 9, 24, 38, 0, 53, -20, 17, 41, -13, -13, 5, -8, 4, -12, 11, -7, -37, -25, -21, -24, 25, -21, -8, 16, 0, -23, 21, 24, -45, -41, -5, -9, -50, 14, -12, -10, -24, -4, -48, -7, -21, 32, -5, 4};
weights_linear_hh[66] = {-12, 5, -11, -33, -59, -43, 15, -21, 18, -15, 7, -29, 27, 3, 38, -5, 7, 8, -11, -1, 22, -8, 6, -6, -45, 13, -26, 32, -34, 16, 4, -4, 34, -5, 21, -5, -25, -90, 46, 24, 2, -42, -10, -10, 6, -28, 29, -6, 16, 35, 0, -22, 60, 25, -3, 14, -30, 0, -18, 14, -18, -9, 25, -28, -25, -30, -24, -11, 10, -1, 31, -69};
weights_linear_hh[67] = {-8, 14, 13, -11, 18, 24, -34, -4, -2, 16, 18, 5, -14, 1, 9, 5, 7, -7, -5, -1, 13, 4, 14, 12, -3, 17, -18, 11, -18, -9, 9, 12, 10, 15, -2, 11, -31, 17, 11, 10, -3, -13, 7, 3, -20, -3, 3, 12, 11, 0, 15, -22, -8, 26, 11, 16, -21, -20, 0, 1, -13, 7, -33, -17, -7, 0, 0, -41, -2, -8, 13, -1};
weights_linear_hh[68] = {45, 2, 8, -72, 7, 24, -16, -21, 12, -2, -27, -50, 29, 18, 1, 30, 7, 43, -34, -25, 18, 14, 7, 30, 13, 0, -44, 18, -17, 3, -18, -7, -7, -24, -21, -17, -21, -22, 36, 1, 30, -12, -18, -50, -32, -23, 26, 36, 10, 44, -4, -17, -20, 0, 13, -19, 9, -18, -22, 5, -9, -8, 7, 14, -42, 4, 17, -7, 13, 14, 2, 10};
weights_linear_hh[69] = {-19, 10, -57, -24, -2, 8, 22, 40, 18, -4, 38, -12, 43, 23, 29, -68, 5, -32, -47, -12, 45, -38, -18, 28, -26, 2, -19, -10, -30, -56, 10, -12, 14, 9, 6, 31, -18, 10, -15, 6, -24, -3, -18, -38, -6, 22, 41, -2, -14, -22, -3, -60, 58, 2, -1, -17, -22, -4, 13, 27, -73, 0, 34, -6, -8, 26, -11, -31, 26, -14, 13, 9};
weights_linear_hh[70] = {27, -35, -20, 14, 1, 4, -1, 35, 5, 34, 4, -11, -8, -99, 3, -34, 6, 16, -5, 6, -13, 16, 67, 21, 60, 45, 13, -5, -15, -51, -4, 70, 30, 12, 45, 14, 25, 41, -24, 15, 47, -9, -18, 56, -20, 0, -8, -8, -9, -62, 91, -13, -21, 32, 35, 38, 26, 0, -68, 3, 29, -4, -3, -57, -21, 7, 23, -7, 1, 27, 4, 19};
weights_linear_hh[71] = {40, -23, 57, 36, -26, 38, -5, -6, -20, -19, -14, -4, 25, -11, -12, -48, -48, 27, -28, 16, -12, 62, -32, -9, -10, -48, -19, 25, 24, 33, -15, -11, -8, 2, -6, -32, 6, 22, 33, -1, -13, -24, 10, 8, 3, -26, -15, -12, 6, 34, -5, -3, -23, 27, 46, 2, 7, -58, -17, 1, 14, 10, -30, -5, -7, -1, -10, -33, -4, 8, -19, 9};
weights_linear_hh[72] = {-13, -19, 16, -34, 10, -29, -8, 26, -20, -50, 31, -5, -9, 15, 16, 4, -27, 77, 8, 33, -5, 0, 31, -4, -18, 17, -10, 13, -10, -23, 2, -7, 12, 12, -30, 17, 1, 14, -12, 19, -26, 0, 20, 48, 4, -5, -32, 19, -7, 5, -16, 15, -19, 30, 42, -15, -28, -27, -14, 36, -9, 8, -4, -2, -33, -1, -24, -7, -25, 44, -37, 4};
weights_linear_hh[73] = {37, 5, -5, -14, 15, -3, 10, 5, -6, -50, -9, 49, -40, -3, -2, -12, -5, -21, -13, -46, 44, -7, 28, 17, -5, 23, -30, -32, -9, -19, 29, -1, 7, -33, -8, 31, -35, -2, 55, 14, -35, -27, -6, -11, 30, 65, 22, 14, -24, -10, 21, -35, -11, 64, -20, 30, -3, -42, 1, 10, -20, 2, -7, -18, 1, -16, 2, -16, -16, -13, -3, 24};
weights_linear_hh[74] = {4, 26, 3, -82, 30, 54, 10, -12, -18, 45, 11, 42, -41, -66, -25, -56, -26, -15, 7, -33, 6, -5, 40, 72, 33, 57, 14, -35, -42, 25, 32, 23, 21, 33, 28, 58, -34, 14, 17, 30, -34, 1, 17, 64, -30, -33, 13, -39, 27, -28, 27, 26, 7, 22, 29, -18, -7, 12, -20, 41, -23, 12, -34, -5, -18, 17, 60, -17, -41, -27, 77, 3};
weights_linear_hh[75] = {10, -3, 12, -4, 25, 36, -12, -22, -28, -36, 2, 45, -10, -44, -23, 7, -23, 1, -16, -8, 44, 64, 27, -1, -22, 21, -65, 12, 61, -18, 7, -20, 40, 1, 21, -20, 9, 41, 11, 46, -25, -31, -4, 12, -1, 34, -60, 12, -14, 16, -4, -47, 21, 7, 10, 6, -10, -62, 31, -36, 12, -6, -51, -19, -4, 45, -10, -67, -60, 0, 8, 8};
weights_linear_hh[76] = {70, -25, 26, -29, 50, 23, 38, -1, 26, 33, -24, 36, -51, -2, 10, 13, -16, 36, -14, 0, -50, 79, 18, -9, -25, 13, 21, 33, 11, 33, -30, 23, -12, -10, 9, 4, -5, 58, -9, 4, 33, -19, -10, 19, -30, -27, 70, 1, 51, -12, -2, 24, -14, 2, 11, -10, 7, -28, -6, -48, -25, 12, -34, -20, 35, -49, -26, 51, -32, -37, -38, 24};
weights_linear_hh[77] = {-3, -47, 37, -2, 17, 30, 2, -50, -34, -15, -24, -19, -9, 18, 34, -8, -33, 33, 28, 71, 28, 44, -3, 32, -43, -27, -20, -15, 15, 5, 18, 35, 1, 0, -17, -61, -18, -1, 73, -11, 13, -24, -8, 12, -48, -66, 31, -10, 2, 44, -9, -26, -3, 59, -14, -24, -9, 15, 19, 90, -27, -30, -27, 38, -22, 15, -47, -37, 56, -17, 14, -42};
weights_linear_hh[78] = {-23, 30, -24, -36, 1, -26, 4, -1, 34, -34, -17, -45, -33, -6, -27, -16, -65, 13, 20, -27, -14, 16, -6, -3, -22, -5, 38, -15, 24, 51, 12, -10, 15, 20, 30, 36, 20, -35, 6, 44, -24, 3, -31, 33, 29, -6, -2, -29, -2, 56, -11, 7, 43, 6, -1, 8, -38, 49, -58, 27, -30, -32, 28, -33, -19, -68, -21, 11, -37, 1, 21, -34};
weights_linear_hh[79] = {50, -7, -9, 21, -11, 20, -31, 23, -1, -29, -26, -25, -9, -6, 16, 5, 30, 4, 15, -35, 0, 9, 8, -2, 13, 38, -15, 36, -53, -16, 7, 6, 27, 15, -20, 51, -8, -19, 4, -42, -7, -15, -2, -61, -12, 41, 20, 32, -7, 21, 26, 2, -32, 2, -15, 22, 4, -16, 50, 5, 6, -34, 8, -26, 28, -14, 25, -12, -19, 43, 0, 23};
weights_linear_hh[80] = {21, -12, 15, 9, -17, -54, 22, 67, 20, -35, 4, 7, -30, -8, -39, -2, 38, 65, 18, 12, 2, -22, -8, -47, -2, -11, 17, 22, 0, 12, 28, -8, -21, -20, 33, 14, 20, -33, -54, -16, -41, 23, -10, -19, 70, 16, -21, 3, -46, 3, -14, 29, 9, -67, 5, 5, -8, 26, 7, -3, 12, -56, 30, -34, 21, -56, 31, 36, 21, -9, 9, -6};
weights_linear_hh[81] = {-67, 16, -1, 11, 9, 7, -43, -27, -39, -24, -11, 4, 3, -12, -24, -22, -27, -6, -4, 1, 50, -10, 16, -8, -10, 22, -1, -24, 4, 30, 10, -11, 0, 8, 7, 14, -8, -27, -18, 5, -32, 3, 34, 31, 36, 39, -33, 2, -18, -5, -12, -43, -2, 10, 20, 5, -9, -6, 42, -7, 21, -6, 4, -6, 19, 9, -8, -36, 37, -3, 15, 6};
weights_linear_hh[82] = {-32, -26, 1, 51, -22, 11, -51, 0, 18, 4, 8, -10, 23, -34, 26, 23, 13, -4, -39, 7, 32, 2, 30, 33, -1, -42, -22, 39, 99, 7, -42, -13, -19, -52, -10, -56, 36, 40, 16, 0, 10, -7, -11, 1, -9, -29, 76, 54, 20, 50, 1, -38, 14, -24, 38, -48, 16, -4, -25, 19, -10, -40, -6, 2, 8, 8, 19, -11, -14, -62, -41, 23};
weights_linear_hh[83] = {37, -32, 14, -37, 20, 53, -28, -61, -7, 8, -36, 13, 50, -38, 24, 54, 33, -3, 7, 20, 26, 13, -4, -12, 37, 23, 1, -50, -13, -10, -12, 51, 23, 16, 18, -4, -21, 66, -8, -61, 51, -6, 14, 21, -54, -4, 4, 1, 48, -83, 7, -2, -73, 40, 48, 38, -16, -24, -51, -24, 92, 100, -54, -19, 42, -2, 19, -4, -20, 61, -33, 115};
weights_linear_hh[84] = {29, -5, 24, 28, 13, -13, -26, -79, -83, -8, -41, -7, -16, -8, -13, -62, -69, -25, -21, 33, 46, 66, -17, 63, -69, 32, -36, -11, 14, -13, 15, -32, 59, 5, 21, 4, 15, 85, 56, 19, -52, -103, 29, 45, -29, -20, -11, 27, -39, -28, 26, -125, -32, 102, 11, 24, 22, -102, 13, -91, -51, 21, 3, 20, 10, -16, -9, -75, 47, 3, 48, 14};
weights_linear_hh[85] = {35, 13, -6, -15, -12, -18, 39, -34, 32, -15, -11, -2, -4, -33, 0, -32, -30, 29, 14, -2, 22, 49, 33, -28, 3, 28, 13, -13, 27, 28, -6, 31, -11, 11, 27, 31, -20, 31, 27, -31, -19, -23, -25, -41, -3, 5, -23, -4, -16, 19, 9, 9, 24, -7, 15, 43, -10, -46, -106, 14, 8, 5, 15, -37, -11, -46, -20, 18, -45, 34, -34, 8};
weights_linear_hh[86] = {5, 13, -83, -18, 54, -24, 3, -34, -31, -40, -43, 24, -27, -9, -16, -62, -78, -5, 27, -42, 20, 22, 30, 39, -61, 8, 37, -12, 40, 6, 48, 10, 9, -3, 33, -14, -11, -26, 13, 33, -40, -31, 4, 2, 9, -2, -43, -42, 15, 54, 29, 31, 33, 41, -2, 14, -45, -9, -4, 44, -29, -29, 20, -9, -30, -32, -100, 13, -2, -1, -6, -30};
weights_linear_hh[87] = {-8, -2, 25, 3, -25, 3, 17, 12, 15, -24, -1, -3, 42, 50, -31, 45, 19, -4, 19, 4, 64, 37, 40, -30, -70, 0, -20, 58, 31, -17, 27, 5, 16, -37, -25, -20, -19, -20, 60, 13, -34, -3, 6, -25, -1, 4, -12, -10, 25, 94, -47, 6, 6, -1, 18, -45, -39, -46, -13, 15, -34, -26, 13, 24, 21, -3, 25, 3, -33, 25, 14, 5};
weights_linear_hh[88] = {6, 43, -40, -38, 36, 4, 24, -12, 34, 23, -50, -1, -35, 30, 36, 17, -1, -49, -4, -31, -9, 32, 31, 18, 6, 4, -14, -35, -32, 34, 6, 27, -48, -8, -19, 1, 4, -9, 0, 6, 38, 15, -48, -22, 12, 3, 50, -32, -1, -29, -21, 14, 23, 18, -59, 77, 14, 6, -18, 31, 12, 29, -3, 13, -17, -58, -52, 35, -20, -74, 56, -19};
weights_linear_hh[89] = {-3, -18, 51, -11, -12, 17, 12, 24, -1, -5, 67, -15, -26, 2, -10, 19, 61, 10, -3, 15, 6, -9, -32, 39, 33, 31, 5, 40, 4, -10, -31, -27, -1, 22, -65, 22, 3, 3, -11, -17, 5, 15, 41, 68, -24, 5, -11, 24, 15, -15, -37, -9, -8, -5, 91, -61, -29, -20, 34, -65, -26, 31, -21, 14, 9, 38, 66, -26, -5, 36, 9, 29};
weights_linear_hh[90] = {-7, -36, -12, 8, -25, -7, 4, -3, -15, 5, -6, 20, 9, -5, 21, -14, 8, -42, -8, -12, -1, -8, 12, 52, -20, -21, -5, -40, -42, -39, 5, 11, -28, -30, -45, -5, 31, 9, 18, 25, 27, -10, -4, -8, 13, 35, 30, -1, 6, -13, 2, -38, -36, 76, -28, -7, 53, 10, -8, -19, -9, 27, 2, 42, 22, -12, 9, -29, 45, -57, -6, 30};
weights_linear_hh[91] = {27, 17, 1, -25, 4, 16, -27, -68, -33, 16, -15, 38, -33, -12, -24, -12, -19, 25, 28, -7, 5, 19, -12, 52, 0, 1, 7, -27, 28, -2, 44, -9, -41, 18, 20, 1, 6, -16, 11, 56, -16, 1, -25, 15, 21, -22, -31, 7, -6, 0, -1, -13, -5, 9, -13, 2, 13, 6, 30, -2, -32, -15, -31, -28, -4, -22, -15, 10, -36, -19, 34, -27};
weights_linear_hh[92] = {20, -7, 5, 15, 27, 26, -29, -14, -41, 59, -12, 13, -12, -14, 62, -33, -11, 7, -3, -27, 46, 36, 17, -6, -12, 8, 6, -26, -13, 3, -27, -8, -21, 16, -14, -18, -6, 20, -5, 17, 8, 14, 0, 44, -51, 45, 15, -16, 0, -60, -5, -10, -60, 6, 11, 3, 26, 9, 59, -3, -20, 48, -23, -7, 3, 16, 10, -26, -9, -25, 34, 35};
weights_linear_hh[93] = {6, 15, -13, 4, -4, -7, -5, 2, 75, 75, -23, 57, -56, -16, 3, 14, -6, -24, 36, -5, 54, 14, 2, 30, 31, 19, 12, -35, -9, 10, 19, -6, -33, 93, 30, 20, -22, 3, 27, 51, 23, 68, 46, 12, -13, 4, 13, -16, 38, -16, 31, -17, 32, 18, 35, 16, 13, 45, -6, -1, -43, 11, 32, -14, 31, -31, -34, 12, 0, -103, 18, 16};
weights_linear_hh[94] = {-51, 32, -11, -26, -5, -23, -50, -89, -62, -62, -35, 1, -9, -57, -25, -56, -24, -5, 17, -26, -7, -39, 3, 15, -41, -3, -32, -55, 26, 22, 38, 34, 32, 28, 49, 35, -32, -3, -9, 62, -25, -56, 16, 9, 19, -49, -63, 18, -30, 81, 24, -18, -9, -6, 25, 51, -35, -46, -3, 7, -31, -9, -10, 2, 4, -30, -19, -35, -42, -23, 53, -17};
weights_linear_hh[95] = {41, -8, -11, -41, 55, -25, 25, 12, 0, -7, -29, 43, -34, 2, 43, -29, -27, -10, 44, -14, -10, 25, 2, -42, 3, -26, -5, -10, -50, 41, 21, -40, -15, 12, 34, 19, -4, 8, 6, 9, -32, -18, -29, -26, -20, 15, 7, -15, -54, 26, -22, 28, -2, -16, -13, -4, -5, 26, 37, 8, -2, 2, 0, -23, 26, -30, 1, 22, -24, 11, -12, 25};
weights_linear_hh[96] = {36, -20, 6, -1, -4, 24, -23, -5, -12, 18, -10, 7, -6, 27, 8, 6, 64, 35, -33, -6, -33, -3, 18, -14, 17, 12, -48, -1, -5, -3, 11, -13, -36, 16, -6, 23, -30, 18, -5, -37, 1, -35, 3, -24, -28, 12, -3, 99, 3, -7, -13, 15, -53, 21, 28, 21, -19, -55, -5, 41, 20, 7, -22, -9, -8, 15, 11, 10, -32, 2, 22, 30};
weights_linear_hh[97] = {-24, 3, -15, -27, 54, -3, 23, 1, -8, 29, -41, -21, -19, 15, -22, -8, -20, 6, 33, 0, -7, 31, 1, 15, 27, 10, 35, -31, 9, 6, 23, 21, 16, 25, 23, -36, -16, -15, -2, 19, -3, -9, -3, 39, -22, -39, 3, -46, 57, 3, 15, 8, 16, 49, 27, 4, 6, 19, -40, 41, 28, -16, -6, -14, -25, -11, -12, 19, -7, 19, -45, -30};
weights_linear_hh[98] = {-14, 5, 3, -2, -41, -18, -19, -25, -20, -41, -13, -29, 23, -14, -34, -1, -21, 6, -14, 24, -5, 21, 9, -47, -68, 37, -5, 22, 1, 38, 2, 38, 3, 4, 6, -3, -1, -76, 27, -44, 25, -26, 34, -8, -10, 28, -36, 46, 0, 42, 24, -11, -17, -21, 22, 22, -16, 1, -54, -11, 46, -23, 80, -9, -35, -30, -8, 31, -38, -13, -16, 6};
weights_linear_hh[99] = {-6, 24, 4, 5, 36, -35, -33, 26, -34, -6, 16, 35, -5, -39, 10, -12, -21, 66, -4, -5, -5, 14, 32, -4, -2, 4, 20, -25, 1, -15, 21, -8, 22, 19, 4, 8, -1, -48, 13, -16, -14, 13, -1, -4, -51, 21, 13, -16, 8, -34, 7, 26, -1, -10, 2, 31, 12, -1, 7, -6, -28, -15, 21, -17, 0, -5, -24, 28, -6, 45, -49, 49};
weights_linear_hh[100] = {-4, 23, -41, 11, -15, 27, -32, -19, -30, -26, 33, 8, 29, 1, -18, 18, 30, 1, -31, 9, 14, -45, -13, -15, 23, 19, 11, -8, 8, -20, -6, -14, 10, 20, -9, -17, -1, 27, -45, -37, 25, -12, -7, -56, 28, 90, -15, 37, 20, -9, -20, -40, -30, -13, 16, 5, -7, -58, 4, -20, 42, 9, 20, -25, -24, 28, 27, -28, 15, 15, -56, 22};
weights_linear_hh[101] = {59, 2, 0, -16, -13, -46, -40, 41, -1, 54, 7, -37, -22, -16, -10, -40, -41, -30, 49, -11, -15, 15, 2, 7, -40, -16, 6, 0, -32, 9, 44, 36, 17, -35, -9, 49, -31, 10, 60, 28, -56, -22, -60, -34, -55, 30, 11, -14, 33, -4, 35, 27, -8, 12, 45, 18, 7, -8, -16, 7, -26, 2, 45, -25, -31, -8, -17, 32, -46, -62, -7, -1};
weights_linear_hh[102] = {8, -18, 2, -30, 7, -1, -8, 25, -7, 0, -25, -33, 33, 15, -19, 9, 30, -26, -4, 15, 19, -34, 8, -25, 24, -4, 23, 36, -45, 2, -3, -1, 11, -14, -30, 25, -62, -28, 3, 41, 2, -11, 24, -33, 11, -17, -20, 2, -39, 6, -21, 27, 5, -11, 34, -25, -4, 45, 12, -17, -3, -6, 19, 23, 21, 18, 34, 34, -1, 104, 41, 26};
weights_linear_hh[103] = {2, 30, 10, -3, 21, -17, 5, -21, -22, 30, -35, -23, -22, -6, 61, 20, -48, -28, 19, -15, 27, 32, 1, -4, -30, 16, -28, -4, -39, -7, 28, 30, 12, -9, 43, 24, 22, 22, 18, -31, -18, -3, 15, 12, -48, -52, 13, 11, 8, 9, 39, 17, -16, 18, 2, 32, -16, 11, 20, 10, -45, 34, 7, -48, 2, -34, -29, -15, 26, -17, 10, 5};
weights_linear_hh[104] = {-34, 5, 6, 18, 1, 40, -29, -2, -22, 0, 11, -2, -3, -37, 2, -59, 23, 27, -16, -23, 25, -64, 14, 15, -24, -2, 12, -38, -19, -22, -10, -24, 17, -11, 23, -3, 26, 56, -10, 40, 12, -29, 25, 18, 25, -4, 6, 45, 15, -10, 40, -54, 6, 15, 2, 24, -12, -5, 31, 13, 23, -14, -27, -6, 11, 7, 38, -56, 12, 8, 19, 17};
weights_linear_hh[105] = {-17, 14, -26, -18, 11, 5, -40, -49, 37, 6, -31, 4, 7, -46, -16, 19, -34, -32, 0, -1, 27, 25, 25, 63, -16, -38, 1, 9, 6, -7, -1, 29, -8, 0, 2, 11, 23, 6, 67, 38, 7, -35, -20, 22, -7, 18, 2, -8, 33, 32, 36, -40, -31, 59, -5, 13, -2, -79, 13, 2, 10, 7, -14, 22, 19, 10, -34, -23, 4, -73, 28, 5};
weights_linear_hh[106] = {14, 19, -30, 36, -1, 6, 18, 4, -34, -11, 12, 35, -15, -28, -22, -2, -27, 29, 16, 2, -12, -15, 3, 2, 3, 16, -2, -43, 37, 18, 26, 13, 26, 22, 35, 3, -8, -19, -67, 21, -2, 5, 43, 10, 15, 1, -40, -23, 6, -18, 8, 1, 32, -1, -1, 29, -11, 10, 1, 28, 15, -9, -42, -37, 4, -4, -17, 29, -33, 14, 17, 20};
weights_linear_hh[107] = {59, -34, 21, 21, -9, 20, 6, 5, 42, 32, -14, 13, 15, 30, -13, 5, 41, -4, 15, 25, -32, -24, -1, -26, 30, 15, 11, -20, -9, 1, 0, -6, -21, 26, -12, 43, 3, -22, -8, 5, 9, -1, -25, -13, 18, 13, 21, -3, 1, -10, -23, 7, 2, 15, -61, 12, 15, 26, 5, -85, 1, 53, -10, -7, 38, -20, 26, -11, -27, -19, -24, -13};
weights_linear_hh[108] = {-8, -5, -10, -80, -26, 1, -11, 56, -3, -6, -1, -78, 22, -18, -8, -9, 20, -17, -23, -11, -8, -47, 2, 3, 37, 18, -1, 9, -67, -14, 55, 19, -5, -25, -5, 59, 2, -2, -12, -5, 22, -21, 13, -29, -20, 25, 19, 20, 22, 49, 27, -3, -14, -1, 16, 40, -3, 30, 3, 27, 22, 40, -9, -13, -8, -1, 44, 16, 7, -1, 8, -3};
weights_linear_hh[109] = {28, -5, 10, -35, 13, -4, 2, -16, 37, 23, -14, -24, -35, 0, -29, -41, -21, 9, 1, -7, -58, -10, -26, -3, 32, 1, -1, -28, 51, 87, -8, 2, -51, 34, 41, 3, 49, -51, 18, -13, -6, 55, 7, -22, 25, 4, -38, -9, -7, -31, 29, 22, 70, -44, 14, 40, 15, 52, -26, 25, 13, -11, 32, -35, 4, -57, 24, 4, -59, -15, 67, -83};
weights_linear_hh[110] = {-22, -28, 5, 27, -7, -40, -27, 10, 43, 43, -52, -27, 46, 20, -61, 3, 3, -39, -29, 9, -12, 12, 17, 16, 14, 28, 10, -35, 11, 6, 52, 39, 5, -68, -12, -26, -3, -25, 70, 4, -18, -31, 3, -10, 11, 42, 25, -14, 13, 19, 31, 4, 7, 7, 3, 13, 18, 46, -36, 9, 11, 16, 6, 10, 24, -46, -21, 1, -20, -34, 10, 8};
weights_linear_hh[111] = {-49, -2, -27, 44, -63, -32, 12, 13, -22, -77, 25, -1, 87, 20, -21, -14, -33, 72, 23, 2, -43, -21, 22, -50, -27, 33, 9, 27, 44, 19, 14, 30, 30, 5, -12, -23, -19, -32, -12, -5, -1, -34, 25, 11, 55, 4, -90, -20, -33, 4, 5, -37, -6, 10, -29, 8, -24, -24, -31, -27, 61, 5, 30, -17, 22, -12, -54, -49, 18, 29, 10, -45};
weights_linear_hh[112] = {6, 3, -17, 12, 6, 11, -15, -36, 36, -15, -3, -11, 27, 32, 17, 99, -2, 1, -38, 33, 12, 63, 25, 15, 9, 6, 12, -14, 18, 0, -20, 56, -15, -13, -22, -29, -4, 34, 35, -24, 45, 20, 9, 43, 6, 8, 52, 12, 70, 40, 9, 5, -7, 21, -20, -14, -10, -54, -12, -20, 29, 31, -15, -4, 20, -28, 14, 39, 4, -7, -74, 59};
weights_linear_hh[113] = {-8, -7, -4, -38, 20, 3, -14, 5, 4, -1, 0, -19, 0, 50, 30, 9, 17, -27, -9, -28, 35, -55, -39, -37, 50, -1, 12, -26, -51, -49, 55, -16, -33, 20, -17, 43, 9, 18, -30, 2, -46, -24, -17, -14, -4, -41, 57, -22, -35, 38, -14, -2, 5, 10, 15, -30, 35, 50, 29, 18, -36, 12, 27, 21, 0, 35, 5, -10, 54, -9, 36, -7};
weights_linear_hh[114] = {12, -16, 14, -16, 28, 26, -16, -1, -2, -4, -14, 8, -21, 38, -10, -34, -15, 5, 17, -9, 24, 17, 0, 16, -10, -20, 1, 23, 5, 31, 31, -53, -18, -26, -24, 13, -9, -50, 48, 7, 8, 4, -39, -27, 17, -19, -28, -5, -31, 36, 13, -21, 22, 12, 7, 8, -15, -5, 23, 29, -11, -20, -43, -13, 3, 14, -32, -12, -69, -16, 4, -27};
weights_linear_hh[115] = {-26, -13, -24, 6, -39, -12, -70, -7, -59, -28, -37, -19, 25, -15, -3, -18, -19, 26, -26, 21, 11, 30, -5, 2, -57, 23, -8, -6, 24, -3, 17, -16, 9, 21, 36, 24, -23, -5, 16, 10, -21, -56, 0, 29, 30, -29, -29, -9, 4, 25, 28, -33, -22, 34, -1, 32, -10, -51, -16, 34, -16, -21, -14, 4, 19, 30, 1, -30, -14, 28, -9, 23};
weights_linear_hh[116] = {-44, -2, -14, 1, -37, 2, -1, 28, -1, -17, 51, -41, 1, -21, 32, 30, 11, 30, 15, 38, 32, -24, 18, 10, 27, 12, 8, 8, 9, -35, -6, -6, -9, 14, -20, 10, -29, -24, -84, -18, 9, 11, 4, 18, 9, -30, -17, 12, -9, -5, 3, -6, -28, -12, 32, 9, -5, 30, -11, 57, 2, -27, -34, -37, -18, 3, 1, -10, 24, -20, 37, 30};
weights_linear_hh[117] = {23, 20, -3, 35, -34, 15, 2, 4, -9, 1, -9, -2, -18, -29, 0, 19, 28, 16, -39, -14, 18, 1, 24, -39, 20, 8, -3, -14, 19, 9, 9, 9, 13, -9, 4, -8, 10, 32, -14, -25, 9, -9, -19, -19, -22, -41, 19, 22, 24, -9, 16, -5, -2, 11, -19, 6, -17, -13, -32, 13, -21, 2, -25, -23, 0, 5, 15, 65, -7, 27, -16, 69};
weights_linear_hh[118] = {-14, 2, 0, -7, -6, -11, -5, 14, 5, 26, 15, -19, 7, 11, -13, 10, 12, 46, -36, -5, 15, -14, 23, 31, 33, 6, -1, -11, 4, -2, 17, 13, -3, -62, -24, -4, 6, -3, 33, 46, 21, -21, -5, 1, 11, -7, -2, 7, 10, -21, 17, 4, 43, 25, -8, -4, -4, 5, -13, 14, 16, -20, -9, -44, -18, -6, 20, 47, -52, 39, -6, -2};
weights_linear_hh[119] = {22, 4, 38, -32, 4, -18, 10, -8, 2, -9, -16, -3, 39, 45, -27, 41, -10, -47, -17, 37, 46, 7, 12, 4, -60, -5, -7, 36, 33, 19, 23, 23, 15, -13, -31, -24, 4, 6, -1, -12, -3, 26, 22, -12, -40, -35, 31, 17, 30, 72, -9, -5, -23, -19, 1, -42, -22, -24, -1, 16, -48, -5, -23, 13, 5, 18, -20, -17, -16, -30, 10, 32};
weights_linear_hh[120] = {-20, -27, 3, 25, -61, 65, 11, -9, 7, -20, -12, -29, 71, -50, 36, 37, -9, 32, -30, 28, -24, 3, 41, 8, 8, -10, -12, -16, -2, 8, -22, 21, 49, 5, 9, -40, 3, 38, 25, -29, 54, -4, 18, 62, -55, -31, 26, -2, 76, -24, 1, -15, -29, 10, -8, 23, 12, -31, -39, 47, 39, 37, -38, -9, -20, 10, 27, -26, -13, 11, -33, 84};
weights_linear_hh[121] = {22, -19, -47, -48, 7, -85, 24, -22, 35, -67, -6, 4, 45, 37, 26, -24, -29, 13, 34, -30, -17, 43, 88, 2, -49, 14, 7, 10, -40, -17, 27, 5, 30, -30, -7, 40, 9, -4, 5, 16, 0, -22, -44, 10, -2, 21, -43, -20, -5, 20, -11, 18, 17, 15, -29, -18, -35, -8, -14, -16, -17, 1, 53, -34, -12, -72, -13, 10, 13, 48, -35, -53};
weights_linear_hh[122] = {-47, -6, 9, 11, 52, 5, -16, -58, 12, -19, 23, 35, 6, -1, -5, 38, -16, -31, 11, 21, -25, 100, 0, 24, 4, 4, 7, 2, 15, -23, 28, 14, 7, 2, -12, -21, 14, 38, 2, -14, -25, -10, -3, 21, -19, 24, -13, -23, 22, -3, 5, -16, -26, 33, -13, 21, 22, -72, -7, -6, 9, 14, -22, -7, 11, -4, -43, -26, 64, -42, -39, 52};
weights_linear_hh[123] = {23, 5, 29, 12, -28, 16, -16, -33, -63, -38, -8, 22, -38, -5, -14, -30, -4, 28, -23, -19, -59, 42, 15, 22, -31, -15, -22, 30, 14, 21, -18, -22, -7, -14, 6, -38, -10, 20, 13, 1, -14, -10, -28, -1, 38, -6, -54, -2, -16, -20, -12, -18, -44, 3, 19, 14, 17, -30, 45, 5, 13, -20, -43, -11, 13, -21, -7, -26, -43, -7, 6, 26};
weights_linear_hh[124] = {34, -51, -6, 29, 4, 44, -19, 34, 36, 34, -9, 37, 0, -21, 74, 21, -15, -20, 66, 28, -17, 28, -11, 33, 7, -24, 4, -33, -79, -39, -32, 25, 20, 6, 3, 10, -16, 29, 32, -31, 47, -3, -4, 30, -58, -27, 27, -33, 37, -61, 13, 1, -49, -9, -19, -14, -25, -17, -7, 12, -21, 34, -7, -20, -26, -11, 8, -14, 37, 15, -22, 74};
weights_linear_hh[125] = {32, -49, -3, -3, -16, 14, 8, 56, 6, -19, 58, 38, 4, 18, 26, 7, 26, -20, 19, 8, -19, -37, -3, 15, 33, -17, -23, 1, -19, -55, 38, -23, -7, -35, -55, 9, 3, 32, -9, 13, 11, -22, -9, -43, -15, 29, 33, 23, 16, -21, 3, -15, -33, 30, -2, 3, 43, 4, 32, 6, -6, -1, -1, 3, -8, 24, 39, -24, 26, 1, 4, 40};
weights_linear_hh[126] = {27, 14, -13, -18, 37, 25, -39, 1, 20, 15, -27, -49, 40, -5, -9, 5, -35, -60, 12, -13, 57, 15, 6, 34, -34, -4, -13, -19, -4, 20, 23, 20, 36, -1, -1, 3, -11, 53, 50, -21, -28, -39, 12, -5, 3, -21, -16, -12, -12, 46, 10, -34, 10, 18, 9, 27, -22, -36, -11, 49, 15, -9, 16, -27, -38, 8, -36, -49, 5, -28, 6, 27};
weights_linear_hh[127] = {12, -35, 25, -16, -3, 22, -10, 5, -30, -44, -18, -6, 8, -16, -33, 20, -47, 64, 8, 33, -32, 62, 10, 1, 11, -13, 24, -11, 11, 11, -33, 14, 2, -46, -18, -49, 14, 32, 35, -46, 15, 13, -30, 45, -9, -26, -24, 13, 20, -36, -8, -1, -40, 2, 13, -7, -24, -79, 15, 36, 8, -23, -16, -29, 5, 35, -59, -11, 38, -44, -22, 23};
weights_linear_hh[128] = {19, 7, 9, -39, 4, 40, 0, -14, -8, -22, -18, 0, -32, -24, -59, -38, -64, 0, 28, -27, -10, 27, -12, 74, -24, 13, 18, -60, -42, 7, 29, -32, 37, 4, 3, 21, -2, 10, 70, 40, -19, -14, -19, 48, -50, -28, -14, 4, -8, -4, -8, 2, -13, 32, -14, 21, 13, 5, 26, 55, 16, -11, -23, 4, 1, -12, -22, -73, -53, -32, 12, 6};
weights_linear_hh[129] = {5, 22, -22, -59, 11, -16, -20, -9, -37, -37, -22, 0, -19, -26, -37, -51, -29, 30, 10, -12, -6, 1, -6, 59, -29, -25, -33, 37, 19, 37, 12, -24, 30, -15, 4, 4, -20, -67, 36, 26, -3, -14, -22, -50, 3, -4, -7, 24, -16, 11, 1, -2, 22, -1, 7, 11, -13, -9, 15, -1, -19, -8, 27, -10, 14, -1, -7, -56, -12, 16, 21, -12};
weights_linear_hh[130] = {9, 26, -19, -11, 16, 0, 30, -7, 9, 11, -2, -6, -27, -42, 6, -42, 6, -5, 14, -30, -42, -23, -6, 9, -2, 42, 0, 7, -20, 17, 10, 26, 14, 37, 63, 16, 9, -4, -31, -17, -2, 8, 18, -29, 25, -4, -11, -52, -23, -25, 10, -9, 20, -11, 16, 38, -3, 13, -7, -19, 9, 14, 20, -43, -7, -28, -33, 21, 6, -31, 8, 1};
weights_linear_hh[131] = {31, 19, 18, -30, 65, 21, 2, 33, 27, 5, -31, 36, -17, -10, -9, 8, 5, -21, 41, 1, 29, 18, -22, 22, -8, 12, -1, 10, -72, -18, -16, -52, 0, -10, 4, 14, 1, 16, 34, 67, -13, 18, 5, -8, -21, 2, 14, -23, 9, -16, -3, -47, -45, 29, 4, -26, -31, -44, 53, 1, -3, 33, 4, -12, 37, 4, 0, -35, -2, -5, 36, 27};
weights_linear_hh[132] = {-12, -28, 12, -12, -15, 6, 7, 21, 29, 0, 27, -24, 22, 18, 13, 51, 48, 39, -40, 18, 26, -47, 29, 8, -14, 15, 4, -9, -25, -48, -17, 62, 1, 4, -23, 27, -41, -15, -36, -28, 27, -30, 2, 23, -25, -8, 19, 18, 0, -72, -9, -61, -5, -10, 5, 10, -17, 14, -20, 1, -8, 42, 27, -15, -1, 28, 0, -2, 50, 37, -26, -6};
weights_linear_hh[133] = {17, -1, -17, -49, 21, 0, -14, -8, 0, 22, -28, -60, 12, -11, 16, 4, 37, -65, -34, -7, 12, -30, 12, -17, -13, -1, -20, -4, -11, 8, 30, 45, -28, 28, 15, 12, -15, -4, 27, -41, 6, 15, -19, -11, -26, 22, 36, 29, 8, 11, 2, 14, 24, -34, -1, 31, -5, -28, -4, 28, 25, 2, 18, -39, -18, -17, 14, -7, -23, -104, 43, 20};
weights_linear_hh[134] = {27, -5, -20, -62, 13, -18, -1, 41, -11, -1, -13, -21, 19, -25, 62, -10, 0, -15, -2, -5, 76, -9, -1, 14, -59, 39, 18, 34, -41, -45, 19, 30, 11, -3, 9, 26, -36, 9, 42, -11, -8, 2, -25, 30, -2, 21, 11, 32, 31, 22, -17, 17, -12, 12, 56, 3, -16, -19, -25, 18, -42, -15, 16, -23, 6, -22, -11, -10, 24, -12, -16, 0};
weights_linear_hh[135] = {25, 18, 20, -31, 53, -13, 41, 36, 39, 25, -20, -17, -17, 10, -17, 21, -5, -22, -13, -1, 12, 21, 24, -8, 3, 11, 23, 14, -11, 28, 34, 9, -18, -9, 30, 50, -22, 1, 6, 34, -2, 8, -7, 11, -46, -19, 41, -1, 22, 34, 4, 37, 2, -33, 47, 29, -18, 1, 6, 36, 3, -40, 13, -51, -8, -32, -16, 1, 17, -23, 7, 17};
weights_linear_hh[136] = {17, 15, -11, 7, 63, 24, -8, -51, 15, 66, -41, -11, -3, 24, 57, -17, 21, -56, -37, -38, 25, -23, -11, 6, 34, 6, -6, -43, -6, -27, 9, 26, -25, 6, -14, -18, 12, 67, 9, -60, -5, -11, -12, -17, -11, 41, 32, 19, 78, 29, 13, -26, -31, -8, 9, -17, -6, -33, -7, 53, 14, 29, -49, 18, -6, 3, 56, -41, 17, -35, -18, 78};
weights_linear_hh[137] = {35, 34, -11, -11, 0, 12, -36, -1, 15, 7, 6, 6, -26, 6, 14, 21, 26, 34, -43, -15, 15, 5, 6, -29, -27, 40, -33, -3, 12, -23, 7, 14, 4, -3, 14, -5, -32, 42, 8, -46, 16, -37, -20, -6, -29, 19, 9, 51, 14, -44, 22, -5, -47, 35, 15, 9, -4, -19, 1, -6, -21, 7, -19, -5, 11, -34, -3, 20, -7, 2, -30, 10};
weights_linear_hh[138] = {31, -6, -14, 38, 16, -30, -16, -21, 19, 2, -6, 3, -32, 9, -27, 17, 8, -8, -13, 6, 1, -17, 23, -33, -15, 24, -20, 5, 54, -19, -14, 8, -16, -17, 6, -7, 9, 4, -38, 18, -40, -3, 5, -43, 34, 31, 34, 18, -21, 43, 0, 4, -6, -33, -55, 14, 15, -24, 15, -28, -10, 18, -5, 4, 31, -12, 5, 37, 4, -22, 8, 22};
weights_linear_hh[139] = {70, 9, -22, -11, 6, 0, 25, 9, 8, 6, -13, 32, 32, -24, 8, -28, -9, -12, 10, -1, -55, 43, -3, -14, -32, 31, -8, -47, -27, -14, 47, 17, 44, 15, 50, 27, -12, 48, -26, -11, 4, -14, -33, -32, 0, 28, 10, 17, -19, -19, -4, 65, 33, -28, 5, 46, 3, -21, -7, -4, -53, 15, -31, -18, 4, -14, 22, 43, -4, 25, -20, 38};
weights_linear_hh[140] = {-31, 47, -18, 1, 4, -18, -39, -36, -21, -18, -29, -44, 12, -16, 27, 35, -38, -27, 2, -12, 69, 11, 58, -50, -33, 24, 7, -18, 4, 33, 39, 0, -8, 3, 13, 5, -2, -14, 19, -12, -45, 2, 4, -2, 50, 9, -19, -4, -37, 59, -23, -20, -1, -18, 25, -7, -35, -13, -29, 35, 7, -15, 63, -17, 45, -41, 9, 24, 37, 5, -10, -23};
weights_linear_hh[141] = {-12, 41, -54, -2, 29, -6, -16, -66, -6, 16, -73, 11, -9, -17, 44, -43, -8, -50, -21, -12, 22, -9, 25, 8, 4, -27, 13, -15, -23, 11, 47, 13, -40, -10, 35, 2, -11, 9, -8, -3, 15, -18, 8, 2, -8, 8, 33, 2, -8, 20, -16, -5, 26, 5, -17, 60, 5, 7, -4, 17, -14, 38, 13, -31, 2, -61, -4, -11, 17, -112, 20, 41};
weights_linear_hh[142] = {29, 22, -38, 31, 38, 20, -10, -14, 30, 37, -39, 0, -82, -11, 20, 25, 5, -48, -40, -36, 25, 38, 31, 37, 11, 9, -24, -21, -42, -19, 35, -13, -22, -18, 20, 18, 11, 27, 33, -8, -35, 6, -21, -29, -21, 16, 40, -6, 4, 8, 48, 7, -30, 3, -13, 16, 12, -31, 18, 43, 12, -3, -10, -3, 69, -15, 22, 33, 10, -41, -16, 7};
weights_linear_hh[143] = {3, 12, 5, 12, 57, 56, -21, 14, 3, 12, -18, 21, -12, -8, 15, -41, -23, -70, -35, -1, 20, 36, -27, 9, 36, -12, -3, 25, 18, 20, -9, -26, 54, -31, 15, -36, 12, 68, 31, -7, -56, -35, -38, -1, -28, 10, 18, 0, 34, 15, 16, -9, -34, -40, -20, -6, -7, -49, 38, 58, -5, -50, -28, 14, -45, 12, -15, -37, -8, 11, 24, 32};
weights_linear_hh[144] = {-52, 42, 29, 23, -24, 41, -56, -4, -37, 10, 27, -28, -7, -37, 2, -5, 28, 4, -26, -3, 7, -62, -2, 26, 8, -24, -7, -8, 3, -1, 3, -2, -12, 33, 23, 10, -36, -2, -8, -27, 21, -25, 54, -10, -46, 21, 32, 58, 36, -46, 20, 24, -24, -39, 53, -6, 23, -59, 19, 7, -39, 39, -21, 4, 9, 31, 38, -24, -57, -12, 18, 68};
weights_linear_hh[145] = {-3, 24, 25, 24, -16, 0, -14, 31, -38, 26, -33, 11, -101, -15, 12, -76, -31, -50, -18, -58, -2, -7, -25, 35, -10, -2, -11, 27, -5, 47, -32, -58, -14, -33, 17, 10, 9, -58, -3, 28, -27, 17, -8, 4, 16, -15, -12, -1, -28, 7, 1, 10, 21, 5, -4, 26, 1, -17, 42, 53, -16, -59, -9, -9, -16, -17, -5, -1, -47, -51, 103, -52};
weights_linear_hh[146] = {1, -11, -21, -51, -12, -3, 32, -58, -5, -48, -9, 4, 8, 16, -37, -10, -20, 33, -2, 10, 23, 2, 8, 24, -30, -10, -32, 5, 25, 39, 8, 18, -19, -20, -25, 19, 8, -28, 24, 34, 9, -1, -2, -4, 32, 7, -42, -25, -23, 14, -6, -35, 22, 6, -1, -38, -6, -26, 16, -60, 24, 19, -3, -25, 28, -3, 27, -39, -13, 77, 18, -19};
weights_linear_hh[147] = {10, -16, 41, -21, 2, -15, -48, 34, 12, 26, -15, -53, 3, 67, -15, -22, -8, 14, 22, 20, 43, 4, -13, -25, -8, 4, 9, 3, -19, 40, 4, -57, -51, -19, -50, -33, 13, -46, -20, -3, -27, 16, -34, 5, -22, 18, 44, -4, 3, -40, -32, -33, 2, -22, 2, -10, 34, 53, 16, 11, -7, -32, 32, 10, 4, 54, 6, -10, 31, 13, -20, 9};
weights_linear_hh[148] = {16, 15, -15, 21, -17, 9, 22, 62, 5, 44, 1, -25, -16, 5, 4, 38, 44, 19, -2, -15, -6, -17, 35, -28, 64, 7, 26, 43, -6, -19, 27, 21, 23, 29, 27, 12, -38, -70, -13, -32, 35, -16, 4, -64, -16, 10, -4, 49, 24, -40, 3, 35, 4, -43, 25, 13, -25, 58, -7, 40, 24, -3, 29, -1, -9, -16, 8, 85, -19, -22, 16, 1};
weights_linear_hh[149] = {-24, 13, 17, -30, 0, -4, -15, 28, -36, 13, 30, -10, -3, 1, 11, 14, 58, -12, -29, -28, 33, -58, -5, -43, 22, 12, -33, -4, 1, -18, -12, -17, 1, -19, 1, 7, -20, -14, -46, -40, 20, -11, 53, -65, 13, 18, 31, 41, 10, 9, -10, -4, 18, -21, 27, 6, 20, 16, 13, -69, 20, -10, -13, 6, -4, 19, 56, 25, -25, 3, 38, 4};
weights_linear_hh[150] = {-52, -45, 21, 19, -16, -30, -74, 1, -38, -34, 37, -10, 34, -6, -22, -20, 3, 19, -49, 36, 30, -24, 23, 19, 19, -33, -30, 35, 24, 0, -30, -38, -25, -30, 3, -14, -4, -19, -28, 6, -55, -15, 25, 23, 38, 7, -13, 33, -25, -18, -25, -41, 4, -4, 34, -36, -12, -12, 24, -11, -29, 3, 7, 12, -3, 76, -19, -40, 44, 57, -18, -28};
weights_linear_hh[151] = {-39, 12, -16, -7, 31, 4, -33, -15, -14, -33, 8, 19, 6, -3, -3, -13, 24, 10, 34, -18, 35, -29, 15, 6, -22, 9, -48, -17, 9, -12, 8, -11, -6, 8, -9, 32, 16, -63, -48, 37, 5, -10, -13, -5, 79, -3, -15, -25, -32, 72, 12, -28, 12, 1, 4, -20, -15, -18, 22, -33, -9, 7, -7, -2, 65, -16, 6, 36, -7, 23, 14, -31};
weights_linear_hh[152] = {18, -10, 0, -11, -35, 37, -25, 12, -46, 5, 15, 3, 19, 42, -37, -32, 24, -28, -49, 12, 36, -17, -26, 63, -26, -11, -36, 7, -15, 4, 0, -65, -24, -37, -31, -18, 14, 0, 5, 56, -5, -34, 39, 47, -46, 59, 11, 38, 5, -21, -44, -59, -52, 46, 48, -59, 16, -32, 46, -7, -31, -21, -17, 93, -17, 101, 4, -59, -9, 58, 13, 36};
weights_linear_hh[153] = {33, 1, -1, -42, -14, -68, 5, 17, 35, -12, -5, -48, -12, -12, 19, -28, -45, 8, 15, 12, 2, 28, 1, -23, -52, 14, 14, -6, -37, -8, 32, 37, -4, 9, 16, 6, -16, -29, 60, -2, -33, -10, -8, -6, 22, 16, 28, -8, -33, 22, 21, 6, 43, 33, 18, -4, 0, 22, -67, -15, -36, -31, 76, -22, -49, -56, -24, -3, 35, 26, -28, -60};
weights_linear_hh[154] = {11, 11, 16, 34, 35, -4, 20, -20, 21, 32, 25, 33, 33, -18, 32, -1, 29, -91, -7, -17, -27, -35, -29, 6, 46, -1, 0, -46, -56, -23, -4, 17, 37, 22, -35, 19, 6, 3, -32, -12, 32, 10, 23, -13, -13, 50, 27, -7, 19, -80, 26, -11, -18, -12, -15, 15, 16, 2, -8, -63, 0, 89, -13, 41, -4, -19, 45, 5, -10, 3, 12, 31};
weights_linear_hh[155] = {23, 27, -22, -35, 3, 25, -8, -46, 13, -56, -1, -37, 5, -52, -48, -54, 25, -3, -18, -18, -50, -38, -8, 12, 26, 33, -31, -13, -1, 39, 37, -7, 21, 4, 39, 31, -18, -12, 22, 14, -20, -30, -33, -36, 76, 32, -37, -1, -34, -3, -3, -31, 36, 31, 23, 9, -27, -66, -8, -16, 41, -17, 27, -41, -23, -36, -9, -12, 1, -9, 12, 31};
weights_linear_hh[156] = {-16, 28, -25, -23, -4, -16, 17, 13, 2, -1, -17, -17, -18, -16, 18, -15, 7, -36, 22, -30, -14, -24, 4, 0, -1, -11, 18, -22, -17, 12, 29, 6, -1, 17, 19, 39, -11, -29, -8, -1, -11, 26, -8, -7, -5, -12, 2, -23, -2, 24, 2, 2, 2, -38, -34, 41, -7, 34, -2, 92, -13, -21, 3, -35, -11, -5, -22, 36, 2, 19, 25, -38};
weights_linear_hh[157] = {13, -13, -22, -4, 50, -27, -41, 16, -65, -15, -3, 26, -37, -17, 7, -46, -44, -49, 14, -21, 1, 12, -13, 37, -12, -3, -24, 14, -79, -24, 26, 23, 18, -19, -14, -1, 16, -11, 31, 14, -77, -39, 2, 34, 17, 18, 5, -9, -21, 11, 15, -14, -32, 51, 18, 8, 24, -26, 76, 2, 4, -17, 16, -29, 11, -18, -9, -9, 21, 24, 26, -11};
weights_linear_hh[158] = {-46, 11, -10, -8, 18, 17, 13, 1, -4, 10, 32, 32, -39, -4, -37, -12, 6, -39, 9, 0, -18, -30, -30, -11, -7, -23, 13, 36, 14, 83, -1, -56, -33, -2, -24, 10, -17, -60, -34, 46, 28, 55, 2, -4, 33, 52, -19, 10, -10, -26, -1, 2, 76, -18, -18, -30, -3, 74, 67, -74, 45, 8, 14, 3, 48, -4, -5, 25, -55, 9, 32, -25};
weights_linear_hh[159] = {12, -5, 31, 11, 0, 9, -45, 32, -21, 31, 13, 10, -15, -3, 6, -24, -27, -33, -26, 19, -14, 17, -60, 24, 19, -51, -18, -38, 23, 23, -18, -68, 11, -25, -21, -50, 13, 9, -6, 28, -10, -7, 8, 5, -55, 21, 9, 30, 35, -91, -17, -9, -51, 24, 13, -17, 57, 10, 16, -1, 20, 21, -35, 32, -29, 17, -7, -32, -5, -27, 8, -3};
weights_linear_hh[160] = {8, -6, -44, -9, -4, 2, 32, 9, 15, -6, -13, -43, 7, 26, 31, -4, -39, -2, -13, 5, -53, -10, 22, -34, -4, 4, 0, -37, 13, 5, 4, -8, -3, 10, 42, 6, 12, -8, -8, -26, 15, 14, -19, -58, 12, -28, 15, -5, -20, 21, 26, 23, 14, -8, -95, 98, 33, -1, -47, 77, 37, -26, 2, -1, 21, -85, 2, 17, 11, -108, 52, -45};
weights_linear_hh[161] = {-24, 42, 39, 3, 20, -17, -23, 49, 18, 7, 52, 20, -74, 5, 5, 11, -18, 9, -24, -25, 39, -2, -4, 39, 4, 5, 12, 40, 4, 38, -27, -49, 28, 41, 19, 18, -28, -48, -38, 12, -20, 35, 9, 42, 0, 48, 32, -9, 5, -23, 1, 49, 23, -42, 69, 4, 17, 42, 3, -13, -29, -21, 9, -14, -20, 5, 0, 8, -8, 33, 15, -32};
weights_linear_hh[162] = {7, -41, -30, -12, -7, 5, -24, -30, -28, -24, 33, -13, 44, 10, 8, -63, 23, -26, 28, -24, -12, 0, 29, 19, -1, 53, -24, -32, -36, -75, 13, 6, -15, -18, -45, 35, -11, 57, 2, 27, -9, -29, 1, 0, 11, 6, -8, 6, -12, 13, 27, -46, -24, 73, -1, 38, -1, -24, -14, -6, 29, 42, -25, 3, -6, 9, 9, -59, 70, 2, -4, -1};
weights_linear_hh[163] = {62, -23, -20, -29, 12, -38, 77, 19, 66, 21, -6, -3, -29, -1, -31, -40, -11, 14, -7, 33, -26, 66, -13, 25, 0, -11, 22, -14, 30, 26, -1, 26, 19, 18, 12, 11, -11, -16, 20, 64, -39, 28, -50, -6, 30, 3, 8, -56, 5, 29, -10, 1, 108, -12, -5, -27, 11, 1, -8, -36, -27, 7, 17, -16, 6, -14, -7, -6, -16, 4, -20, -34};
weights_linear_hh[164] = {-46, 11, 13, 33, 20, -8, 74, 20, 22, 18, -13, 10, -28, 20, 25, 38, 19, -18, 22, -24, -38, -42, 13, 12, 49, -6, 93, 2, 0, -26, -9, 34, -8, 13, -10, 14, -16, 66, 7, -56, 63, 24, -8, 30, -22, -14, 64, -26, 35, -32, 17, 80, -47, -13, -7, -9, -2, 17, -21, 22, 30, 14, -9, 4, 5, -40, -9, 36, -3, -15, -27, 12};
weights_linear_hh[165] = {-17, -21, -14, 57, -12, -28, 33, -11, 97, 39, 28, 41, -13, -43, -17, -30, 15, 43, 20, -45, 18, -5, 27, -17, -24, 30, 15, -9, -4, -31, -22, 5, -3, 101, 9, 9, 8, 23, -50, 2, 70, 8, 92, 16, 27, -4, -20, -36, 20, -28, 40, 1, 2, -8, 29, -15, -17, 47, -70, -6, 0, 11, 55, 34, 27, -45, -22, 4, -29, 3, -33, -28};
weights_linear_hh[166] = {9, -26, 1, -34, -32, 17, 77, 44, 15, -44, -11, 12, 30, -3, -28, 8, -16, 30, 35, -18, -19, 33, 1, -41, -9, -18, 43, 18, 35, -8, 11, 24, -5, -15, 0, 22, -17, 6, 29, 43, 29, 25, 28, 31, 14, -24, -25, -49, -10, 88, -8, 33, 11, -5, -9, 9, -5, 33, -31, -3, 14, -7, -23, -27, 14, 10, 28, 22, -12, 1, -26, -8};
weights_linear_hh[167] = {-33, 2, 27, 10, 26, 40, 4, -6, 25, 35, 24, -29, 29, -19, -9, 32, 44, -11, -21, 10, -7, -49, -34, 1, 43, -3, -20, 21, 17, -19, 2, 4, -9, 0, -10, -8, 2, -12, -24, -15, 51, 28, 16, -15, -50, -26, 19, 31, 120, -14, 20, -8, -53, -31, -23, -5, 13, -11, -34, -34, 34, 7, -16, 5, -8, 20, 25, 0, 0, -4, -10, 77};
weights_linear_hh[168] = {12, -24, 21, -4, -3, -23, -79, -23, -44, -17, 5, -26, -54, -39, -8, -53, -60, 10, -44, 20, 15, 5, 8, -16, 5, 9, -25, 32, 16, -4, 18, -37, 0, -38, 3, -36, -10, 3, 35, 26, -27, -10, -18, -53, 4, 41, 22, 46, 1, 6, 17, -10, 6, 24, 18, 2, 21, -40, -8, -11, 16, -25, 27, 11, -18, -7, -11, -15, 2, 9, -26, 5};
weights_linear_hh[169] = {-41, 26, -16, 25, 4, 36, -14, 0, -13, 36, 16, -28, -2, 3, 25, 19, -5, -32, -40, -22, 43, -25, -8, 7, 6, -18, -5, 21, 15, 26, -5, -4, -32, -3, 5, -7, -10, -4, -23, -26, 64, 41, 34, -33, -76, -44, 64, 15, 55, -35, 14, 26, -45, 2, -43, 21, -11, 52, 15, 16, -15, 17, -44, 25, 27, 34, 17, -2, -31, -11, 60, 52};
weights_linear_hh[170] = {14, -6, -35, -27, 31, -45, -20, -17, -5, 5, 4, 5, -1, -37, 41, -48, -29, 13, 1, -7, -44, 15, 35, 36, -35, 15, 19, 12, -42, 16, 38, 19, 1, -3, 5, 18, -15, 42, 10, 30, -30, -14, -46, 38, 5, 89, -1, 21, -4, -49, 25, -4, 3, 53, 33, 0, 13, -41, -25, -66, -66, 1, 18, -22, 4, -5, -26, -42, 36, 57, -2, 19};
weights_linear_hh[171] = {64, -17, 4, -14, 26, 3, 13, -28, -19, -18, -41, -8, 11, -7, -61, -50, -31, 48, 3, 15, -6, -2, 17, -17, -18, 17, -3, -3, 52, 54, 7, -1, -4, 9, 17, 0, 14, 11, -8, 61, -56, -5, -14, -27, 96, 0, -28, 7, -28, 21, -5, 9, 90, -7, -5, 15, -8, 14, -30, -25, -18, -19, 19, -25, 12, -47, -7, 7, -9, -8, 19, -20};
weights_linear_hh[172] = {-23, 3, -2, 32, -1, 43, -11, 10, 23, 3, 14, 4, 60, 17, -30, 42, 56, 40, 8, 32, 10, -38, 9, 20, 21, 32, 36, -1, 26, 16, 11, 31, -2, 24, -12, -13, -19, -10, -60, -53, 18, 24, 39, 33, -10, -33, -3, -3, 24, -41, -6, -3, -35, 9, 10, 11, -34, 30, 0, 15, -3, -3, -39, -11, 18, 30, 6, -13, 40, 32, 1, 23};
weights_linear_hh[173] = {-47, 33, 14, 12, -18, 2, 16, 30, -4, -15, 19, 17, -4, 10, -23, 38, 11, -6, -3, -36, 61, -9, -18, -4, 0, 23, 23, 23, 100, 22, -23, -21, -9, -7, -2, -29, 22, -21, -56, 36, 5, 31, 105, 41, 10, -34, 13, -8, 20, 53, -34, 14, 6, -10, -14, 2, -17, -4, -4, -16, 13, -20, -29, 43, 89, 33, 5, -2, -70, 19, 14, 0};
weights_linear_hh[174] = {-23, 25, 34, -12, 3, 19, 13, 37, 43, 43, -25, 4, -52, 5, 20, 48, -44, -30, 4, 8, 9, 16, -34, -11, 54, -42, 23, 22, 62, 24, 25, -31, -12, 17, 13, -38, 37, -10, 30, -31, 10, 73, -14, 11, -9, -32, 57, 0, 32, -19, -23, 18, -31, -56, 10, -1, 41, 47, 27, 15, 19, -17, -1, 35, -23, -10, 2, 0, 2, -94, 4, 29};
weights_linear_hh[175] = {-4, -7, -10, -18, -32, 25, 12, -31, 6, -31, 22, -13, 17, -38, -22, 45, 47, 8, -39, 10, -14, -41, 13, 9, 34, 15, -34, 25, 17, 18, -6, -46, -10, 21, 36, -21, 3, -8, 9, -61, 55, 2, -10, -49, 8, -29, -8, 64, 6, -73, -8, 1, -12, 3, -12, 11, 8, -6, -41, -19, 35, 3, 31, 24, -2, -14, 33, -1, -34, 9, 5, 58};
weights_linear_hh[176] = {-25, 12, -17, -17, 10, 0, 10, 42, 6, -24, -27, -3, 18, 7, -22, -16, -24, 0, 14, -2, 10, 33, -21, 24, -39, 36, 1, -22, -21, 33, 30, 17, -2, -9, 8, 40, 10, -9, -19, 62, -47, 18, 21, 32, 11, -8, -31, -79, -70, 17, 5, 0, 62, 30, -11, 31, -1, 24, 36, -12, -23, -11, -34, -28, 4, -2, 8, -7, -7, -9, 49, -55};
weights_linear_hh[177] = {27, -37, -12, -58, 20, 42, 28, -38, -6, 10, -35, 13, 24, -17, 3, -8, -21, -23, 9, 17, 0, 47, 23, 9, -25, -21, 33, -15, 2, -12, 35, 29, 8, 8, 6, -24, 9, 49, 46, -7, 27, -13, -1, 12, 7, -30, -26, -18, 29, 31, 7, 6, -30, 12, 2, 6, -13, -36, -26, 77, 12, 23, -53, -32, 16, -10, 7, -25, 21, -62, -20, -18};
weights_linear_hh[178] = {-38, 4, 30, 5, -22, 44, -60, 16, 19, 14, 18, 5, -2, -9, 39, 18, 43, -5, 24, -3, 41, -25, -29, -39, 15, 21, -12, -20, -22, -26, -23, 24, -11, 38, -40, 18, 3, 93, -42, -40, 47, -13, 7, 35, -41, -28, 24, -12, -4, -1, 34, -23, -73, -17, 40, -9, 24, -4, 1, 2, -12, 13, -15, -5, -3, -6, 50, -5, 50, -18, -24, 59};
weights_linear_hh[179] = {-56, -27, -7, -2, -3, 22, -23, -27, -47, -9, -22, -5, 30, -36, -27, -1, -25, 17, -6, 16, -7, 23, 16, -22, -7, -42, 6, -13, 79, -1, -15, 16, -2, -18, 30, -76, 82, -2, 33, 4, 15, 11, -16, 6, -23, -50, -9, 10, 13, 75, 43, -14, -17, -6, 26, -4, 7, -11, -14, 57, 80, -74, -11, 12, -35, 11, -13, -22, 5, -52, 38, -32};
weights_linear_hh[180] = {-8, 17, -27, -34, 27, -13, 12, 41, 32, 13, 36, -8, -34, 1, 15, -20, 13, -34, 20, -16, -1, -56, -12, 6, 27, 12, 4, 11, -124, -12, 19, -45, -25, -19, -31, 110, 10, -9, -66, 57, -15, 18, 10, -15, 25, 33, 48, 12, -39, -7, 20, -12, 9, 30, -25, -16, 22, 25, 39, 5, 9, 51, 1, 0, -17, 3, 8, -23, 28, -3, 27, 14};
weights_linear_hh[181] = {15, 67, -18, 26, 35, -26, 47, 1, 12, 32, -1, 17, -45, -44, -15, -35, -44, 1, 29, -25, -34, -20, 5, -12, -20, 28, 20, -4, 45, 68, -17, -2, 6, 50, 96, 12, 20, 20, -24, -31, -16, 33, 21, -10, 18, -34, -33, -42, -2, -17, 15, 58, 62, -47, 32, 16, 7, -3, -26, 6, -15, -7, 41, -17, 5, -76, -8, 59, -35, -97, -4, -15};
weights_linear_hh[182] = {0, 45, -25, 16, 20, 1, 6, 1, 95, 51, 9, -27, -42, 32, 37, -7, 36, -52, -13, 0, 5, -52, -16, 3, 13, 24, -18, -11, 0, -9, 7, -38, -15, 58, -7, 16, -6, -65, -40, -9, -2, 1, 41, -7, -59, -40, 9, 10, -15, -30, -22, -10, 54, -24, -46, -14, 3, 21, -2, -16, 10, -8, 12, 62, -19, 9, -29, 18, -15, -83, 15, -25};
weights_linear_hh[183] = {-57, -33, -30, 36, -30, -5, 42, 35, 19, -92, 34, 5, 95, 25, -22, 45, -22, 47, 44, 17, -34, 29, 58, 9, -26, 27, 28, 49, 26, -11, -19, 49, 102, -56, -21, -32, -26, -7, 28, 11, -5, -36, -55, 13, 2, 12, 3, -16, 22, -7, -15, -18, -25, 17, -63, -25, -25, -37, -35, -33, 3, 12, 27, -11, -47, -35, -48, -9, -6, 60, -19, -15};
weights_linear_hh[184] = {-20, 17, 5, 35, 6, -28, 42, 38, 103, 25, 6, -57, 35, -13, -20, 15, 31, 4, -38, 23, 2, -39, 1, -30, -1, 49, 29, -36, 51, -37, -3, 79, 18, 67, -14, 27, -35, 17, -42, -71, 27, -6, 4, -7, -10, -43, -6, 18, -8, 30, 22, 44, 13, -15, 2, 8, -1, -14, -95, -7, 4, 15, 6, -10, -1, -7, 4, 51, 0, 13, -27, 15};
weights_linear_hh[185] = {-41, 46, -16, 6, 7, 20, 17, -41, -3, 28, 0, -33, 25, 14, 4, -55, 30, -93, 21, -9, 20, -39, -15, 0, 19, 20, 24, -2, -26, -21, 77, -3, -46, 49, 17, 82, 30, 16, -3, 39, -40, -13, 18, 7, 3, -35, 2, -4, -19, 52, -23, 3, 23, 19, -17, 4, -14, 22, 35, 47, -22, 8, -14, 10, 16, 23, 3, 11, -18, -27, 36, -1};
weights_linear_hh[186] = {56, 8, 29, -35, 39, 5, 16, -17, 13, 4, -18, 26, -33, -18, -59, -10, -32, -10, -18, 17, -38, 62, 7, -8, 3, -13, 0, 34, 56, 102, 19, 11, -18, 10, 25, -20, -4, -49, 34, 16, -50, 27, -5, -1, 23, 5, -8, -34, -6, 54, -5, 27, 52, 3, -12, 15, -3, -33, 24, 2, -5, -39, -33, -9, -7, -7, -24, 14, -91, 12, 7, 17};
weights_linear_hh[187] = {-13, 4, 22, -17, 6, 2, -12, -10, -50, -16, -25, 4, 4, -14, -87, -18, -9, 52, 10, -20, -22, 18, -7, 17, -27, 3, 14, 10, 85, 17, 20, 10, -16, 17, 2, -3, 21, 2, -15, 18, -46, -4, -2, 16, 49, -10, 1, -21, -25, 62, 12, 19, 13, 13, 52, 13, -22, -10, -9, 6, -5, 0, -38, -7, 21, 3, 23, -7, -17, -54, -7, 7};
weights_linear_hh[188] = {-47, -26, 12, 5, 4, -8, -13, 17, -14, -2, 23, 25, -21, 16, -22, -2, -36, 64, 11, 27, 19, 56, -12, 3, -40, -14, -18, 110, 46, -2, -16, -6, 30, -17, -16, -15, 14, 19, 50, 32, -32, -41, -11, 43, 39, 17, 4, -1, -34, 41, -14, -16, 1, 20, -4, -37, -15, -32, 26, -22, -38, -70, 0, -2, 32, 32, -36, -11, 17, 37, -19, -39};
weights_linear_hh[189] = {-65, 25, 23, 22, -31, 17, 50, 11, 53, 7, 49, 27, 10, 7, 13, 40, 23, -34, 17, 11, -2, -3, -12, -2, -7, 24, 85, -5, 4, -15, -4, 5, -18, -1, 7, -8, 26, 32, -55, -20, 60, 8, 19, 38, -31, -70, 40, -31, 52, 18, -3, 9, -11, -34, 3, 5, -29, 53, -64, 12, 7, 3, 11, 1, 5, -11, 1, 31, 21, 30, -23, 1};
weights_linear_hh[190] = {31, 30, -10, -5, -17, -44, 2, 54, 25, 16, 66, -24, 2, -10, 15, 11, 5, 27, -16, -38, 23, -43, 66, 26, 2, 79, 13, -11, -23, -31, 10, 4, 28, 6, 12, 50, -22, -33, -39, -4, -12, 33, 12, -4, -15, 34, 25, 26, 12, -47, 25, -10, -6, 30, 3, 44, -4, -16, -28, 29, -42, -8, 10, 14, -9, -15, -23, 23, 28, -5, -2, -46};
weights_linear_hh[191] = {-22, 8, 6, 33, 23, 46, -7, 13, 16, 23, 23, -18, -32, -34, -20, -10, 29, -29, -19, -4, -53, -37, -50, 23, 82, 0, 4, 18, -26, 20, -35, -55, -29, 0, -16, -15, -1, -7, -20, -57, 31, 15, 5, -32, -34, -4, 28, 37, -9, -78, 4, -5, -39, -10, -14, 19, 25, 43, 13, -13, 65, -12, -7, 3, -11, 10, 30, 25, 16, -43, 13, 15};
weights_linear_hh[192] = {14, 2, -11, 17, 37, 35, -12, 2, -18, 7, -6, -5, 14, -37, 24, -40, -12, -33, 8, -40, -32, -14, -4, 55, 20, 6, 22, -131, -26, 21, -16, 18, 0, 8, 41, -3, 26, -9, 13, -10, 26, -19, -18, 27, -22, 0, 15, 17, 23, -32, -15, 14, -38, 27, -6, -11, 21, -40, 8, 39, 9, 49, -7, 29, -4, -33, 25, -40, -2, -31, 20, 25};
weights_linear_hh[193] = {-18, -10, -13, -11, -14, -28, 23, 4, 71, -31, -1, -24, 37, 11, 51, 36, 9, 10, 4, -17, -1, 10, 90, -33, 0, 57, 19, -40, -18, -52, -11, 81, 25, 44, -8, 20, -24, 13, -10, -19, 53, 32, 1, -8, -18, -36, 9, -14, 50, 12, 30, 39, 33, 29, 14, 19, -26, 17, -79, 22, -16, 45, 21, -25, -32, -55, 29, 13, 11, -7, -38, -11};
weights_linear_hh[194] = {15, 2, -7, 13, 25, 33, 47, -3, 25, -49, -14, 67, 0, 51, -32, 57, -12, 20, 66, 7, -15, 53, 13, -11, -9, -6, 22, 4, 42, -8, 4, 23, 4, 36, -21, 8, -1, 55, 3, -1, -19, 12, 32, 106, 13, -35, -23, -71, 28, 23, -1, 17, 1, -33, 16, 15, -11, -28, -9, 14, -39, 13, -66, -9, 31, -3, -22, 25, 16, -1, -33, -21};
weights_linear_hh[195] = {14, -31, 12, -31, -17, -3, -50, 9, -4, 22, -30, -23, 22, 16, -1, 0, -25, 0, -16, -21, 70, 44, -2, -18, -14, 16, -88, 7, 1, 55, -13, -27, 16, -7, -19, -14, -18, -79, 33, 3, -46, -20, 8, 32, 23, 3, -26, 16, -21, 78, -4, -37, 35, 9, 0, 6, 14, 2, 21, -12, -17, 3, 30, -8, 24, 20, -11, -36, 25, -12, -34, -36};
weights_linear_hh[196] = {16, -68, 46, 8, -34, -24, -6, 32, -6, -31, 25, -33, 39, 10, -64, -8, -4, 96, -45, 68, 22, 0, 16, 4, -1, -15, -12, 47, 68, 23, -22, 18, 8, -16, -18, -21, -4, -23, -4, -1, 22, -6, 1, -14, 44, 4, -5, 61, 25, -23, 7, -10, 20, -34, 10, -6, 19, 14, -20, -25, 6, -40, 7, 20, -1, 50, 20, 6, 29, 40, -1, 33};
weights_linear_hh[197] = {-15, 27, -24, -7, -19, 40, 25, 4, 0, -9, -12, 28, 5, 54, 35, 44, 24, -34, 82, -35, -42, -5, -4, 4, -12, -5, 32, -29, -61, -12, 3, 12, 18, 17, -4, 43, 11, 33, -12, -41, 12, 23, 33, 26, -47, -32, -8, -66, 15, 9, 12, 40, -42, -10, 0, -2, -3, 36, 4, 26, 16, 38, -21, 2, -17, -19, -4, 7, 34, 38, 5, -15};
weights_linear_hh[198] = {-75, -4, -17, -20, -26, -33, -27, -21, -77, -31, 28, 22, 9, 40, -16, -10, -13, 98, -16, 13, 26, -46, 22, 5, -33, 15, -27, -24, -19, -49, -13, -8, -18, -18, 20, 1, -3, -85, -24, 14, -19, 7, 16, 7, 11, -5, -3, 9, -44, -20, 18, -52, -16, 4, 36, 13, -1, 18, 43, -2, 13, -11, 0, 6, -27, 21, -1, 2, 35, 81, -20, -30};
weights_linear_hh[199] = {-14, 3, -11, 22, -31, -43, -20, 15, 26, 6, 49, -31, 15, -21, 51, 11, 24, -50, -44, 11, 47, -68, 14, -44, -6, 2, -26, 31, -31, -16, -2, 11, -10, 3, -17, -2, 3, -4, -34, -10, 26, 0, -25, -94, -5, 32, -4, 52, -4, -40, -15, -45, -5, -13, -18, 14, -14, 1, 2, -52, -7, -1, 30, 2, -10, 17, 37, -5, 1, -3, 3, -7};
weights_linear_hh[200] = {-3, -16, 23, -10, -8, 6, -44, 3, 8, 22, 9, -23, 44, 2, -1, 73, 49, 30, -23, 28, 22, -73, -2, -12, 71, 7, -98, 6, 16, -17, 18, -17, 15, 4, -28, 15, 13, -30, -28, -23, 27, -11, 12, -54, 17, 5, 9, 72, 49, -19, 9, -40, -37, -5, 11, -2, -19, 27, 5, 7, 30, -14, -11, -6, 3, 14, -5, 24, 22, 3, -32, 30};
weights_linear_hh[201] = {53, 29, -29, -12, -30, 2, -1, 3, 61, 7, 54, -31, 16, 36, 87, 47, 13, -23, -5, -31, 39, 2, 22, -33, 6, -16, -15, 2, -65, -44, -17, 2, -30, 28, -20, 1, -25, 10, -6, -51, 19, 23, -31, -3, -47, 3, 18, 21, 14, -45, 12, 17, -15, -6, -19, 9, -20, -2, 0, 2, -52, 12, 44, 4, -16, 3, -2, -8, 61, -23, -9, 29};
weights_linear_hh[202] = {-26, 0, 46, -43, 10, -7, 9, -33, -17, -13, -35, -17, 11, 111, 6, -33, 4, -38, -13, -11, 96, -12, -3, 11, -12, -17, -9, 19, 5, -21, 6, 5, -26, -25, -37, 25, 21, 27, 37, 35, -49, 7, -34, 9, -18, 3, 24, 21, 19, 96, 8, -23, -18, 51, -6, -57, -16, -34, 67, 34, 16, 5, -38, 8, 30, 34, -25, -46, 57, 9, 14, 28};
weights_linear_hh[203] = {18, -26, 9, 27, -57, 9, -23, 1, 13, -19, 0, -76, 88, -2, -61, -5, 35, 42, -40, 46, 19, -70, 21, 10, 3, -16, -29, 11, 37, -2, -10, 12, 1, 17, 17, -2, 3, -52, -12, -39, -11, -9, -12, -38, 28, -5, 11, 13, 10, 7, -4, -55, 24, -22, 10, -3, -9, 6, -29, 2, 30, 8, 22, 10, 15, 6, 12, -18, -10, 64, 16, 19};
weights_linear_hh[204] = {-8, 22, -24, 30, 32, -14, 21, -29, 31, -35, 34, 124, -47, 19, 47, 36, 33, -3, 41, -17, -9, 6, 10, -3, 25, 34, -16, -21, 20, -57, 11, 0, -5, 16, 15, 16, 7, 66, -50, -15, 1, -12, 11, 32, -35, 28, -11, -28, -11, -77, 9, 26, -16, 18, -26, 14, 4, -25, 28, -50, -23, 52, -43, -1, 18, 6, -9, -11, 17, -36, -41, 44};
weights_linear_hh[205] = {-10, -21, 20, 27, -17, -41, -1, 14, -24, -13, 60, 17, 9, -21, 44, -45, 19, 66, -31, 6, 54, -22, -7, 16, -15, 21, -32, -9, 7, -48, -32, 10, 35, -41, -7, -15, -15, 32, -15, -22, 1, -13, -20, -16, -1, 47, -13, 8, 24, -68, -22, -23, -43, -4, 11, -26, 7, 16, 29, -68, -53, -3, 32, 28, -30, 26, 21, -25, 63, 73, -11, 19};
weights_linear_hh[206] = {-3, 7, 17, 28, 8, 15, 20, 36, 13, 64, 37, 17, -11, -62, -6, -8, 20, -11, -13, 4, -50, -5, -2, 19, 64, -11, 17, -15, -5, -39, -16, 8, 1, 35, 7, 12, 39, -9, 3, -22, 39, 30, 34, 13, -44, 2, 41, -18, 57, -82, 2, -22, -27, -11, 46, 17, 30, 35, 19, 5, 32, -2, 15, -15, -3, -3, -4, 2, -12, -67, 3, 52};
weights_linear_hh[207] = {32, -26, -23, 11, -8, 35, 12, -11, 102, 38, -5, 0, 13, 15, -15, 41, 25, -35, -19, 1, -20, -22, 0, 4, 37, 12, 19, 3, -19, 2, -36, 13, -19, -21, -32, -28, -10, -25, -7, -11, 74, 13, -12, -36, -25, 21, 53, -6, 43, -99, -27, 2, -17, -68, -7, -30, -34, 18, -29, -55, -24, 27, -19, 31, -3, 15, 22, 12, -35, 5, -25, 47};
weights_linear_hh[208] = {34, -45, 7, -4, -2, -3, -8, 74, -3, -11, 18, 41, -15, 24, -5, 22, -21, 65, 12, 22, -34, 16, -16, -29, 7, -14, 0, 30, -42, -6, 2, -59, -16, -30, -12, 12, -19, -71, -47, 14, 8, -4, -8, 9, -13, -10, 22, 1, -1, -22, -6, -29, -31, -29, -1, -20, 20, 63, 44, -12, -9, -21, -17, 7, -8, 33, 8, -5, 10, 24, 12, -40};
weights_linear_hh[209] = {23, 20, 8, 41, 4, 40, 93, 32, 70, 18, 59, 17, -25, 19, 22, 51, 62, -17, 18, -2, -45, -31, -24, -21, 50, -15, 14, 3, -32, -32, -18, 10, -45, -1, 2, 16, -6, 67, -46, -43, 14, 26, -37, -10, 5, 38, 16, 1, 10, -38, -9, 36, -23, -18, -52, 25, 0, 11, 17, -18, 22, 18, -27, -22, 0, -5, 40, 22, -8, 5, -15, 16};
weights_linear_hh[210] = {-51, 41, 24, 23, -17, 26, -14, -10, -38, 1, 1, 21, 17, 15, 3, 8, 47, -47, -4, -14, 5, -58, -46, 28, -3, -22, -21, 1, 4, 23, -13, -14, -25, 19, -10, -27, 0, 10, -54, -23, 59, 22, 31, -7, -36, 20, 16, 19, 10, -48, 2, -30, -33, -31, -15, -32, 18, 4, 36, 24, 58, 21, -17, 48, -3, 9, 23, -25, -53, 2, 21, 70};
weights_linear_hh[211] = {-14, -3, -45, 11, 122, -10, 43, -58, -1, 64, -6, -8, 22, 10, 71, -7, 25, -90, 44, -6, 23, 14, -18, 9, -4, 26, 44, -29, -39, -47, 28, 34, -26, 16, -16, 11, -30, 49, 40, -19, -7, -22, 6, 9, -36, 32, 32, 1, 27, -6, -14, 35, 26, 38, -14, 24, -24, -50, 12, -20, 6, 31, 14, 0, 7, -30, -28, 1, 27, -26, -22, 24};
weights_linear_hh[212] = {-5, -29, 37, 53, 6, 19, -9, 17, 33, -3, 13, 38, 33, -36, 27, 10, -19, 8, 36, 28, -35, 39, -1, 9, -4, -18, 12, 10, 38, -48, -53, -11, 15, -8, -46, -52, 10, 56, 24, -17, 12, -25, -10, 38, -13, 24, -18, 0, 14, -74, 8, -21, -31, 13, 0, -33, 2, -4, -5, -77, -6, 26, 19, 32, -8, 33, -18, -18, 45, 44, -51, -14};
weights_linear_hh[213] = {20, 7, 68, 39, 0, 5, -34, 16, -27, 16, 45, 8, -31, -16, -24, 18, 13, 80, 19, 53, -41, 4, -75, -8, 7, -20, -18, 29, 30, 5, -45, -24, -3, -18, -32, -24, 13, -7, -3, 25, 12, 28, -2, 32, 1, 7, 25, 20, 43, -14, -22, 10, -14, -10, 20, -14, 51, 10, 15, -36, -25, -15, -45, 36, -19, 82, -6, -8, -7, 23, -6, 10};
weights_linear_hh[214] = {2, 85, -43, -14, 30, -30, -10, -46, 17, 26, -13, 1, -53, 16, 10, 24, -44, -120, 5, -70, 26, 46, -5, 15, -51, -4, 16, -21, -7, 17, 2, -33, 15, 9, 8, 18, -7, -9, 33, -46, -59, -16, -5, 6, -3, 13, -4, -13, -33, 18, -18, -3, 34, -38, -27, 11, -34, -66, 34, 18, 5, 0, 32, 2, 26, -30, -49, 41, -31, -67, 19, -25};
weights_linear_hh[215] = {105, -9, 13, -29, 15, 34, 46, 9, 20, 40, -44, 39, -38, 25, -27, 35, 24, 18, 31, 4, -77, -2, -1, -15, 9, -16, 17, -4, -95, 2, 5, -16, 4, -10, -16, 56, 2, 40, -4, 24, 12, 1, 2, -12, -6, 39, 32, 15, 7, -52, 7, 48, -28, 10, 6, -10, 10, -1, 0, -35, -5, 33, -38, 1, 10, -10, 16, 40, -48, 6, 5, 4};

Bias_hh (8 bit):
 {2405, 1928, -1629, -2535, 2880, -2094, 2012, 1089, -560, 810, 3256, 1824, -2185, 1329, 716, 2433, -1426, -1134, 3407, -3650, -713, 846, -1806, -2405, 2344, 3465, 294, -2108, -1790, -1641, 533, 2630, -4382, 1940, -3241, 1545, 1033, 1802, -3143, 2734, 503, -1814, 1891, 909, -746, -3283, -137, -230, 54, -1069, -1484, 338, 1282, -675, 81, -90, 2602, -2362, -825, -1045, 4173, -1079, 385, 561, -1004, -4011, -1224, 279, -3535, -540, 2115, 3467, -855, 3139, 1761, 3047, -1537, -1343, 1008, 1778, -1076, 263, -1863, 2475, -330, 1621, 3675, 839, -7, 516, -2146, -630, 88, -3116, 2634, 235, 2019, -583, 609, 3827, 4968, -1839, -1532, -1693, 812, -1944, 4623, 2941, 1089, 1206, -2278, -347, 3745, -1073, -2620, -2255, 401, 1075, -2837, -162, 1241, 3297, -3310, 1260, 1903, 1497, 1059, 2147, 1358, 3026, 637, -1353, 473, 2384, 285, -728, 3398, -43, -1256, -951, 4056, 2773, -1275, 187, 2104, 99, -17, 4077, 3769, 923, 2059, 2536, -269, 1271, 2352, 1313, 3681, 890, 3527, -1276, 59, 1425, 1580, 2486, 1422, 2235, 619, 1861, 2822, 1367, 2587, 2318, -1578, 3268, 2215, 2534, 1737, 2393, -75, 1599, 2640, -2575, 892, 143, -1800, -972, -831, 379, 1892, 1084, 2107, 835, 528, 29, 3581, 401, 3441, 341, -1370, 2258, 1628, 671, -648, 2386, 2417, 869, -1673, -1117, 2329, 2815, 988, -1562, 163, -3101, 732, -188};
