Input scale (32 bit):
 262011968
Input zero point:
 136
Hidden scale (32 bit):
 33686004
Hidden zero point:
 127
Weight input scale (32 bit):
 18069650
Weight input zero point:
 119
Weight hidden scale (32 bit):
 22155788
Weight hidden zero point:
 131
Output linear scale (32 bit):
 410721344
Output linear zero point:
 117
Output sigmoid r scale (32 bit):
 16843010
Output sigmoid r zero point:
 0
Output sigmoid z scale (32 bit):
 16843010
Output sigmoid z zero point:
 0
Output tanh n scale (32 bit):
 33686020
Output tanh n zero point:
 127
Output r_hn scale (32 bit):
 239532096
Output r_hn zero point:
 134
Output z_n scale (32 bit):
 33678936
Output z_n zero point:
 127
Output z_h scale (32 bit):
 1
Output z_h zero point:
 127
Scale ih (32 bit):
 11527193
Scale hh (32 bit):
 1817144
Scale r_hn (32 bit):
 28880404
Scale z_n (32 bit):
 16846552
Scale z_h (32 bit):
 16848104
Scale new_h_zn (32 bit):
 4294066176
Scale new_h_zh (32 bit):
 4293668864
Weight_ih (8 bit):
weights_linear_ih[0] = {7, 2, -5, -7, -29, -17, 4, -14, 2, -32, -21, -18, 4, 21, -13, -4, -24, 10, -22, -15, -19, -17, -4, 36, -14, -2, -4, 13, 11, 6, 24, 8, 12, 11, -17, -26, -5, 24, -14, 17, -24, -1, -3, 40, -12, -42, 28, -42, 32, -2, 34, 18, 30, 45, 22, 56, -24, -22, 16, 3, -51, 44, 7, -22, -15, 11, -27, -10, 34, 13, -2, 0, 12, -23, 4, -17, -7, -13, 32, -19, 7, 40, 12, 40, -36, 102, 12, -38, 19, -11, -5, -30, 14, -30, -15, 7, 4, 39, 26, 24, 28, -45, -46, 0, 69, -17, 19, 24, -9, -18, -53, 41, -15, 4, -34, 22, 20, 13, 1, 17, 17, 6, -9, -20, 20, 0, 4, 27, 13, 22, 0, 43, 8, 25, 5, -37, 6, -5, 42, 17, -18, -19, -62, 20, 9, 18, 14, 7, 33, -6, 37, -4, 15, 1, 23, -6, 35, -12, 23, 30, 30, 5, -11, 25, 19, 40, 5, 22, 5, -9, 15, -20, -30, -2, -15, 17, 67, 4, 38, 2, 28, 23, 27, -4, 15, 47, -28, 11, 15, 26, -6, 9, -12, 34, 35, 62, 29, 21, -12, -33, 32, 25, 43, 7, -17, 21, 13, -53, -42, 30, -6, -11, 12, 26, 38, 45};
weights_linear_ih[1] = {-11, -8, 13, -47, -19, 26, -43, -13, 4, 3, 8, -3, 20, 21, -13, 2, 9, 20, -7, 39, -13, 5, 34, -24, 32, 34, 11, 14, -41, 13, -20, 26, 8, 25, -11, -4, 0, -19, 7, -10, -8, 20, 55, 24, -12, -4, -28, 15, 20, 16, 4, -28, 6, -13, 46, 1, -9, 10, 5, 6, -3, -18, 14, -31, 14, 19, -12, -23, 11, -38, 21, 5, -43, 16, -6, -5, -31, -43, 22, 6, -8, 56, -10, 14, -9, 32, 7, 10, -8, 38, 49, 8, 27, -47, -35, -10, -4, -12, -25, -4, 84, -20, -5, -8, 39, -48, 30, -11, 12, 16, -27, 30, 6, 21, -31, 18, 30, 46, 12, 8, 13, 60, -1, 17, 16, 9, 50, -12, 37, 35, 5, 66, 22, 8, 21, -3, -20, -27, 25, 22, 0, 34, -15, -14, 56, 53, -16, 9, 24, 28, -8, 33, 52, 41, 59, 25, 60, 49, 26, 25, 7, 8, 2, 36, -17, 29, 20, 21, 51, 53, -15, 25, -43, 8, 14, 17, 1, 30, 29, 33, -13, 69, -8, -34, 57, 64, -31, 8, -11, 14, 13, 11, 4, -28, -2, 32, -3, 7, 4, -33, 27, 31, 51, 10, 23, 15, 16, -36, -9, 15, 29, 25, -33, 121, 14, 10};
weights_linear_ih[2] = {0, 0, 0, 0, 0, 0, 0, 0, 0, 0, 0, 0, 0, 0, 0, 0, 0, 0, 0, 0, 0, 0, 0, 0, 0, 0, 0, 0, 0, 0, 0, 0, 0, 0, 0, 0, 0, 0, 0, 0, 0, 0, 0, 0, 0, 0, 0, 0, 0, 0, 0, 0, 0, 0, 0, 0, 0, 0, 0, 0, 0, 0, 0, 0, 0, 0, 0, 0, 0, 0, 0, 0, 0, 0, 0, 0, 0, 0, 0, 0, 0, 0, 0, 0, 0, 0, 0, 0, 0, 0, 0, 0, 0, 0, 0, 0, 0, 0, 0, 0, 0, 0, 0, 0, 0, 0, 0, 0, 0, 0, 0, 0, 0, 0, 0, 0, 0, 0, 0, 0, 0, 0, 0, 0, 0, 0, 0, 0, 0, 0, 0, 0, 0, 0, 0, 0, 0, 0, 0, 0, 0, 0, 0, 0, 0, 0, 0, 0, 0, 0, 0, 0, 0, 0, 0, 0, 0, 0, 0, 0, 0, 0, 0, 0, 0, 0, 0, 0, 0, 0, 0, 0, 0, 0, 0, 0, 0, 0, 0, 0, 0, 0, 0, 0, 0, 0, 0, 0, 0, 0, 0, 0, 0, 0, 0, 0, 0, 0, 0, 0, 0, 0, 0, 0, 0, 0, 0, 0, 0, 0, 0, 0, 0, 0, 0, 0};
weights_linear_ih[3] = {-5, -22, -21, 25, 25, 5, 42, 22, 9, -27, 44, 10, -41, 20, 36, 13, 37, 2, -13, -46, -4, -23, 17, 30, -5, -2, 10, 4, -10, 8, -29, -16, -15, 5, 8, 46, 7, -52, -27, -21, 47, -1, -15, 26, -14, -7, 22, -6, 12, -2, -7, -58, 36, -6, -49, 11, -24, 35, -18, 29, -4, -15, 9, 5, -9, 9, -33, 23, 4, 23, 17, -15, 55, 44, -16, -1, -21, 13, -6, 13, -17, -39, 16, 31, 19, -22, 28, 13, 13, -56, 24, 17, -35, 28, 34, 15, 48, 43, 30, 44, 27, 50, 11, -40, 42, 29, 1, -4, -15, -7, 35, 45, 17, -12, 31, 38, 4, -23, 19, 14, -15, -51, -11, -71, 6, 45, 46, -11, -49, -4, 10, 36, 10, -21, -16, -22, 5, 34, -22, -55, -6, -48, -34, -18, -28, 53, 43, 20, 26, 4, 28, -14, 8, -2, -29, 8, 11, 8, 8, -17, 25, 25, 13, 16, 15, -15, 13, -24, 18, -33, 16, 11, 37, 22, 2, 19, 12, 28, 5, -10, 7, -25, -6, -10, 30, 1, 33, 16, 78, 26, 26, -20, 10, -14, 73, 22, -2, 24, -12, 35, -30, 10, 17, 9, -17, 60, 6, 103, -4, 11, -26, 85, 24, 14, 22, 27};
weights_linear_ih[4] = {-22, 11, -20, 4, 10, -26, -20, -28, 15, -8, 22, -22, 2, 22, 20, -6, -9, -9, 10, 12, -44, 0, -7, -14, -9, 1, 27, -9, -38, -6, -7, 0, 9, -2, -22, 17, 20, -21, 1, 31, -9, 9, 65, 31, 0, -20, -14, -42, -3, 32, 20, -10, -18, 11, -26, -10, 17, 11, -14, 3, -34, -13, -15, 7, -40, 0, -11, -20, -22, 5, 14, 15, 44, -13, -22, 1, -22, 4, 26, -10, 9, 17, -47, 0, -73, 64, -4, -9, -3, -9, 21, -43, -21, -12, 32, -9, 15, 45, 30, 6, 16, -49, -26, -26, 48, 33, 34, -40, -11, 4, -1, 7, -40, 10, -34, 61, -29, -21, -8, 41, 33, 5, -19, -34, 4, -26, -52, 34, -13, 19, -23, 43, -9, -20, -32, -30, 8, -9, 7, -2, -45, 42, -69, 9, 4, 15, 40, 11, 25, 32, 23, 6, -6, -10, 14, -11, 13, -13, 23, 46, 36, -11, 6, 36, -2, 29, 20, 42, 35, 8, 80, -5, -14, 2, -12, -6, -15, 30, -8, -9, 13, -24, -9, -29, 36, 24, 3, -16, 21, -8, -4, -4, -10, 22, -3, 49, -15, 16, -13, -3, -7, 24, 16, 10, 9, 66, 34, 13, -22, 24, -9, 47, -13, -31, 12, 12};
weights_linear_ih[5] = {-9, 17, 46, -12, -4, 13, -44, -23, -1, 30, -12, -18, 0, -27, 15, 2, -26, 22, -11, -8, 23, 3, 16, -1, 2, -10, -10, -31, -44, -8, 6, 26, 19, 45, 37, 1, -40, -4, 1, 3, 29, 8, 42, 9, 8, 0, 2, 5, 1, -19, 6, 8, -22, 35, 47, -2, -29, 24, 2, 16, 22, -21, 2, -35, -21, 8, -7, 8, 6, -25, 12, -22, -42, -29, -42, -1, -26, -42, 23, 3, 19, 28, -44, 18, 19, 18, 46, 19, -34, -7, 31, 9, 45, -36, -35, 15, -20, 0, -7, -4, 100, -7, 1, -30, 22, -35, 33, -24, -6, -12, -54, 34, 22, -6, -59, 25, -22, 58, 24, 6, -11, 24, -14, 16, -9, -34, 5, -13, -50, 19, -30, 42, 52, -9, 30, -49, 13, -42, 34, 46, 1, 11, -18, -7, 42, 63, 13, 14, 12, -21, 23, 10, 30, 52, 38, 9, 49, 35, 31, 42, 40, 39, 32, 41, -11, 55, -5, -11, 44, 50, -12, 14, -10, 26, 24, 26, -5, 9, -5, 25, 15, 23, 34, 17, 29, 70, -10, 35, 25, -34, 12, 2, 10, 26, -5, 15, 9, 11, -13, -54, 14, 23, 19, 3, -12, 26, -12, -23, -7, 15, 8, 35, -20, 34, 44, 25};
weights_linear_ih[6] = {-48, 11, 36, 21, -22, -75, 2, 8, 6, 12, -17, -9, -24, 14, 18, -14, 11, 44, -39, -16, 31, -1, 13, -44, -5, -22, -39, -12, 14, 7, -7, -39, 13, 10, 24, 0, 6, -6, 12, -21, 21, 12, 6, -10, -8, 29, -33, 18, -21, 39, -21, 1, 43, -17, -1, -23, 31, 14, -38, -1, -86, -19, 16, 17, -30, 33, 40, -16, 4, 15, -11, -49, 5, 50, 6, -42, -15, -24, 10, 63, -30, -21, -16, 0, -9, -24, -14, -3, -3, 22, -43, -32, -19, -21, -9, 1, 18, -33, -67, -3, 66, -26, 5, 16, -29, -12, -9, -11, -47, -52, -15, -13, -32, 9, -15, 13, -18, -54, 31, -30, 21, 51, -8, 61, 19, -12, 3, -14, -15, -17, -2, 22, -20, 49, -27, -25, -17, 2, 0, -7, 50, 16, -9, -7, 27, 30, -18, 47, 28, 38, -54, 2, 39, 16, 31, -10, 28, 16, 30, -5, 11, 12, -16, 37, 22, 9, -7, 6, 20, 24, 3, 56, -6, 23, 58, 20, -9, 23, 15, -4, 24, 35, -19, 52, 66, 10, 12, 29, 1, 95, 26, 21, 36, -2, 47, 19, 14, 28, 14, 57, 2, -34, 17, 11, -16, -12, 30, 21, 5, 6, 32, 20, -12, -7, 7, -7};
weights_linear_ih[7] = {25, 6, -17, -16, 8, -9, -2, 6, -29, -40, 15, -8, -1, 9, -5, -16, -14, 18, -14, 5, 8, 2, 7, -3, 0, -3, -3, 17, 14, -8, 16, 5, -15, 17, -24, 22, -35, -34, 4, -17, 19, -19, -21, -20, 23, 0, -15, -18, -19, 1, 9, 3, 21, -36, 23, -21, 10, -3, 4, 12, 12, 11, -4, 6, -3, -2, 2, -13, 23, -31, 7, 19, -16, -26, -3, 53, 9, -15, -10, 6, 28, 55, 23, -21, 2, 7, -2, 7, 13, 41, -24, -1, -6, 3, 13, 1, -47, -37, -1, -7, -3, 0, 36, -31, 8, -64, -23, 44, 6, -5, -11, -19, -27, 21, -14, -45, 32, 7, -23, -38, 25, 31, 4, -18, -2, -31, 23, -14, 23, 34, 24, 29, 0, -8, -34, 13, 6, 14, 27, 20, 25, 30, 20, 38, 29, -11, 9, -52, 13, 18, 15, 44, -30, 52, 25, 5, 22, 19, 26, -12, 4, -15, -6, -2, 31, -33, 48, -2, -1, 31, -2, 17, 28, 0, -2, 3, 40, 21, 47, 12, -10, 13, 30, -1, -18, 15, -5, 22, 12, 29, 5, 3, 41, 16, -1, 27, 11, -13, -17, 59, 35, 15, 15, 14, -16, 4, -2, 0, -4, 62, 15, -43, 24, 33, 31, 63};
weights_linear_ih[8] = {17, 26, 41, -20, -31, -1, -2, -12, 12, 18, 15, 23, 17, -29, 33, -13, -21, -15, 14, 12, -9, -15, -6, -23, 33, -24, -2, 1, -35, -13, 27, 10, -10, -5, 15, -21, -28, 2, 10, 1, 0, 19, -21, -18, -36, 22, -11, 7, 47, -33, 17, 18, 31, -29, -2, 15, -14, 17, -5, 17, -27, 3, -2, 6, -9, 11, 23, -8, 55, 30, -6, 3, 16, 13, 2, -35, 30, -57, 12, 26, 22, 0, 26, 9, 26, -57, -22, 55, -18, 40, 15, 16, 106, 14, 16, 7, -34, -28, -6, 1, -15, -13, -12, -18, -60, 10, -11, 25, -27, 5, 3, -5, 34, -9, -14, 2, -9, -23, -12, -15, -13, 50, -31, 90, 46, -11, -18, 6, -10, -32, 21, 52, 0, 3, 12, -23, 3, 6, -14, 24, 19, 3, -18, -65, 22, -2, -11, 46, 27, 23, 5, -17, 65, 37, 29, 58, 23, 49, 17, -14, 40, 57, 23, 30, 55, 50, 9, 30, 25, -15, 10, -2, 41, 56, 44, 42, 22, 31, -14, 30, 17, 29, 30, 10, 67, 13, 22, -4, 11, 29, 12, 19, 34, -49, 7, 46, 29, 2, 9, 10, -4, 4, 29, 2, 19, 27, 29, 10, 29, 10, 20, 38, -37, 24, 29, 4};
weights_linear_ih[9] = {0, 0, 0, 0, 0, 0, 0, 0, 0, 0, 0, 0, 0, 0, 0, 0, 0, 0, 0, 0, 0, 0, 0, 0, 0, 0, 0, 0, 0, 0, 0, 0, 0, 0, 0, 0, 0, 0, 0, 0, 0, 0, 0, 0, 0, 0, 0, 0, 0, 0, 0, 0, 0, 0, 0, 0, 0, 0, 0, 0, 0, 0, 0, 0, 0, 0, 0, 0, 0, 0, 0, 0, 0, 0, 0, 0, 0, 0, 0, 0, 0, 0, 0, 0, 0, 0, 0, 0, 0, 0, 0, 0, 0, 0, 0, 0, 0, 0, 0, 0, 0, 0, 0, 0, 0, 0, 0, 0, 0, 0, 0, 0, 0, 0, 0, 0, 0, 0, 0, 0, 0, 0, 0, 0, 0, 0, 0, 0, 0, 0, 0, 0, 0, 0, 0, 0, 0, 0, 0, 0, 0, 0, 0, 0, 0, 0, 0, 0, 0, 0, 0, 0, 0, 0, 0, 0, 0, 0, 0, 0, 0, 0, 0, 0, 0, 0, 0, 0, 0, 0, 0, 0, 0, 0, 0, 0, 0, 0, 0, 0, 0, 0, 0, 0, 0, 0, 0, 0, 0, 0, 0, 0, 0, 0, 0, 0, 0, 0, 0, 0, 0, 0, 0, 0, 0, 0, 0, 0, 0, 0, 0, 0, 0, 0, 0, 0};
weights_linear_ih[10] = {15, -4, 1, -24, 6, -20, 21, 13, -7, -13, 8, -27, 10, -27, -30, -3, 2, -1, -44, -31, 37, 3, 0, 15, -25, -21, -69, 20, 5, 8, -14, -25, 6, -24, -18, 0, 8, -7, 31, 13, 14, 9, 17, -41, 29, 15, 18, 47, 26, 26, 27, -34, -8, -21, -11, -5, 28, 13, 26, 6, -26, -17, 0, 24, -6, -7, 9, -6, 15, 28, 26, -17, 18, -22, -20, -14, 11, -11, -57, 38, -17, 5, 16, -8, 67, 0, 29, 40, -20, 36, -20, 29, 40, 28, 3, 23, -19, -35, -69, -34, 37, 13, 12, -8, -51, -94, -37, 2, -38, -26, -2, 22, 43, 15, -4, -30, 10, -9, 6, -43, 35, 13, -10, 88, 12, 13, 6, -1, -5, -25, 62, 57, -4, 18, 2, 18, 45, 38, -9, 26, 60, 32, 49, 8, 52, 14, 9, 35, 42, 4, -13, 10, 25, 44, 41, 52, -18, -5, -4, -23, 7, 51, -25, -27, 2, -15, 5, -3, 36, -7, -24, 3, 1, 62, -4, 40, 24, 24, 26, 8, -2, -15, 71, 52, 27, 32, 15, 14, 37, 22, 67, 0, 8, 35, 6, 7, 3, 42, 63, 23, 10, -9, 18, 10, 26, 36, -8, 13, 33, 24, 47, 12, 17, 17, 21, 18};
weights_linear_ih[11] = {51, -13, -7, 8, -23, -12, 8, 17, 6, 18, 2, -5, 21, -11, 10, 9, -16, 3, -10, -13, 21, -25, -5, 13, -44, 11, 1, -1, 34, 36, 7, -7, -18, 22, -6, 17, -55, -45, -18, -22, -7, -9, 22, -14, 29, 31, 10, 20, -5, -38, -11, -12, 6, -7, -15, 29, -3, 33, 24, 27, -25, 41, 15, -7, -49, 24, -2, -9, 0, -7, -28, -4, -25, -1, -5, 25, 31, -37, -36, 0, 10, 45, 17, -41, 23, 21, -19, 32, 4, 24, 1, 1, -17, 19, 12, 16, -40, 2, 24, -29, -17, 16, 9, -46, -14, -30, -20, 25, 35, -21, 20, -41, -33, 26, -13, -45, 17, -9, -55, -37, 20, 11, -27, 8, 6, -10, -17, -39, 3, 36, 4, 5, -18, 5, -51, 21, 30, 36, 29, 26, 0, -7, 27, 25, -14, -17, -8, -22, 14, 52, 29, -4, -12, 33, 15, 7, 28, 16, 36, -35, -2, -6, 38, -2, 8, -29, 52, 24, 30, 26, 35, -19, 2, -21, -21, 15, 54, 2, 32, -6, -43, -15, 66, -45, -12, 10, -12, -10, 47, 26, -15, -10, 6, -10, 21, 12, 5, -4, -18, 60, 39, 10, 5, 15, 7, 1, 18, -4, -30, 51, -21, -27, 20, 24, 34, 71};
weights_linear_ih[12] = {22, 15, -6, -36, -19, -14, -4, -15, 33, -18, 11, -12, 27, -2, -22, -27, 28, 2, 2, -4, 15, -4, 6, -13, -21, 37, -7, -27, -20, 17, 25, -5, -30, 19, 0, 15, -32, -12, 19, 7, -19, 6, 25, 7, -6, 11, -9, -19, 10, -24, 18, 7, -28, 14, 33, -23, -10, -35, -14, 17, -46, 30, -6, -9, -50, 11, 25, 9, 19, 4, -6, 12, -49, -35, -10, 31, 2, -23, -16, 11, -2, 51, 7, -9, -38, 40, 9, -37, -20, 10, 0, -1, 2, -18, -18, -6, -43, -26, 9, -13, 11, -33, 43, -34, 57, -23, 13, 4, 10, -25, -34, 13, -38, 13, -51, -10, 8, 31, 18, -13, 18, -24, -23, -8, 3, -60, -29, -9, 17, 39, -17, 38, -37, -44, -37, -1, 14, 10, 7, 7, -26, 24, 12, 1, 19, 27, -4, 23, 18, -10, 36, 27, 1, 43, 16, -4, 51, 14, 31, 21, -10, 1, 13, 9, 23, 6, 19, 36, 31, 22, 7, 15, -25, 35, -22, 3, 35, 30, 23, 19, -10, 25, 21, -12, 13, 23, -13, 20, 13, 2, -27, 30, 36, -8, -23, 48, 36, 23, -38, 33, 6, 20, 34, 10, -34, 24, 22, -39, 8, 54, 13, -26, 19, 27, 22, 44};
weights_linear_ih[13] = {-30, 21, 3, 28, -1, 88, 17, -6, -8, -25, -4, -16, 14, 27, -70, 18, 10, 6, 6, 8, 7, -31, -5, -6, -3, 7, -38, -23, 22, -42, 22, -14, -57, 38, -39, 16, 16, 27, -18, -8, 5, 2, 41, 49, 2, 1, -28, 40, -42, -31, -11, -7, 37, -21, -13, 19, -57, 25, -21, -6, 29, 72, -50, 19, 29, 9, 2, 47, -8, -5, -10, 2, 74, 25, 38, -5, 39, 23, 26, 26, -13, -8, 32, -24, 0, -8, -20, -29, 12, 19, 23, -31, -27, 32, -9, -2, 24, 22, 41, 59, -13, 7, 21, 11, 26, 28, -14, 36, -16, 72, 17, -1, -68, 36, 4, 43, 9, -9, -5, 7, -25, -3, 7, -4, -6, -3, -4, -23, 6, 8, 3, 32, 34, 38, 9, -12, -25, -32, 24, 2, -29, 8, -49, 28, -22, -4, 18, -32, 22, -37, 2, 23, -23, -17, -15, 9, 27, -1, 17, 25, 29, -6, 18, 0, 13, 22, 19, 21, -31, 8, 22, 4, 59, -1, 27, 1, 44, 24, 15, 32, -12, -31, -37, 37, -56, 5, 32, 32, 6, 22, 28, 21, 25, 53, 54, 16, -2, 32, -23, 9, 5, 16, 27, 17, 13, -29, 51, 13, 40, 5, -11, -1, 14, -26, 13, -23};
weights_linear_ih[14] = {-11, -30, -8, -8, -16, -15, -6, 11, 12, -29, 12, -49, 5, 3, 13, 20, -16, -3, 14, -1, -17, 17, 13, 16, 18, -2, 10, 3, -4, -19, -6, 2, -34, 23, -11, 16, 30, -16, 28, 14, 10, 14, -27, -29, -20, -29, 2, -2, -27, -1, -3, 20, 15, -2, -11, -70, 5, 29, -32, 14, 4, -31, -9, -11, -8, -56, -24, -18, 7, 21, 31, -38, 14, 29, -87, 16, -18, 19, -41, -30, -26, -34, -3, 21, -8, -12, -17, -17, 12, -8, 12, 0, -29, -44, 8, -11, -26, 31, 50, -26, -17, 5, 6, -42, 11, 20, 15, -7, 15, 2, 37, -8, -10, -59, -47, -31, 0, -6, 3, 3, 6, -33, -21, -22, 21, -7, -13, 19, -31, -11, 28, 41, -3, -15, 6, -11, -19, 37, -8, -30, -28, 17, -76, 14, 35, -26, 69, -9, 11, -21, 55, 33, -15, -10, 19, -14, -30, 15, 18, 6, 5, 24, 2, -8, -13, 32, 25, 42, 13, 33, 10, -17, 20, 13, 1, -15, -14, -16, -62, 3, 36, -68, -15, -32, -6, -6, 33, -30, 53, 5, -14, -16, 10, -6, 31, -2, -31, 10, 21, 0, 18, 63, 0, 9, 5, 44, 16, 37, -2, 6, 11, 27, 27, -18, -7, 16};
weights_linear_ih[15] = {15, -9, -11, 9, 18, 12, -12, 7, -12, 19, -27, -9, -1, 21, -16, 36, 17, 14, -11, -21, 15, -4, -28, -40, 10, -29, -20, -13, -12, -2, -23, -15, 13, -13, -2, 7, -8, 21, 7, 0, 13, 8, 3, -3, -12, -4, 33, 24, -17, 6, 25, -15, 10, -16, -3, -1, 22, 43, -18, 14, -32, 23, -45, 16, -19, 22, 15, -26, -17, -8, 13, -8, 11, -15, 16, 2, 5, -32, -7, 6, -4, -18, 21, 28, 42, -18, -3, 33, -2, 35, 6, 26, 31, 0, -23, 62, 23, -26, -56, 14, 63, 0, 15, -19, -34, -12, 1, 10, -1, 31, -28, -8, 7, 3, -24, -37, -11, -64, 13, -10, -17, 49, -10, 57, 21, -2, -32, -23, 25, 21, -3, 49, 9, -32, 7, -34, 38, 8, 15, 50, 14, 7, 28, -28, 21, 2, 11, 23, 40, -13, -35, -8, 11, 49, 27, 62, -5, -4, 24, -40, 54, 47, 6, 16, 8, 63, -12, 6, 45, -18, -22, 13, 19, 46, 27, 43, -3, 12, 7, 19, 17, 3, -26, 31, 20, 21, 12, 1, 26, 43, 51, 23, -15, 62, 3, -21, -1, 27, 38, 20, -29, -5, 8, 3, 23, 22, -1, 8, 12, 31, 19, -10, 22, -2, 27, 12};
weights_linear_ih[16] = {-7, 1, 15, -5, 4, 19, -2, 35, -8, 6, -20, -2, -7, -28, 32, 5, 26, 2, -8, -3, -19, 5, -25, 12, 15, -27, -13, -9, -12, 15, 2, 20, 4, 15, 4, 15, -23, -13, -19, -29, 20, -1, -7, -24, -8, -20, 20, 41, 25, -40, 27, 34, 6, -13, -3, -19, -17, 18, -27, 15, 7, -1, -61, 8, -32, 22, 47, -34, 18, -11, -1, 9, 30, 4, -3, -3, 22, -58, -23, 5, 20, 35, 27, 6, 48, -43, -14, 34, 6, 57, 18, 20, 55, 1, -33, 7, 33, 10, -20, -14, 22, -6, -4, -20, -13, -20, 6, 6, -13, 7, -31, -10, 0, -2, -25, 17, -15, -30, 6, -26, 8, 15, -14, 88, 14, 23, -29, -8, -6, 41, -14, 72, -12, 6, 25, -37, 29, 19, 16, 24, 26, 1, 33, -19, -14, 10, -15, 37, 35, 12, 3, 22, 32, 72, 7, 83, 36, 54, 36, -31, 62, 34, 20, 46, 39, 17, 24, 33, 28, -7, 13, 12, 24, 64, 27, 45, -5, 21, 9, 20, 1, 36, 10, 7, 46, 8, -11, 32, 4, 57, 21, 44, 57, -2, 8, 12, 19, -8, 12, 51, -30, 12, 31, 5, 4, -22, -23, -17, 37, -2, 34, 3, -2, -25, -4, 17};
weights_linear_ih[17] = {-40, 20, -17, -27, 8, 7, 1, 2, 22, 3, -7, 4, 18, 18, -23, 18, 20, 6, -3, -7, -16, -16, 91, -18, 7, 44, 57, -2, -3, 9, 29, -5, 20, 37, 35, 22, 8, 42, 20, 19, 6, 18, 69, 68, 4, 6, 18, -21, -7, 3, -9, -27, 6, 26, -52, -9, -30, 19, -9, 3, -2, 36, 26, 5, -33, 7, -32, -5, 26, 13, 18, 5, 8, 14, -32, -6, -13, 38, 5, -10, -38, -3, -75, -1, -38, -10, -9, 7, -31, 3, 27, -4, 1, -24, 29, 16, 8, 46, 29, 22, 26, -14, -21, -37, 47, 40, 58, -45, 10, 14, 5, 4, -1, -35, 13, 46, -35, -8, 26, 42, -14, -3, -29, -47, -32, -47, -4, 7, -61, -22, -16, 27, 0, -5, -9, -58, -8, 27, -9, 39, 17, -15, -50, -11, 8, 30, -6, 32, 27, 9, 36, -29, 24, -12, 11, 7, 27, 5, 24, 5, 21, 18, 31, 59, 11, 25, 1, 25, 49, -17, 11, -18, 1, 16, 0, 5, 18, 44, 1, 10, 37, -14, -12, -1, 44, -29, 24, 61, 36, 14, 6, 33, -4, -10, 76, 61, 7, 17, -11, -27, -4, 60, 49, 4, -21, 11, 28, 10, 4, -10, -10, 65, 8, 18, 16, 41};
weights_linear_ih[18] = {11, 5, -16, 29, 20, -24, 61, 47, 23, 20, 46, -29, -33, 20, 28, 12, 27, 8, -26, -22, -18, -44, 35, 9, 23, 1, -21, 12, -5, 14, -34, -11, 24, -16, -4, 4, 5, -78, 11, -36, 11, 12, -10, -29, 20, 32, 13, 8, 9, -25, 2, 3, 43, -12, -40, -4, -29, 49, 7, 29, -24, -18, 6, 19, -12, -32, -14, 8, -50, -15, 0, -16, 78, 28, 13, 4, 12, 5, -19, 16, -66, -53, 29, 33, 28, -37, 35, 45, 14, -32, 5, 61, 30, 31, 17, 9, 10, -4, -39, -8, 2, 42, 0, 14, 9, 25, 8, -18, -18, -2, 29, 6, 0, -24, 42, 19, -16, -39, 14, -11, 12, -9, -9, -42, -32, 15, 35, 8, 9, 23, 49, 4, 18, -18, -19, -33, 17, 76, -23, 4, 31, -4, -1, -9, -67, 29, 44, 5, 40, 8, 35, -18, -8, -16, -15, 6, 10, 25, -2, -48, 28, 45, 39, 8, 26, 18, 16, 21, 37, 23, 45, -10, 38, 30, -16, 30, 19, 48, 26, -21, -22, 22, -10, -37, 32, 16, -3, 12, 64, 54, 13, 29, 56, -27, 10, 32, 19, 9, 1, 51, -8, -19, 8, 7, -38, 60, 31, 87, 28, 38, -28, 92, 51, 32, 19, 41};
weights_linear_ih[19] = {21, 6, 13, 21, -22, -14, 8, 32, -1, -18, -6, -7, 9, -1, 1, 28, -7, 0, -1, -18, 38, -30, 11, 11, 10, -29, -28, 3, -8, 14, -19, -20, 32, 17, 4, -18, -30, 27, -15, 11, -19, 13, 26, -22, -24, -19, 8, 11, -9, -30, 46, -23, -10, 4, -3, 6, -14, 14, 16, 21, -42, 6, -33, -36, -20, -6, 35, -1, -4, -27, -25, 6, -5, -9, 8, -10, 30, -24, -18, -4, -3, 25, 11, 12, -23, 2, -12, 16, 14, 6, -23, 7, 14, 21, 8, 40, 29, -37, 38, 19, 38, -4, -21, -14, -57, -84, -54, 35, -11, -4, -15, -2, -11, -13, -31, 34, 17, 12, -19, -30, -9, 19, -27, -1, -6, -1, 4, -14, 23, 37, 13, 51, 7, -33, 8, -44, 12, 30, -14, 4, 23, 24, -1, 39, -18, 13, 48, 46, 32, -4, 6, 21, -12, 56, 15, 59, -18, 5, 36, 16, 55, 4, 13, 45, 20, 33, 5, -23, 10, 3, -3, 14, 17, 18, 43, 52, -7, 13, -12, 57, -6, 43, 33, 25, 12, 44, 26, 13, 9, 29, 54, -5, 9, 19, -33, 20, -3, 3, 40, 21, 2, 19, 13, 7, 14, 39, -18, -21, 36, 19, 25, 29, -7, -16, 18, 34};
weights_linear_ih[20] = {0, -9, 32, -16, -23, 6, 1, -43, 16, -14, 2, -13, -13, -30, -11, 16, -20, 17, 13, 19, 0, -12, 9, 33, -2, 52, 17, -38, 26, 12, 37, 21, 28, 2, -1, 2, -32, -19, -13, 4, 5, -7, 10, 30, 26, -46, -39, 2, -17, -5, 45, 12, 3, -11, 18, 54, -21, -59, 0, 6, 1, 0, -2, -61, -8, -12, -10, 9, 19, 23, 11, -15, -39, -13, -5, 44, 8, -4, 6, -1, 9, 4, -39, 16, -53, 21, 27, -14, -7, 16, 27, -7, -25, 6, 20, 15, -1, -23, -13, 6, 51, -36, 13, 30, 50, -11, -13, 2, -15, -25, -28, -4, -41, 7, -1, 18, 10, 8, 35, 24, -7, 25, -3, -9, -16, -72, 36, 44, 24, 30, -2, 35, 12, 9, -12, 32, -2, -23, 23, -10, 8, 32, -24, 31, 43, 38, 3, -18, 10, 10, 38, 47, 53, 20, 26, 12, 18, 20, 32, 71, 45, 14, 26, 7, 19, -3, 18, 43, 24, 46, 23, 73, 10, 35, -2, 12, 16, 28, 77, 20, -19, 20, 12, 3, -10, 38, -19, 60, -1, -23, -8, -7, 6, 26, 27, 31, 37, 27, -11, -3, 23, 2, 46, 11, -7, 16, -3, -50, 17, 58, 36, 9, 31, 23, 43, 66};
weights_linear_ih[21] = {-6, -19, 32, 2, -26, -7, -50, 3, -37, 26, -8, -26, -28, -2, -2, 8, -36, -63, -19, 17, 11, 20, 34, 5, -8, 15, -26, 37, -42, 7, -28, 18, -15, 10, 8, -17, -15, -26, 52, 4, -8, 35, -14, -15, -22, -21, 24, -13, -11, 19, 35, 29, 16, -17, 28, -28, -19, -6, 48, -5, -17, -42, 3, 1, 9, -8, -12, -38, -14, -12, 10, -21, 7, -39, -16, 32, -16, -49, 18, -14, 33, 4, -6, 11, 35, 6, 37, 28, 4, 73, -10, 1, 28, -16, 16, -14, -16, 20, -62, -18, 38, 22, 8, 2, -5, -51, -12, -12, -11, -37, -34, 1, 39, 9, -54, -32, 26, 18, -35, -4, 20, 76, -3, 18, 27, -35, 47, 6, -10, 14, 30, 59, 27, -26, -15, -9, 21, -7, 33, -4, 18, 59, 68, 11, 52, 7, 19, -23, 9, -10, 48, 30, -22, 6, 13, 3, 10, 12, -2, -2, -15, 38, -45, -30, 8, -34, -5, 3, 16, 8, -44, 21, -30, 29, 10, 10, 5, 17, 4, 11, -15, -7, 70, 13, -13, 39, 16, 5, 9, 15, 17, 21, 6, 8, -23, 19, 33, 1, -6, 15, 71, 14, 30, 11, -16, 46, 30, -33, -17, 32, 82, -46, 32, 19, -4, 14};
weights_linear_ih[22] = {6, 25, 48, 6, 15, 8, -25, 36, -20, 6, -20, 7, 29, -22, 24, 35, 22, 30, -24, -20, 56, -12, -3, -27, 32, 3, -11, 24, -16, 6, 25, -29, 0, 23, 12, 17, -27, -8, -30, -7, -17, -11, -17, 1, 4, 20, -5, 10, 12, 9, -16, -7, 23, 12, 33, 14, 25, 30, -19, 24, -21, -22, -18, -26, -12, 7, 29, -28, 5, -37, 13, 11, -8, -10, 24, -3, 32, -60, 22, 40, -17, 11, 20, 26, 15, -54, 3, 48, 0, 65, -23, 21, 5, 15, 18, 17, 7, 9, 4, -24, 11, 3, 11, 18, -30, -42, 13, 12, 0, 12, -39, 16, 5, 24, 4, 12, 8, -28, 16, 0, 11, 33, -29, 91, 13, 21, -4, -10, 3, -4, 9, 17, 22, -25, 4, -45, 4, 10, -14, 42, 59, 1, -21, -27, 28, 15, -7, 39, 29, -14, -22, -5, 45, 47, 12, 47, -8, 66, 17, 22, 34, 18, 27, 2, 9, -8, 5, 12, 19, 5, -20, 38, 26, 32, 43, 39, 27, 17, 24, 36, 29, 55, 12, 24, -3, 39, 10, 7, 14, 20, 50, 34, 22, 5, 16, 12, 21, 25, 9, 0, -32, -24, -7, 5, 11, 24, -18, 19, 45, 12, 10, 19, 6, 5, 28, 23};
weights_linear_ih[23] = {0, -4, -3, -8, -10, 23, 12, 4, 19, -3, 15, -4, -4, -5, 11, 3, 18, -15, 23, 0, 2, 16, -10, 7, 13, 1, 3, -31, -43, -9, 18, 22, -19, 14, -7, 28, 2, -20, 25, 5, 14, 27, 37, 43, -1, -5, 22, -29, 24, -18, 12, -36, -28, 31, 17, 65, 7, -12, 9, 21, -22, 1, 7, -31, -38, 31, -15, 23, -4, 33, 11, -8, -24, -23, -9, -37, -14, -4, 40, -24, 10, 0, -9, 43, 9, 13, 21, 28, -30, 6, 21, -7, 10, -11, 21, -7, -22, 19, 26, 23, 12, 9, 10, -17, 11, 12, 53, -16, 10, -11, -27, 15, 17, -20, -29, 72, -3, 6, -11, 29, -12, -9, -23, -37, -18, -20, -1, 34, -82, 13, 18, 19, -42, -15, -7, -43, 19, -2, -34, 4, -25, -33, -72, -21, -16, 34, 11, -3, 21, -2, -8, -1, 48, 2, 30, 12, 23, 1, 1, 16, 23, 47, 2, 28, -16, -4, 36, 30, 32, 19, 6, -41, 2, 30, 9, 21, 8, 10, 19, 4, -5, 22, 22, 14, 32, -17, 16, -8, 22, 10, 10, -11, -34, 11, 65, 25, 27, 23, 34, -33, 41, 17, 25, -5, -10, 28, 21, -46, -28, -2, 6, 19, -8, 15, 13, 25};
weights_linear_ih[24] = {8, 3, 11, 9, -28, 11, 14, -19, -7, -2, -18, 15, 6, 1, 1, 42, -28, 20, 34, -12, -8, 1, -9, 26, 6, 0, -27, -34, -3, -14, 35, 25, 12, 17, 6, -6, -18, 7, -17, -15, 3, 7, 38, 12, 24, -21, 23, 9, -43, 5, 14, 33, 6, -2, 26, 12, 13, -8, -26, 17, -29, 48, -41, 10, 14, 5, 28, -16, -13, 10, -29, -24, -14, 7, -26, 16, 43, -3, -7, 5, -34, 6, -3, 11, 14, -9, -38, -8, -16, 26, 8, -24, 16, -26, -50, 8, -37, -11, 4, 34, 8, -17, 21, -25, -22, 29, 5, 10, 5, 44, -22, 24, 27, -17, -56, 37, -21, -15, -2, 8, 10, 19, 4, 33, -10, -12, -59, -5, 2, 29, -15, 49, -6, 0, 8, -26, 11, -4, 15, 25, -12, 8, -5, 16, -7, 4, 29, 22, 8, 9, -15, 24, 31, 11, 0, 14, 48, 37, 53, 20, 47, 25, 35, 47, 7, 16, 13, 19, 51, -10, 28, 0, 40, 13, 35, 16, 27, -16, -31, 37, 26, 8, -13, 15, 45, 0, -4, 26, 29, 26, 29, 35, -2, -10, 82, 12, -11, 42, -10, 25, 28, -3, 43, 9, -8, 24, -31, -21, -1, 1, -23, -9, 3, 2, 35, -1};
weights_linear_ih[25] = {7, 20, 37, -10, 9, 14, 5, 26, -30, -13, 5, -5, 14, -14, 6, 28, -33, 25, -22, 0, 18, 30, 19, -52, 8, -2, 2, -34, -37, -12, 2, -3, 15, -7, 17, 16, 5, 2, -22, -18, -26, -25, 0, -21, 10, 2, 17, 25, 27, 21, 35, 55, 26, -21, 26, -3, 2, 30, -5, 17, -8, -36, -3, -23, -16, -18, 27, -12, 19, -52, -18, -24, -10, -19, -18, -8, 6, -32, 22, -5, -22, -9, 3, -13, 16, -41, 9, 23, -11, 62, -10, 22, 58, 17, -24, 56, -12, -8, 3, 26, 68, 31, -20, -17, -47, -67, 13, 14, -33, 35, -42, 29, 24, 10, -36, 3, 10, -17, 28, -13, 40, 43, -5, 37, 15, 20, -17, -16, 8, -6, 4, 121, 15, 2, 22, -5, 9, 46, 10, 28, 41, 26, -2, -15, 45, 36, -23, 40, 28, 8, 6, 1, 10, 32, 42, 58, 30, 32, 22, 10, 50, -1, -14, 35, -13, 88, 3, 11, 23, -16, -5, 47, 38, 42, 39, 25, -32, -2, -3, 17, 20, 30, -26, 67, 51, 35, 15, 13, 14, 23, 29, 22, 5, 36, -6, -16, 18, -7, 38, -4, 3, -14, 16, 6, 5, -15, 1, -7, 5, 3, 3, 22, -32, -1, 22, -2};
weights_linear_ih[26] = {0, 0, 0, 0, 0, 0, 0, 0, 0, 0, 0, 0, 0, 0, 0, 0, 0, 0, 0, 0, 0, 0, 0, 0, 0, 0, 0, 0, 0, 0, 0, 0, 0, 0, 0, 0, 0, 0, 0, 0, 0, 0, 0, 0, 0, 0, 0, 0, 0, 0, 0, 0, 0, 0, 0, 0, 0, 0, 0, 0, 0, 0, 0, 0, 0, 0, 0, 0, 0, 0, 0, 0, 0, 0, 0, 0, 0, 0, 0, 0, 0, 0, 0, 0, 0, 0, 0, 0, 0, 0, 0, 0, 0, 0, 0, 0, 0, 0, 0, 0, 0, 0, 0, 0, 0, 0, 0, 0, 0, 0, 0, 0, 0, 0, 0, 0, 0, 0, 0, 0, 0, 0, 0, 0, 0, 0, 0, 0, 0, 0, 0, 0, 0, 0, 0, 0, 0, 0, 0, 0, 0, 0, 0, 0, 0, 0, 0, 0, 0, 0, 0, 0, 0, 0, 0, 0, 0, 0, 0, 0, 0, 0, 0, 0, 0, 0, 0, 0, 0, 0, 0, 0, 0, 0, 0, 0, 0, 0, 0, 0, 0, 0, 0, 0, 0, 0, 0, 0, 0, 0, 0, 0, 0, 0, 0, 0, 0, 0, 0, 0, 0, 0, 0, 0, 0, 0, 0, 0, 0, 0, 0, 0, 0, 0, 0, 0};
weights_linear_ih[27] = {-68, 30, 19, 41, -21, 28, 50, 15, -22, 6, 29, 10, 21, 38, -5, -13, 22, -29, 16, -27, 27, 22, 19, -2, 8, 21, -14, 24, -18, -24, -4, -2, -16, -30, 27, 6, 3, -58, -17, 43, -1, 21, 46, 35, 6, -29, -24, -1, -24, -29, 0, -1, 39, 12, -21, 2, -15, 48, 27, 1, -2, 34, -25, -22, -13, -10, 10, 43, -68, 31, 37, -11, 23, 2, -10, -2, -8, 52, -14, 14, -44, -9, -16, 2, 3, -18, -10, -19, 39, -5, 37, 33, -19, 16, -9, 26, -9, 41, 13, -3, -19, 25, -3, -12, 30, 19, 36, -34, 10, -11, 8, -27, -13, -34, 18, 38, -7, -13, -12, 28, -11, 16, -6, 0, -9, 32, -24, 27, -34, -8, -17, 23, -21, 29, -35, -29, -7, 16, 8, 39, -10, -33, -17, -21, -76, 32, 24, -8, 37, 26, 20, 15, 9, -31, -27, 21, 14, 23, 0, -15, 21, 54, 10, 22, 45, 0, 10, -19, 48, -19, 34, 25, 11, 27, 2, 23, 14, 55, 38, 6, 23, -5, 6, -21, 15, -9, 30, 50, 34, 33, 23, 47, -12, 3, 90, 24, 0, 46, -33, 75, -7, -17, 25, 12, -35, 27, 38, 77, 25, 25, -1, 34, 74, -7, -3, 25};
weights_linear_ih[28] = {-3, 15, 1, -21, -30, 12, -14, -2, 19, -13, 3, -21, 15, -28, 0, -19, -12, -8, 0, -13, -3, -31, -5, -10, -23, 28, -4, 14, -31, -5, 33, 28, 3, 33, 25, 9, 14, -27, -29, -28, 14, 18, -2, -32, 21, 40, -8, -34, -2, 9, 32, -1, -23, -29, 29, 11, 24, 0, -5, 21, -27, 13, -14, -14, -12, 17, 33, -11, 33, 18, 11, -22, -54, -22, -57, 15, -34, -45, 5, -4, 18, 32, 9, 17, -36, 42, 42, -35, 7, 6, -8, -31, 21, -23, 24, -23, -36, 12, 7, -20, -22, -55, 31, -56, 17, -27, 26, 3, 24, -45, 4, 1, -5, -23, -1, 17, 23, 11, -1, -22, -5, -25, -59, -39, 17, -23, -18, -10, -2, 45, 18, 2, -57, -22, -6, -4, -1, -24, 1, -25, 22, -24, -42, -25, 11, 36, 31, 16, 25, 38, 34, 13, 2, 22, 15, 2, 11, 31, 30, 7, 13, 12, 19, 2, 10, -16, 64, 36, 34, 23, -1, -10, -9, -17, 5, 16, 46, 29, 50, -12, 61, -7, 36, -48, 19, 30, -14, -3, 10, 24, 5, -6, 31, -42, 26, 36, 13, 17, -16, 24, 37, 31, 37, 10, -22, 1, -18, 25, -18, 37, -1, 20, -5, 22, 16, 27};
weights_linear_ih[29] = {-3, 20, -7, 2, -8, 15, -56, 36, -11, 21, -14, -24, -1, -7, -9, 3, -18, 24, 1, 15, 24, -3, -18, 25, 34, 21, -2, 3, 11, 24, -28, 2, 31, 10, -5, 4, 1, 15, -20, 17, -26, 1, 26, -18, -13, -23, -11, 23, 33, -44, 26, -15, -28, -18, 28, 27, 0, 28, 4, 17, 10, 32, -29, -25, 5, -15, 7, -14, -4, -32, 2, 10, 7, -12, 7, -49, -30, -13, 37, 18, 6, 19, -12, -15, -3, 7, 24, 13, 1, 42, 42, -31, 16, 12, -31, 38, -18, 22, -13, -4, 27, 4, -17, -21, -3, -27, -18, 11, -7, -8, -35, 12, -8, 11, -91, 5, -23, -4, 42, -10, 6, 39, -15, 35, -11, 4, -32, -38, -35, 6, 15, 39, 23, -1, 24, -51, 32, 5, -9, 33, -9, 8, -24, 6, 24, -16, -10, 9, 30, 17, -7, 6, 18, 38, 36, 52, 9, 32, 41, 3, 39, 22, -11, 33, -26, 46, 16, -8, 27, 20, -42, 7, -18, 7, 46, 34, -1, 22, -11, 47, -10, 68, 3, 34, 51, 11, 11, 25, -7, 10, 67, 5, -13, 12, 28, -7, -12, 10, 24, -12, -52, 11, 46, 3, -3, 27, -14, -1, 27, -11, -22, 2, -18, -17, 28, 14};
weights_linear_ih[30] = {-15, 18, 5, 22, -1, -2, 21, -18, -19, -22, -7, 2, -17, -30, -7, 26, 22, 37, -21, -36, -37, 14, 25, 52, 36, 17, 6, -4, -9, -4, -21, 0, 57, 23, -29, 21, -35, 15, -28, -5, 6, -20, 5, 16, -11, -18, -11, -29, -9, 8, 35, 0, 12, -22, 14, -9, -7, 6, 6, 6, -32, 5, -40, -39, 2, 9, -63, -9, 13, -14, -52, -15, 20, -5, -25, -25, -14, 43, -2, 13, 15, 6, -35, -14, -45, 17, 6, -4, 13, -3, -16, -9, -8, 7, -61, 41, 3, 21, 23, 18, 3, 0, -40, 2, 42, -18, 41, 13, -57, 19, -17, 17, -47, -2, -25, 5, 8, 3, 10, 8, -15, 23, -25, -8, -22, -38, -27, -14, -37, -25, 30, 15, 0, -16, -19, -60, -10, -11, -14, -9, -48, -36, -41, 14, -22, 43, 11, 30, 20, -9, 31, 12, 22, 2, 20, 1, -13, 6, 6, 2, 60, 46, 9, 22, 8, 47, 5, -3, 15, 21, 18, -28, 17, 33, -22, 22, -22, -3, 64, 1, -26, 21, -10, 4, 48, 53, 23, 19, 34, 42, 57, -9, -11, 35, 34, 7, 4, 18, 6, 15, -25, 13, 38, 7, -21, 24, 4, -1, 9, 1, -3, 34, 8, 31, 56, 51};
weights_linear_ih[31] = {-20, 11, 25, -4, 4, 10, -26, 40, -11, 6, 30, -27, -32, -10, -16, 10, 26, 19, -37, -19, 39, 28, -32, -32, -8, -19, -21, 14, -40, 0, 3, -20, -15, 11, 21, -10, -11, 10, 2, -30, -37, -17, -14, -42, 5, -30, -9, 10, 9, -15, -9, 18, 13, -27, 12, 4, -6, 4, 18, -2, -38, 8, 34, -18, -4, -19, 7, -12, 24, 11, 13, 4, 24, 1, -11, -22, -23, -3, -1, -24, 9, 18, -29, -41, 0, -45, 12, 10, 20, 4, -30, -3, 46, 24, 26, 2, 14, -33, -1, -26, 54, 11, -9, 26, -46, -108, -39, 27, -51, -45, -6, 15, 25, -18, 7, -18, 23, 12, -8, -23, 29, 37, -20, 36, 15, 20, 22, 14, 19, 13, -5, 62, -11, 57, -6, -16, 18, 25, 20, 53, 46, 41, -12, -36, 15, -10, -12, 89, 24, 66, -3, -11, 36, 47, 34, 37, 4, 36, 15, -7, 12, -4, 30, 35, -11, 38, 26, 17, 30, 54, 41, 96, 42, 36, 26, 13, -26, 25, 15, -15, -8, 18, 12, 9, 17, 10, 4, 11, 56, 85, 50, 25, 26, 10, -38, 10, 40, 4, 46, 26, -16, -17, -10, 13, 36, 18, 30, -5, -1, 18, 11, 23, 13, 4, 4, 19};
weights_linear_ih[32] = {2, 8, 3, 1, 13, -17, -21, -29, -9, -18, -3, 8, 25, 36, 5, -6, 17, -16, 11, -10, -31, -2, 17, -6, 18, 15, -6, -8, 12, 8, 23, 35, -8, 3, 11, -19, -35, -3, 25, 26, -3, 13, 71, 9, -1, -49, -23, -33, -12, 5, -2, -21, -20, 43, -6, 97, -6, -30, 9, -15, -4, -12, 14, 4, -6, 1, -30, 8, 33, -4, -41, -29, -5, -11, 20, -6, 6, 30, 25, 16, -29, -5, -36, 2, -57, 31, 9, -32, 13, 13, 3, -46, -27, 2, -34, 5, 31, 11, -2, 39, 64, -8, -16, -5, 52, -16, -7, -29, -12, 32, -25, -11, 4, -2, 14, 77, 15, 10, 17, 43, -55, 36, -3, -7, -22, -8, -18, 47, -13, 22, 11, 77, 41, 20, 7, -8, 7, -30, 41, 32, -5, 19, -59, 4, 9, 25, 9, 1, 18, 3, 17, 3, 30, 23, 23, 12, 18, 11, 16, 50, 37, 40, 55, 71, 11, 21, -11, 27, -1, 57, 4, 30, -21, -1, 34, 8, 33, 36, 38, 16, 5, -2, 14, -14, 24, 24, -46, 20, -3, 4, 14, 16, -14, 25, 25, 56, 42, 41, -20, -76, 19, -2, 36, 3, 0, -10, 7, 4, 15, 25, 11, 59, 14, 21, 32, 58};
weights_linear_ih[33] = {43, 1, -20, 4, 23, 4, 8, 8, -19, 35, -11, 14, -14, -9, 15, -9, 3, -9, 10, -6, -1, 17, 2, 25, 2, 2, -19, 2, 24, -24, 7, -10, -12, -1, 5, 28, -23, -9, 24, -13, -36, 17, 17, -19, 1, 23, 2, 37, -8, 32, -3, 4, 27, 7, 4, 11, -5, 3, 28, 14, -20, 42, -1, 13, -12, -25, -11, -17, 9, -25, -15, -4, -11, -22, -2, -9, 45, -25, -34, 22, 15, 42, 28, -3, 39, 41, -19, 48, -2, -18, -25, 27, 9, 1, -1, 27, -18, -29, -21, -24, -30, 2, 15, -8, -6, -48, -26, 50, 16, -16, -8, -28, 25, 23, -1, -50, 59, -16, -43, -63, 24, 21, -18, 16, -7, 8, 22, 6, 20, 55, 41, 6, 5, -27, -30, -11, 20, 30, 25, 25, 34, 10, 12, 32, 6, 10, 34, -29, 20, 24, 5, 20, -23, 58, 30, 1, 19, -6, 4, -16, -1, 2, -26, -8, 34, -23, 31, -9, 8, 4, -4, -14, 10, 7, -3, 25, 27, -12, 23, 10, -27, 1, 65, -25, -21, 22, 3, -16, 40, 65, 10, -17, 41, 3, -18, 1, 49, 13, 26, 27, 24, 1, -18, 12, -12, 27, -27, 10, -7, 34, -5, -21, 63, 15, 20, 14};
weights_linear_ih[34] = {3, -9, 30, 45, -25, -13, 32, 22, -48, 12, 1, 21, -52, -39, -21, -4, 6, 10, -16, 27, 41, -4, -20, 44, 0, -21, 24, -2, -16, 5, 18, -8, 11, 20, 5, -30, -41, -4, -5, -7, 6, -40, -28, 21, 21, 5, 11, -31, -34, -64, 25, -29, 0, 11, 9, 9, -1, 13, 19, 9, -42, -26, 0, -52, -7, 9, -24, 37, -24, 1, -24, -28, 22, 17, 33, -11, 18, 18, -12, 20, 0, -4, -13, -46, 25, 19, 1, -20, 20, 22, 6, -19, -11, 45, -74, 75, 35, -31, 28, -55, 3, -22, 17, -6, 17, -16, -11, 1, -2, 52, -38, 23, -29, 53, -13, -4, -3, -12, 16, 13, -17, 6, 17, -8, 12, -21, -72, 33, 6, -13, 1, 118, 0, -10, 21, 4, 2, -3, 9, -4, 31, 33, -15, -3, 31, -2, -2, -17, 3, 5, 33, -6, 16, 32, 28, 27, 21, -27, 3, 43, 32, 1, 25, -21, -27, 35, -20, -3, -1, -20, -13, 11, 7, 30, 13, 15, -30, -16, 28, 34, 2, 18, 24, 64, 41, 43, 22, -45, 34, 28, 13, 12, -17, 94, -3, -6, 2, 1, 3, 4, -16, 16, 7, -3, -8, 14, 10, 0, 33, -4, 34, 19, 32, -16, 38, 17};
weights_linear_ih[35] = {-2, 9, -19, 24, 1, -16, 9, 12, -17, 16, 17, -3, -5, -4, -13, -58, 32, -14, -44, -28, 19, -8, -18, -20, -2, -7, -7, -11, -5, -6, -7, -15, -7, -15, 11, -18, 14, 9, -32, -43, -5, 3, 10, -20, 18, -5, -14, 24, -10, 13, -5, -19, -7, -6, -49, -12, -8, 4, -15, -9, 5, -31, 30, 29, 3, 10, -8, 12, 5, 7, 21, -17, 30, -12, 10, -12, 70, 39, -51, -2, 23, 26, 10, -15, -31, -6, -12, -19, 8, 36, 10, 13, -22, 26, 36, -32, 2, -65, 21, -9, 2, 13, 11, -4, -24, -22, -52, 12, -39, -32, -11, -2, 17, -6, 34, 14, 27, -36, 15, 7, 26, 5, -3, -2, 0, 35, 22, -3, 7, 33, 37, 63, -9, 47, 13, -4, -27, 13, 28, -18, 20, 14, -13, 3, -23, 2, -2, -11, 7, -3, -28, -23, 29, 0, 4, 12, -9, -1, 6, -7, 24, 1, 1, 13, -14, 0, 7, -4, -11, 13, 62, 44, 30, 29, -17, -7, -5, 35, 7, -5, -8, -5, 10, -11, 6, 23, -2, -5, 31, 13, 43, 36, 13, 25, -2, -8, 23, 23, -7, 56, -11, -4, 17, 16, 46, 23, 12, 38, 16, 31, 4, 22, 15, 36, -3, 17};
weights_linear_ih[36] = {-14, 8, 28, -27, 15, 28, -4, 58, 9, -35, -5, 14, -8, 5, 17, 43, -10, -17, -2, 21, 17, -22, -13, -8, 18, 9, 17, 21, -12, -24, 27, -11, 19, -19, -12, 11, 3, -5, -13, -64, 17, -2, -16, -42, 24, -6, -15, 28, -1, -32, 18, 13, -26, -30, 28, -16, -15, -6, 27, 20, -22, -13, -20, 6, -15, -26, 33, -19, 22, -20, 6, 31, 17, -4, -21, -2, 41, -48, 8, 11, 20, 14, 8, -38, 21, -38, 0, 38, 21, 13, -6, 14, 28, -6, 31, -15, -10, -25, -24, -33, 15, 7, -10, -8, -11, -22, -5, 0, 27, -6, -38, 5, 21, -11, -11, -2, -1, -24, -6, -48, 61, 47, -14, 46, -23, 5, 13, 10, -22, 13, 20, 62, -29, 20, -25, 16, 25, 42, 29, 36, 48, -18, -7, 21, 22, -4, 20, 5, 31, 10, 12, 19, -14, 68, 40, 52, 28, 36, 29, -10, 7, 22, 3, 22, 32, -41, 25, -9, 28, 19, 11, 20, 1, 39, 9, 45, -3, 26, 25, 10, 8, 26, 36, -24, 26, -9, 6, 8, 45, 90, 34, 12, 90, -25, 22, 1, 28, -18, 37, 62, 10, 10, 17, 12, 3, 5, 18, 24, 26, 6, 28, -5, -12, 26, 4, 30};
weights_linear_ih[37] = {7, -16, -14, 5, 10, 26, -50, 29, -10, -6, 8, -16, -4, -31, 11, -8, 21, -39, -16, 14, 63, 1, -8, 5, 8, -19, 17, 19, -8, -5, -12, 6, -16, 16, 15, -9, -39, 33, -1, -31, -6, -10, 2, -15, -20, 5, 22, -1, 38, -10, -5, -6, -3, -11, 9, -15, 21, -6, -5, 21, -22, -17, -10, -11, -33, 1, -9, -36, 45, -47, -10, -11, 32, 8, 10, -4, -12, -61, 31, 20, 10, -10, -13, -9, 3, -11, 30, 34, 27, 136, 22, 16, 32, -35, 0, -20, -22, 2, -44, -12, 77, -25, 25, -7, -11, -85, -14, -4, -13, -12, -51, -6, 10, 9, -44, -24, -35, 10, 9, -1, 42, 31, -9, 63, 40, -14, 0, -22, 29, 16, 5, 66, 11, 4, 16, -8, 22, -6, -3, 23, 57, 10, 11, 3, 70, 3, 31, 65, 39, -2, 7, 35, 34, 35, 43, 81, 53, 54, 11, -3, 34, 11, 18, 34, 35, 6, 17, 20, 35, 43, -8, 18, 24, 28, 48, 37, -9, 8, 25, 31, 23, 92, 5, 39, 17, 28, -10, 19, 25, 31, 38, 39, 13, 42, -7, -15, 1, 36, 7, 21, -12, -16, 12, 7, -8, 8, 11, -21, 7, 17, 56, -26, 13, 18, 8, 3};
weights_linear_ih[38] = {15, -18, 15, -43, -25, -8, -33, 9, -27, -35, -13, 2, 29, -29, -31, 23, -8, 6, 27, 10, 12, 0, 24, -6, 7, 49, 9, 1, -4, -23, 32, 4, 81, 45, 34, 11, -31, -23, -1, -11, 1, -36, 48, 34, -10, 4, -21, -1, -1, -20, 54, 13, -7, 5, 75, 18, -31, -13, -36, 20, 16, 34, -26, -38, 25, -24, 3, -18, -7, -17, -18, 18, -29, 15, -25, 27, -17, -45, 23, -6, -12, 0, -42, -12, -36, 12, -13, -11, -3, 34, 8, -31, -14, -61, -37, -17, -64, -7, 26, 1, -1, -23, 9, -30, 38, -3, 13, 16, 4, 2, -60, -3, -10, 10, -33, 38, 29, -1, 22, 22, -29, 0, -6, -18, 12, -41, -9, 12, 16, 5, 10, -1, 6, 8, 2, 11, -2, -2, -19, 1, -5, -2, 12, 23, -7, 58, 25, -6, 3, -10, 12, 28, 52, 11, -2, 16, 28, 8, 55, 60, 51, -40, 47, 48, 3, -4, 29, 30, 9, 56, 16, 34, -9, 8, -1, 19, 3, 9, 28, 8, -22, 35, 25, 26, -4, 9, -43, 39, -7, -9, 10, 41, -2, 31, 13, 14, 25, -6, 1, -19, 47, -8, 41, 14, 17, 18, -16, -25, 43, 19, 12, 1, 19, 67, 41, 38};
weights_linear_ih[39] = {0, 0, 0, 0, 0, 0, 0, 0, 0, 0, 0, 0, 0, 0, 0, 0, 0, 0, 0, 0, 0, 0, 0, 0, 0, 0, 0, 0, 0, 0, 0, 0, 0, 0, 0, 0, 0, 0, 0, 0, 0, 0, 0, 0, 0, 0, 0, 0, 0, 0, 0, 0, 0, 0, 0, 0, 0, 0, 0, 0, 0, 0, 0, 0, 0, 0, 0, 0, 0, 0, 0, 0, 0, 0, 0, 0, 0, 0, 0, 0, 0, 0, 0, 0, 0, 0, 0, 0, 0, 0, 0, 0, 0, 0, 0, 0, 0, 0, 0, 0, 0, 0, 0, 0, 0, 0, 0, 0, 0, 0, 0, 0, 0, 0, 0, 0, 0, 0, 0, 0, 0, 0, 0, 0, 0, 0, 0, 0, 0, 0, 0, 0, 0, 0, 0, 0, 0, 0, 0, 0, 0, 0, 0, 0, 0, 0, 0, 0, 0, 0, 0, 0, 0, 0, 0, 0, 0, 0, 0, 0, 0, 0, 0, 0, 0, 0, 0, 0, 0, 0, 0, 0, 0, 0, 0, 0, 0, 0, 0, 0, 0, 0, 0, 0, 0, 0, 0, 0, 0, 0, 0, 0, 0, 0, 0, 0, 0, 0, 0, 0, 0, 0, 0, 0, 0, 0, 0, 0, 0, 0, 0, 0, 0, 0, 0, 0};
weights_linear_ih[40] = {-111, 35, -12, -5, -5, 7, 79, 19, 35, -14, 30, 32, -34, 9, -10, -20, 50, -24, -6, -11, -7, -54, -2, 23, 38, 45, 11, -1, -49, 28, -9, 8, 16, -18, 5, 1, 6, -34, -17, 6, 33, 25, 62, 12, -21, -27, -8, -4, 15, -6, -15, -8, 20, 2, -39, -5, -34, 37, -30, 3, 22, 32, -30, -2, -55, 1, -11, 10, -69, 43, 45, -35, 39, 40, 2, -12, -7, 33, -22, 5, 20, -9, -4, 26, 58, -13, 75, 69, 40, 4, -12, 65, 6, 33, 19, -1, 46, 11, -49, -10, 32, 38, 7, 35, -10, 10, 1, -26, -12, -79, 32, 13, 0, -29, 7, -4, 10, 9, 2, -17, 33, 11, -21, -51, 15, 4, 19, 19, 14, -12, 1, 0, 13, 9, -15, -42, 15, 69, 8, 2, -4, 1, 21, -36, -23, 47, 27, -7, 41, 45, 12, -26, 24, 16, -60, 6, 45, 11, 5, -54, -2, 45, 54, 34, 59, -40, 9, -39, 19, 4, 46, 6, -5, -2, 16, 17, 16, 99, 7, -4, 13, 1, 20, 3, 14, -33, -4, 61, 51, 77, 30, 49, 64, -57, 50, 30, 7, 42, 1, 51, 12, -8, 10, 14, 19, 11, 72, 78, 6, 33, 6, 55, 83, 7, -17, 27};
weights_linear_ih[41] = {10, -4, 7, 8, -23, 3, -8, 10, -45, -30, 14, -10, 0, -9, 22, 0, -4, 1, 2, 14, 1, 15, -26, -26, 12, -11, -18, 17, -31, 25, 18, -33, 31, 18, 26, 2, -26, 15, 28, -53, -10, 13, -21, 7, 44, -6, 16, 4, 0, -43, 2, 22, 24, 7, 18, 4, 14, -3, -17, -2, 5, -19, 8, 4, -19, 2, 12, -24, 35, 0, 24, -23, 36, -22, -12, 36, -14, -7, 46, -40, 13, 6, 9, -54, 11, 5, -4, 14, -7, 65, 6, 27, 43, -7, 32, 27, -21, 7, 3, 4, 68, 26, -3, 31, -18, -54, 5, 27, -11, -13, 3, 17, 35, 24, 30, -14, -33, 62, -1, -29, 2, 35, 9, 11, 6, 1, 20, -12, 5, 7, 9, 12, -49, 17, -6, 37, -16, 52, 54, 36, 10, -12, 25, 11, 73, 22, 12, 12, 17, 29, -31, 30, 13, 11, 22, 39, 24, 43, 44, -11, 29, -25, -7, 12, 14, -25, 20, -30, 20, 42, 14, 45, 7, 49, -18, 1, -13, -3, -6, -21, 0, 57, 59, -16, 23, 5, 24, 10, 35, 45, 70, -8, 31, -15, -5, 7, 5, -10, 27, 54, 49, -2, 0, 10, 11, 4, 42, 12, 13, 8, 16, -18, 2, 0, -38, 30};
weights_linear_ih[42] = {39, 14, 5, 1, -8, -9, 4, 31, 2, -4, -6, -5, 17, 26, 34, 4, 15, 0, -4, 1, 5, -21, 6, -14, -5, -37, 11, 14, -12, 16, -6, 1, -17, -5, 2, -16, -37, -24, -5, -2, -12, 16, -19, -39, 7, 27, -6, -10, -24, -10, 11, -31, 18, -24, 6, -29, 27, 8, 20, 23, -17, -2, 11, -9, -27, -3, -16, -1, 4, 21, -4, 34, -24, -21, -25, 15, 12, -33, -25, 23, 14, 23, 8, -12, 5, -5, -9, 2, 6, 11, -21, 28, -33, -3, 33, 22, 15, 7, 4, -28, -41, 28, 22, -26, 21, -16, 13, 20, 22, -28, 10, -20, -15, 6, -7, -55, 28, -24, -25, -47, 49, 16, -24, -77, -29, 10, 0, -20, 18, -4, 3, 21, -2, -47, -40, 7, -6, 21, -36, -14, 21, 30, -31, -29, 1, -8, 45, -10, 11, 24, 28, -27, -14, 10, 7, -3, 9, 7, 20, 3, -9, -1, 8, -17, 5, -17, 32, 17, 13, -6, 4, 1, 3, 2, -20, 16, 40, 28, 40, -3, -26, -4, 77, -28, -31, -17, 1, 0, 52, 47, -2, 3, 29, -21, 30, 16, 12, 18, -6, 42, 63, 8, 6, 9, -26, 13, 30, 51, -11, 12, 23, -5, -13, 14, 22, 88};
weights_linear_ih[43] = {5, -8, 28, 9, 5, -30, 0, 35, -2, -2, -2, 16, -25, -11, -31, 3, 10, -22, -40, -2, 1, 10, 44, 49, 21, -14, 9, 34, -10, -18, 18, 11, 25, -18, 22, -15, 10, 1, -1, -8, 8, -8, 4, -1, 1, -15, 38, -14, -7, -17, 30, -4, -4, 23, -17, 39, -19, -15, 14, 18, -22, 12, -12, 1, -27, 7, -40, -3, 16, -4, -37, -31, -9, -52, -20, 22, 23, 21, -45, 6, 36, 39, 30, 22, 46, 2, 18, -16, 39, 22, -9, -15, 16, 23, -10, 28, -29, -7, 1, 15, 23, 5, -6, -20, -23, -16, -7, 27, 7, 6, -9, 13, -26, -1, -43, -54, 47, -23, -35, -26, -14, 16, -51, -5, -11, 28, -3, 40, 8, 4, 38, 26, 21, -37, -7, -6, 0, -20, -21, -21, 1, -27, 29, -16, 50, 5, 23, -15, 22, 44, 43, 16, -9, 28, 77, 0, -27, -30, -17, 20, 17, 27, -28, -21, 6, -1, -1, -20, -2, -24, 25, -38, -41, 16, -25, 26, 16, -4, 36, 24, 13, -10, 54, -2, 35, 52, 21, -46, 16, 48, 66, -39, 1, 17, -37, 28, 64, 26, -8, -7, 16, 10, 10, 1, -1, 42, -24, -23, 2, 27, 34, -9, 2, 33, 52, 13};
weights_linear_ih[44] = {-3, -16, 37, -8, -14, 34, 7, -5, -16, 3, -15, 17, 32, 1, 29, 29, 14, 34, 11, 8, 28, 17, 8, -10, -1, 15, 36, 17, -5, 34, -8, -4, 39, 15, 29, -17, -27, 38, -7, -4, 30, -25, 68, 26, -10, -33, -30, -19, 10, -27, 8, -29, -34, -20, 6, 35, -46, -41, -11, 9, -3, 9, -1, -37, -17, 7, 27, -17, 39, -17, 5, -19, -26, -22, -26, 7, -28, -26, -4, -17, -21, 9, -10, 25, -1, 13, 17, -28, -18, 14, 40, -16, 40, -81, -57, 4, -42, -33, 3, 21, 49, -4, 8, 8, 19, -14, 39, -22, -8, -13, -15, 8, 29, -25, -48, 30, 5, 45, 6, 33, -19, 4, -25, 1, 19, -11, 1, 1, 12, -10, -18, 19, -9, 7, 24, -26, 55, -4, -11, -7, 25, 8, -3, -8, 24, 53, -1, 78, 0, 12, 9, -9, 77, 16, 22, 42, 17, -1, 34, 22, -24, 11, 39, 35, 39, 8, 29, 53, 61, 20, -10, 44, 4, 12, 9, 23, 2, 39, 25, 10, 30, 36, 19, -41, 42, 26, -40, 15, -15, -25, 6, 45, -1, -30, -4, 69, 1, 1, 22, -31, 41, 10, 40, 5, 40, -27, 4, -50, -4, 6, 22, 46, -8, 30, 19, -14};
weights_linear_ih[45] = {-19, 25, 23, -7, -24, -13, 12, -16, -15, 19, -14, -7, -28, 5, -6, 13, 22, 10, -10, -13, 23, 28, -19, -23, 25, -2, -11, -2, -5, -27, -27, -10, 33, -1, 7, -33, -19, 11, -1, -2, 24, 21, 3, -20, -30, 17, 14, 32, 44, 11, 5, -17, 10, -3, -29, -11, 13, 27, 4, 5, -20, 16, 9, 20, -20, 15, 41, -11, 30, 31, -24, -26, 42, -3, 20, -13, 3, -26, -36, 29, -32, -40, -36, -9, 8, -16, -17, 31, -4, 29, -26, 7, 57, 8, -6, 30, 22, -8, -83, -11, 104, 11, -18, 42, -51, -15, -7, 15, -37, -42, -18, -14, 32, 20, -30, -3, 5, -87, 21, -41, -11, 42, -11, 89, -9, 11, -4, 6, -24, 18, 29, 65, -20, 7, -21, -34, -3, 39, 34, 13, -8, 34, 17, -39, 30, -16, -18, 97, 28, 22, -36, -17, 52, 25, 31, 43, 37, 1, 28, -22, 48, 12, -25, 57, 11, 73, -2, 5, 31, -15, -1, 56, 43, 33, 27, 20, -5, 1, 13, -12, -6, 13, 0, 43, 35, 11, 33, 9, 21, 81, 38, -14, 33, 27, -32, -17, 31, 44, 53, 20, -12, -15, 13, 6, 25, 27, -1, 12, 0, 22, 37, 28, -27, -14, 14, -1};
weights_linear_ih[46] = {-30, 1, -14, -14, -13, 15, 9, -29, 19, -22, -4, -25, 1, 39, 5, 17, 14, 11, 4, -16, -16, 2, 51, 0, -41, 5, 4, 0, -23, 34, -40, 4, 16, 12, 11, -29, -9, -27, 0, -25, 16, 4, 2, 3, 14, -40, -17, -27, -8, -13, 34, -3, 1, -31, -42, 2, -3, 28, -6, 2, 1, 11, 20, 4, -42, 7, 16, 8, 22, 21, 7, -31, 17, 25, -58, 14, -49, 30, 12, 10, -5, 6, -18, -12, -28, -13, 33, 7, -36, -9, 44, 10, -1, -34, 8, -4, 23, 17, 25, 4, 19, 18, 5, 6, 10, 17, 40, 12, -9, -47, 20, -1, -12, -19, 18, 10, -2, -3, -47, 9, 29, -17, -38, -43, -31, -1, -20, 23, 1, -20, -20, 12, -14, -1, -26, -16, 15, 22, -4, 15, 4, -24, -50, -65, -31, 25, 10, 22, 33, 15, 33, -3, 19, 24, -11, -4, 5, 32, 1, -7, -22, 12, 9, 30, -8, 32, 6, 20, 61, -25, 10, -25, 24, 24, 21, 4, 35, 17, 11, -2, 4, -22, 2, -61, 18, -29, 23, -7, 31, -23, 3, -12, 20, -32, 43, -2, -34, 13, 25, 49, 0, 16, 2, 7, 8, 28, 23, 34, -11, 9, 6, 43, -17, 11, 3, 29};
weights_linear_ih[47] = {9, 13, 16, 6, -13, -12, 36, 53, 28, 5, 1, -6, -20, -15, 11, 14, 23, -10, 26, 4, 39, -3, -6, -38, 22, 10, 27, 12, -7, 26, 45, 0, -1, -3, -31, 6, 32, 3, -6, -35, 3, -24, 5, -20, -17, 14, -20, -5, 33, -52, 23, -12, -7, -15, -18, 6, 4, 13, 10, 10, 37, -27, -5, -20, -12, 11, 13, 53, 31, 42, 23, 3, 14, 14, 22, 8, -9, 18, 5, -45, 26, 65, 53, -50, -3, 8, 41, -10, 8, 56, 8, 5, 58, 33, -25, -31, 19, -27, 34, -18, 2, 8, 31, -22, -29, 21, -41, 9, 42, -31, 9, -22, -9, -3, 18, 6, -20, 22, -34, 19, 20, -19, -50, 26, 3, -22, -16, -39, -5, -4, -33, 63, -24, 4, 13, -21, 16, -12, -20, 3, 9, -32, -6, -3, 25, -12, 4, 50, 26, 53, 28, 22, 16, 32, -13, 61, 36, 0, -5, 0, -12, 10, 69, -1, 62, -9, 58, 2, 7, -8, 9, 17, -35, 4, 22, 14, 50, 3, -11, 7, 28, 51, 11, -38, 48, 1, 9, -24, 35, 23, -8, 41, 37, -48, -16, 68, -7, 16, -11, 52, 31, 12, 34, 1, -2, -35, -26, -34, -4, -3, 15, 46, 4, 1, 9, -9};
weights_linear_ih[48] = {16, -4, 24, -9, 1, 23, -5, -6, 16, -11, 19, 11, -22, -2, -33, -16, -13, 34, -8, -10, 12, -3, 15, 39, 11, 12, 4, -4, -36, -22, 0, 34, 28, 15, -19, -12, -22, -18, 12, 0, 8, 1, 27, 23, 0, -24, 50, 6, 12, -6, 6, -11, 20, 21, 6, 13, 19, 23, -13, 12, -21, 34, -9, 24, -31, -18, 22, 7, 30, 4, 9, 6, -26, -36, 15, -10, 6, 30, 20, 6, 14, 11, 11, 42, 18, 65, 26, -40, 20, 19, -43, -49, -17, -18, -3, 6, -63, -9, -6, 22, 31, -26, -36, 30, 5, -69, 16, -11, 9, -12, -40, 18, -26, -2, -62, -13, 6, -4, -17, -14, 26, 7, -2, -17, 10, -12, 40, 56, -7, -5, 24, 42, 33, -5, -2, -9, -2, -26, -9, 5, -17, 38, 25, 21, 44, -13, 7, 1, 31, -12, 33, -2, -19, 12, 42, -17, 23, -20, -8, 18, 40, 33, -52, 3, 31, -1, 13, 25, 4, -10, -20, -18, -4, 25, 21, 13, 46, -22, -13, 16, -24, 29, 16, 8, 33, 60, -11, -41, 45, 21, 33, -21, 19, 9, -24, 52, 35, 29, 25, 8, 59, 47, 36, 13, -38, 26, -20, -29, -20, 39, 56, -23, -13, 25, 61, 33};
weights_linear_ih[49] = {4, 12, 17, 27, -28, 10, 7, 28, -20, 24, 4, 17, -2, 21, -35, 15, -2, -31, 5, 8, 29, 3, 13, 30, 38, -1, -15, 4, 1, 5, 2, -22, 4, 6, 18, -36, -21, 37, 4, 39, -9, -19, -21, 15, -17, -19, 22, -24, 14, -14, 21, 8, -22, -16, 9, 9, -7, -24, -13, 2, -57, -13, -21, -15, 13, 12, -35, 45, 15, -61, -21, 8, -11, -12, -8, -5, 14, 24, 3, 22, 27, -10, 7, -26, -13, -13, 3, 12, 22, 5, -2, -30, 7, 18, -38, 54, 6, -9, 0, 30, 28, 24, -4, -8, 17, -35, -9, -11, -27, 27, -69, 28, 6, 47, -34, 1, 5, 2, 2, 9, 12, 13, -12, -21, -14, -48, -29, 73, -32, 0, 2, 57, 32, -25, 28, -27, 2, 18, -26, -23, -15, 14, -1, 30, 65, 5, -1, 22, 22, 1, 18, -24, 35, 19, 23, 25, 13, 5, -10, 59, 49, 44, 14, -2, -13, 33, -28, 5, 2, 14, -6, 1, 1, 38, 16, 18, -19, 15, 30, 57, -4, 53, -3, 74, 30, 29, 21, -33, 4, -10, 26, -1, -16, 81, -7, 1, 36, 10, 12, -13, 9, 28, 27, 0, -27, 19, -21, -25, 8, 3, 25, 36, 6, 49, 62, 56};
weights_linear_ih[50] = {-10, -17, -7, 1, -26, 24, -3, 23, -19, 22, 9, 27, 9, -40, -36, 32, 28, -10, -28, -2, 13, 6, 43, 8, 13, -28, 12, -15, -33, -31, -17, -5, 31, -13, 29, 4, -13, 40, -28, 27, -9, 3, 1, 11, -18, -4, 13, 8, -14, 28, 26, -4, -35, 14, -27, 14, -14, -32, -30, 5, -43, 14, -28, -21, -27, 6, 4, 8, 36, -11, -14, 8, -19, -26, 24, 26, 1, -3, -7, 45, -6, -2, 44, 38, 1, 0, 15, -41, 4, 8, 0, -20, -17, -31, -1, 54, -42, -28, 22, 10, 4, 5, -10, -17, -9, -44, 15, -11, -35, 24, -36, 26, -9, 13, -53, 5, 19, -25, 21, 5, -12, -6, -31, -6, 1, 18, -7, 8, -56, -28, -22, 67, 47, -20, 21, -50, 19, -31, 10, 19, 42, -12, -22, -16, 26, 20, 21, 6, 21, 19, 68, -12, 13, -2, 47, 24, -24, -28, -25, 43, 55, 18, 17, -20, 2, 12, -11, 4, 11, 9, 19, 9, -18, 31, 19, 6, 27, -12, 19, 41, 15, 31, 13, 24, 37, 44, 29, -32, 10, -16, 40, 34, 9, 50, -23, 18, 64, 34, 14, -7, 21, 42, -19, 1, 16, 14, 11, -21, 25, 11, 54, 80, -15, -2, 39, 9};
weights_linear_ih[51] = {29, 22, -36, 26, -2, -23, -6, 66, -14, -15, 6, 5, -7, -6, -15, 64, 33, -44, -41, -42, -21, -45, -33, -11, -19, -36, -34, 28, -7, -4, 2, 14, 17, -21, 1, -23, -40, 12, 21, -35, 10, -12, 15, -52, -2, 6, -6, 33, -4, -15, 24, -10, -16, -27, -15, -15, 23, 18, 36, 3, -29, -15, 1, -7, 24, 5, -15, 10, 7, -17, -8, 34, 1, 23, -4, -3, 8, -30, -16, 46, -12, 22, 20, 11, 31, -27, 11, -23, 21, 11, -5, 39, 11, 25, 21, 5, 5, -49, -26, -43, 36, 17, -15, 9, 6, -55, -52, 47, 14, -65, 16, -25, 34, 34, 33, 26, 11, -30, -47, -15, 62, 34, -17, -26, -14, 47, 31, -10, 22, 36, 47, 52, -4, 15, -18, 17, 35, 15, -10, 17, 57, -16, -27, -25, -35, -9, 37, -10, 30, 15, 2, -45, -35, 31, 16, 23, 0, 10, -7, -13, -36, 22, -22, -10, 0, -9, 44, 31, 31, 31, -3, -15, 12, 26, -5, 35, 20, 25, 17, -18, 0, 8, 54, -14, -6, 13, 19, -33, 53, 40, 21, 7, 64, 17, -31, -10, 34, -27, 59, 58, 25, 13, -34, 5, -13, 19, -7, 30, 27, 37, 15, 13, -1, 26, 17, 16};
weights_linear_ih[52] = {0, 0, 0, 0, 0, 0, 0, 0, 0, 0, 0, 0, 0, 0, 0, 0, 0, 0, 0, 0, 0, 0, 0, 0, 0, 0, 0, 0, 0, 0, 0, 0, 0, 0, 0, 0, 0, 0, 0, 0, 0, 0, 0, 0, 0, 0, 0, 0, 0, 0, 0, 0, 0, 0, 0, 0, 0, 0, 0, 0, 0, 0, 0, 0, 0, 0, 0, 0, 0, 0, 0, 0, 0, 0, 0, 0, 0, 0, 0, 0, 0, 0, 0, 0, 0, 0, 0, 0, 0, 0, 0, 0, 0, 0, 0, 0, 0, 0, 0, 0, 0, 0, 0, 0, 0, 0, 0, 0, 0, 0, 0, 0, 0, 0, 0, 0, 0, 0, 0, 0, 0, 0, 0, 0, 0, 0, 0, 0, 0, 0, 0, 0, 0, 0, 0, 0, 0, 0, 0, 0, 0, 0, 0, 0, 0, 0, 0, 0, 0, 0, 0, 0, 0, 0, 0, 0, 0, 0, 0, 0, 0, 0, 0, 0, 0, 0, 0, 0, 0, 0, 0, 0, 0, 0, 0, 0, 0, 0, 0, 0, 0, 0, 0, 0, 0, 0, 0, 0, 0, 0, 0, 0, 0, 0, 0, 0, 0, 0, 0, 0, 0, 0, 0, 0, 0, 0, 0, 0, 0, 0, 0, 0, 0, 0, 0, 0};
weights_linear_ih[53] = {-3, 2, -3, 15, 7, 35, -30, -8, -6, -30, -14, -2, 0, 3, 7, -18, 25, 26, 23, 15, 8, 12, 0, -9, 2, 41, 6, -21, -15, -40, -5, 9, 18, 61, -20, 14, -39, -10, -32, 13, -4, -8, 57, 41, -28, -27, -6, -20, 16, 20, 58, 17, -36, 2, 12, 55, -30, -1, -28, 12, 0, 48, -35, -3, -5, -4, -8, -22, 5, 21, -11, -22, -19, 0, -23, -34, 8, -13, 8, 25, -23, -5, 9, 8, -36, 19, 24, -5, -25, 0, 6, -3, 18, -51, -28, 11, -29, 34, 51, 41, -10, -27, 3, 29, 47, 1, 26, 10, 23, 31, -24, 10, -36, -26, -67, 36, -13, -27, 21, 36, 2, -19, -10, -28, -27, -37, -68, -15, 6, -13, -7, 18, -3, -23, -1, -32, 15, -25, -11, 33, 3, -20, -20, 16, 16, 40, 15, 33, 33, 31, 32, 35, 27, -2, 32, -2, 57, 21, 57, 28, 15, -1, 28, 39, 7, 19, 24, 2, 24, -13, 23, -15, -17, 41, -2, 26, 20, 2, -17, 2, 4, 3, 25, -15, 27, 16, 17, 9, 37, -5, 27, 41, -6, 10, 19, 27, 6, 14, -4, -14, 22, 18, 23, 17, -27, 9, 25, -18, -8, 17, 8, 28, 17, 29, 19, -5};
weights_linear_ih[54] = {-7, 12, 10, -14, 7, 20, 3, -6, -23, -23, 14, -16, 1, 15, 26, 24, 19, -1, 15, 22, -11, 2, -23, -1, -3, -6, -21, 4, 16, -21, 32, -12, -9, 9, 1, 36, -14, -20, -31, -30, 15, -4, 36, -18, -2, 2, -20, -1, 12, -7, 41, -9, -8, -35, 8, 7, -18, 4, -20, 20, -33, 1, -44, -11, -12, -26, 47, -7, 24, 4, -7, 17, 18, -11, -19, 63, 1, -17, 23, 19, -7, -5, 19, -8, 24, -29, -19, 5, -17, 11, -22, -6, -1, -34, -10, -22, 39, 5, 30, 4, -41, -17, 2, -39, -18, 22, -33, 16, 26, -16, 6, -26, -6, -18, -21, 27, 25, -8, -25, 7, 46, -17, -3, -23, -5, 22, -65, 21, 23, 42, -37, 36, 20, 24, 10, -10, 41, 9, 6, 31, 51, 29, 8, -21, -17, -6, 22, 2, 21, 25, 8, 41, -10, 1, -13, 44, 41, 34, 42, 22, 50, -40, 23, 1, 60, -3, 20, 3, 16, -29, 25, -21, -10, -13, 59, 20, 43, -19, -21, 12, 21, 7, 34, -51, -9, -10, 18, 1, 34, 35, 22, 34, 60, -19, 37, 25, 9, 0, 57, 2, 18, 6, 24, 8, -9, -8, -1, 1, 25, 4, -24, 1, -3, 19, -9, -1};
weights_linear_ih[55] = {-5, 54, 15, 31, 15, -6, 40, 0, -17, 15, 12, 51, -10, -26, -53, 19, 10, 24, 9, -6, -26, -12, 14, -20, -1, -4, 0, -2, 6, -10, -3, 5, 13, 4, -10, 30, -64, 46, -60, 24, -18, 18, 32, -13, -5, -23, -6, 5, -40, 25, 52, 21, -19, -13, 2, -4, -47, 5, 16, -1, -43, 30, -32, -10, -1, 28, -1, 36, -48, 17, 14, -6, 28, 4, 34, -1, 38, 61, 34, 11, 7, -22, 10, -30, 5, 17, 10, -95, 5, 5, 18, -59, -29, 9, -7, 14, 50, 68, 54, 40, -8, -21, 33, 0, 58, 11, 31, 1, -42, 62, -60, -23, -62, 31, 11, 39, -2, -34, -18, 43, -13, -32, -8, -23, -36, -26, 15, 40, -26, 3, 22, -29, 26, 31, -27, -36, -6, -28, -1, -17, -47, 0, -119, 15, -4, -14, 29, -2, 19, -14, 8, 40, -29, -30, 31, -2, -31, -41, 6, 27, 25, 5, -18, -43, 11, 18, -18, 23, -14, -20, 21, -26, 40, -2, -5, 5, 20, -29, -26, 8, -43, -12, -8, 53, 5, 20, 5, -51, 21, 5, 30, 16, 26, 46, 7, 1, 3, 14, 9, 11, -13, 53, 20, 11, -37, -2, -52, 2, 24, 16, -1, 30, 56, -20, 46, 20};
weights_linear_ih[56] = {0, 0, 0, 0, 0, 0, 0, 0, 0, 0, 0, 0, 0, 0, 0, 0, 0, 0, 0, 0, 0, 0, 0, 0, 0, 0, 0, 0, 0, 0, 0, 0, 0, 0, 0, 0, 0, 0, 0, 0, 0, 0, 0, 0, 0, 0, 0, 0, 0, 0, 0, 0, 0, 0, 0, 0, 0, 0, 0, 0, 0, 0, 0, 0, 0, 0, 0, 0, 0, 0, 0, 0, 0, 0, 0, 0, 0, 0, 0, 0, 0, 0, 0, 0, 0, 0, 0, 0, 0, 0, 0, 0, 0, 0, 0, 0, 0, 0, 0, 0, 0, 0, 0, 0, 0, 0, 0, 0, 0, 0, 0, 0, 0, 0, 0, 0, 0, 0, 0, 0, 0, 0, 0, 0, 0, 0, 0, 0, 0, 0, 0, 0, 0, 0, 0, 0, 0, 0, 0, 0, 0, 0, 0, 0, 0, 0, 0, 0, 0, 0, 0, 0, 0, 0, 0, 0, 0, 0, 0, 0, 0, 0, 0, 0, 0, 0, 0, 0, 0, 0, 0, 0, 0, 0, 0, 0, 0, 0, 0, 0, 0, 0, 0, 0, 0, 0, 0, 0, 0, 0, 0, 0, 0, 0, 0, 0, 0, 0, 0, 0, 0, 0, 0, 0, 0, 0, 0, 0, 0, 0, 0, 0, 0, 0, 0, 0};
weights_linear_ih[57] = {-33, 22, -21, 26, 29, 42, -4, -25, 30, -7, -4, 52, -20, 63, -38, 7, 38, 3, 17, -8, -59, -44, -40, 27, 33, -6, 20, -19, 47, 2, 24, -19, -28, 1, -18, 45, 9, 30, -45, 74, -10, 11, 22, 11, 35, -25, -14, -52, 1, 44, -12, 40, 16, -27, -20, -44, -1, -4, -18, -31, 10, 30, -29, 37, 15, -42, -66, 19, -27, 32, -3, -45, 59, 59, 45, -49, 36, 66, 4, 10, 35, -39, -11, -52, -3, 38, 6, -60, -10, -6, 47, -13, 10, 9, -47, -11, 55, 46, 53, 57, 20, -2, -14, 6, 78, 34, 7, -47, -67, 61, 12, 4, -29, 24, 60, 40, 9, 18, -18, 57, -9, -34, 2, -5, -7, -22, -12, 61, -18, -23, 36, 7, -30, 45, -25, -28, -17, 14, 15, -12, -34, 17, -100, 47, 21, -3, 20, -30, 21, -22, 15, 53, -35, -34, 15, 9, 35, -30, 16, 50, 49, 12, -7, -23, 32, 45, 19, 21, -19, -28, 45, 45, 42, 9, -5, -8, 20, 36, 6, 5, -14, -45, -33, 60, -38, -13, 13, -11, 21, 23, -1, 15, 59, 68, 1, 25, -30, 43, -34, 12, -2, 49, 12, 16, 35, 25, 38, 5, 7, 18, 0, -12, 18, -21, 33, -7};
weights_linear_ih[58] = {40, 3, -15, 31, 23, -18, -20, 27, -11, 37, 22, -5, -27, -26, -12, -34, -12, -5, -22, -26, 24, 5, -1, 14, -22, 12, -24, -13, 38, -31, -25, 38, -8, -8, 23, -29, -39, -47, 17, -14, -37, 17, -21, -14, 29, -8, -1, 11, -1, 13, 10, 20, 28, 3, 0, 12, 4, -19, 25, 23, -36, 6, -20, -25, -43, 29, -30, -3, 18, -32, 19, -5, 1, -46, -33, 13, 28, -1, -19, -13, 7, 42, 41, 20, 10, 3, 16, 16, 32, 14, -53, -17, 15, 10, -8, 24, -24, -47, -55, -17, 1, 5, -11, -26, -34, -68, -17, 9, 5, 8, -32, 11, 39, 28, -66, -50, 19, -40, -30, -76, -5, 44, -41, 24, 2, 6, 22, 12, -16, -15, 18, 43, -10, -41, -28, -31, 16, 5, 3, -48, -8, -24, 16, 12, 27, 11, 18, -19, 25, 50, 14, 23, -20, 63, 58, -8, -2, -5, -14, 4, -13, 18, -34, 1, 53, -43, 27, 1, -5, -17, -11, -14, -18, 6, -23, 36, 35, -21, 17, 2, 0, 20, 40, 5, 0, 18, 2, -43, 16, 51, 36, -14, 19, -2, -13, 38, 71, 26, 37, 22, 17, 34, -9, 13, -17, 26, -28, 11, -2, 46, 26, -34, -6, 53, 37, -3};
weights_linear_ih[59] = {16, 8, 13, -2, -14, -6, -18, -5, -29, -4, -6, -23, 16, -5, -6, 20, 2, -8, 2, -7, 29, -30, 0, 10, -14, -42, -5, 13, 10, 5, 19, -10, -16, 11, 11, -2, -3, -20, 7, 4, -11, -17, -31, -22, 3, 2, -16, 7, -27, 22, -16, 12, 15, -28, 21, -3, -10, -21, -12, 10, 9, -17, 7, -2, -18, -2, 7, -21, 15, -11, 7, 5, -20, -20, -3, 74, 31, -7, -45, 3, 49, 48, 24, -6, 13, -13, 3, 2, 26, 27, -35, 11, -25, 11, 25, 13, -47, -30, -4, -17, -16, 8, 40, -42, 17, -44, -11, 9, -1, -26, -9, -25, 9, 15, -3, -59, 45, 7, 3, -30, 38, 38, -3, -16, 4, -37, 29, -18, 42, 20, 52, 20, -7, -2, -46, 27, -16, 11, 37, 11, 14, 47, -2, 35, 12, -4, -13, -48, -10, 26, 9, 27, -21, 28, 32, -3, -1, 15, 7, 0, -4, -21, -20, -21, 16, -47, 27, -11, 8, 13, 1, 43, 31, 10, -5, -3, 21, 12, 45, 19, -6, 12, 50, -16, -30, 12, -7, 18, 3, 24, 2, -4, 25, 12, -4, 2, 17, -19, -13, 26, 4, 23, 7, 10, -7, 27, 16, -20, -3, 53, 7, -20, 31, 15, 37, 55};
weights_linear_ih[60] = {4, 22, -54, 19, -35, -9, -13, -12, -5, -31, 24, 7, 23, 23, 8, -18, 31, -15, -7, -41, 27, -1, 28, -20, 3, 44, 18, -16, 28, -4, 7, -10, -29, 5, 12, 26, -25, -30, 7, 10, 26, 26, 19, -21, -16, 32, -26, 2, -54, 37, 29, 0, 12, -26, 16, -61, 38, 10, -57, -15, 13, -2, -1, -17, -6, -4, -43, 25, -2, -16, 1, -35, 60, 32, -60, -10, 43, 28, -51, -25, -10, -51, -49, -80, -12, 34, -19, -42, 6, 2, -22, 34, -39, -16, 34, -12, 30, 3, 42, 6, -45, -3, 19, -42, 40, 25, 41, 0, -39, -1, 31, 14, -31, -22, -1, -32, 35, -32, -42, -23, 8, -22, -3, 2, 45, -10, 46, 17, -26, 33, 41, 18, -2, -28, -6, 4, -26, -13, -70, 15, 0, -17, -75, 36, -12, 29, 28, -45, 2, 3, 35, 18, -30, -22, -6, -4, -20, 6, 20, -3, 51, -14, 20, -15, 31, 10, -7, 3, 14, 35, 37, 22, 20, 30, -33, -10, -12, -8, 50, -8, -9, -34, -5, -2, -25, -13, 49, 3, 22, 44, -7, 8, -35, -14, 78, 8, 10, 16, -14, 25, 26, 16, 22, 14, -13, 51, 7, 50, 2, 12, -14, 47, -3, 45, 18, 42};
weights_linear_ih[61] = {-11, 16, -3, -10, 12, 32, 9, 3, -15, -30, 1, -28, 16, 10, -16, -1, 11, 38, 32, -7, -14, -34, -5, 9, 25, 45, 5, 3, 10, 7, 2, 14, 70, 25, -11, 27, -37, -4, 5, 7, 6, -2, 30, 15, -13, -45, -39, -35, 17, 13, 15, -5, 23, 47, -3, 69, -41, -10, -20, 6, -1, 22, 10, -12, -30, 15, -42, -17, 31, 23, -28, 9, -13, -4, -7, -8, 19, 5, 22, 9, 11, -14, -79, -8, -18, 28, 31, -17, 15, 19, 36, -3, 3, 16, 1, 11, -30, 30, 9, 45, 11, 6, -14, -4, 72, -36, -16, -27, 14, -6, -32, 12, -14, 11, -10, 59, -19, -1, 20, 50, 5, 24, -2, -32, 13, -24, -37, 38, 3, 5, -36, 54, 22, -24, -17, -36, -1, -15, 13, 18, 10, 39, -41, 3, 16, 55, -9, -1, 23, 4, 48, 19, 50, -8, 44, 17, 58, 9, 45, 48, 45, -7, 36, 44, 26, 41, 18, 38, 22, 57, 8, 35, -29, 34, -8, 16, 23, 38, 51, 14, -1, 29, -14, 15, 44, 5, -32, 67, 20, -17, 14, 9, -10, 21, 24, 50, 30, 7, -28, -43, 14, 38, 37, 18, -24, 32, 8, -19, -20, 29, -11, 12, -2, -14, 29, 52};
weights_linear_ih[62] = {-3, 18, 26, -29, 13, 30, -3, -16, -7, 11, 17, 20, 28, 0, 32, -5, -2, 3, 2, 3, 42, 16, 24, -28, -19, 32, 14, 27, 6, 47, -3, 22, -9, -8, -7, -8, -31, 1, -1, -36, 33, -3, -12, -19, -41, 11, -47, -36, -10, -54, 1, -7, -27, -11, 28, 5, -2, 5, 1, 12, 35, 12, -5, -21, -53, -1, 27, 9, 29, 28, 30, 27, -22, -34, -14, -5, -4, -8, -26, -24, 20, 0, 4, 15, 3, 3, 3, 41, 1, 99, 8, -4, 9, -36, 8, -34, -42, 14, 30, -19, 7, 18, -11, 18, -12, -8, 19, 10, 38, -23, -9, 15, 30, -5, -40, 18, 23, 42, -33, 2, 27, -3, -25, 30, 33, 3, -2, -17, 8, -8, -14, 48, 12, -20, 20, 15, 20, 7, -11, 31, 27, 21, -14, -20, 25, 12, 2, 23, 20, 46, 18, 46, 23, 20, 41, 52, 30, 9, 1, -4, 6, 7, 66, -12, 68, -3, 32, 22, 10, 37, -1, 34, -30, 34, 32, 25, 2, 39, 0, 29, -10, 22, 44, -8, 27, -22, -34, -9, 7, -18, -4, 18, -8, -34, -8, 75, 11, 29, 9, 15, 50, 11, 35, 5, 15, -21, 15, -28, -1, 4, 41, -7, 6, -39, -5, 8};
weights_linear_ih[63] = {1, 3, 28, 10, -11, 14, 5, 0, 8, 30, 24, 8, 14, 9, 15, 21, -21, -25, 3, -1, 38, 20, 27, -19, 29, -8, -5, 8, -66, -3, -19, 7, -11, 34, -13, -4, 15, 1, -13, -19, 30, 28, -2, 24, -33, -41, -41, -1, 38, -16, -7, -36, 17, -20, 19, -6, -13, -17, -6, 22, -10, -18, -26, -22, -31, -10, -8, -20, 5, 32, -25, -27, -28, 19, -12, -8, -2, -2, 26, 31, -31, -12, -20, 49, 16, -54, 42, -7, -5, 31, -14, -9, 20, 1, 20, 29, -13, 7, -34, 4, 11, -9, -24, -4, 13, 11, 17, 6, -8, -13, -30, 26, 50, -29, -10, -28, -8, 40, -28, -15, -15, 48, -17, 35, 19, -12, -28, -19, 2, -18, -17, 13, 28, 25, 30, -52, 42, -32, 2, 27, 22, -2, -33, -27, 23, 45, 24, 39, 33, 39, -20, -12, 50, 56, 31, 41, 13, 6, 13, -1, -5, 58, 13, 26, 6, 5, 12, 20, 30, -5, 19, 38, -8, -12, 17, 28, 20, 42, 14, 22, 22, 22, 35, 1, 36, -16, -13, 14, -18, 5, 13, 34, -14, -28, 31, 46, -8, 16, 36, 18, 42, 20, 16, 0, 36, -9, 28, -11, 15, 20, 10, 35, 15, -11, -5, 19};
weights_linear_ih[64] = {-25, 6, -18, -4, -18, 25, 1, 47, 16, 15, 1, -26, -28, 13, 20, -13, 8, -7, 30, 7, 23, 7, -2, -26, -22, -11, 2, 49, -36, 7, 37, -37, 13, -5, 7, -12, -10, -16, -25, -49, -18, 14, -5, -38, -11, 14, -36, 19, -22, -46, 6, -8, -20, 4, 8, 37, -6, -23, 18, 22, 3, -34, 18, -15, -1, -20, 13, 19, 24, 30, 34, -11, -2, 7, -42, 37, -19, -24, 4, -21, 29, 23, 4, -32, 53, -30, 17, 44, 28, 2, -16, 22, 0, -11, 35, 8, 15, -19, 4, -46, -36, -11, 33, 12, 7, 16, 37, 27, 24, -33, 21, -32, 22, 31, -2, -52, 30, -5, -53, -33, 46, 0, -1, -26, 0, 36, 20, 12, 13, -8, 22, 1, -13, -29, -42, 14, 50, 34, -20, -2, 32, 21, 21, -5, 0, 17, 12, -7, 15, 81, 21, 4, 20, 32, 10, 23, 71, 24, 5, 5, -41, 2, 15, -12, 49, 1, 51, 41, 21, -5, 35, 22, -32, 17, 0, 19, 39, 45, 12, -6, -2, 21, 73, -59, -7, -29, -13, 6, 73, 41, 10, 38, 54, -18, 24, 27, 40, 10, 25, 47, 79, 46, 4, 8, 18, 14, 36, 32, 5, 29, 33, 23, -16, 16, 12, 35};
weights_linear_ih[65] = {0, 0, 0, 0, 0, 0, 0, 0, 0, 0, 0, 0, 0, 0, 0, 0, 0, 0, 0, 0, 0, 0, 0, 0, 0, 0, 0, 0, 0, 0, 0, 0, 0, 0, 0, 0, 0, 0, 0, 0, 0, 0, 0, 0, 0, 0, 0, 0, 0, 0, 0, 0, 0, 0, 0, 0, 0, 0, 0, 0, 0, 0, 0, 0, 0, 0, 0, 0, 0, 0, 0, 0, 0, 0, 0, 0, 0, 0, 0, 0, 0, 0, 0, 0, 0, 0, 0, 0, 0, 0, 0, 0, 0, 0, 0, 0, 0, 0, 0, 0, 0, 0, 0, 0, 0, 0, 0, 0, 0, 0, 0, 0, 0, 0, 0, 0, 0, 0, 0, 0, 0, 0, 0, 0, 0, 0, 0, 0, 0, 0, 0, 0, 0, 0, 0, 0, 0, 0, 0, 0, 0, 0, 0, 0, 0, 0, 0, 0, 0, 0, 0, 0, 0, 0, 0, 0, 0, 0, 0, 0, 0, 0, 0, 0, 0, 0, 0, 0, 0, 0, 0, 0, 0, 0, 0, 0, 0, 0, 0, 0, 0, 0, 0, 0, 0, 0, 0, 0, 0, 0, 0, 0, 0, 0, 0, 0, 0, 0, 0, 0, 0, 0, 0, 0, 0, 0, 0, 0, 0, 0, 0, 0, 0, 0, 0, 0};
weights_linear_ih[66] = {-5, 6, 9, -27, -5, 30, 5, 49, -8, -17, 5, 0, 6, -14, -2, 20, 7, 10, -28, 11, -9, 23, 6, -43, -12, -14, -2, 15, 26, 21, 6, -12, 20, 14, 11, 44, -42, 19, -5, -49, 15, -7, -24, -3, 0, -3, 19, -14, 8, -21, 30, -12, 5, 16, -3, 11, 29, -36, -6, 8, 20, -6, -4, -10, -11, -5, 25, 8, 33, 8, -7, 24, -7, 9, 9, 42, 23, -36, 41, 4, 27, 11, 3, -26, 20, -28, 24, 26, 21, 51, 8, 11, 53, -35, -7, 9, -4, 4, -11, -25, 11, -5, -1, 18, -24, -35, -39, 13, 4, -38, 14, -8, 40, -20, -10, -10, -14, 16, -13, -27, 59, 32, 2, 33, 11, -3, 21, -21, -3, -10, 8, 54, -18, 7, -36, 10, 6, 22, 0, 36, 21, 19, 2, 9, 10, -3, 6, 64, 20, 5, 3, 31, 48, 35, 17, 72, 26, 30, 38, 15, -3, -35, 46, 3, 20, -18, 46, 36, 23, 27, 6, 21, 13, 45, 21, 25, 12, 20, -9, 16, 17, 61, 23, 29, 30, -27, -2, 16, 40, 48, 35, 16, 40, 13, 7, 16, -15, -17, 32, 40, 29, -14, -25, 6, 23, -15, 11, 15, 4, 18, 22, -3, 13, -26, 5, 0};
weights_linear_ih[67] = {0, 0, 0, 0, 0, 0, 0, 0, 0, 0, 0, 0, 0, 0, 0, 0, 0, 0, 0, 0, 0, 0, 0, 0, 0, 0, 0, 0, 0, 0, 0, 0, 0, 0, 0, 0, 0, 0, 0, 0, 0, 0, 0, 0, 0, 0, 0, 0, 0, 0, 0, 0, 0, 0, 0, 0, 0, 0, 0, 0, 0, 0, 0, 0, 0, 0, 0, 0, 0, 0, 0, 0, 0, 0, 0, 0, 0, 0, 0, 0, 0, 0, 0, 0, 0, 0, 0, 0, 0, 0, 0, 0, 0, 0, 0, 0, 0, 0, 0, 0, 0, 0, 0, 0, 0, 0, 0, 0, 0, 0, 0, 0, 0, 0, 0, 0, 0, 0, 0, 0, 0, 0, 0, 0, 0, 0, 0, 0, 0, 0, 0, 0, 0, 0, 0, 0, 0, 0, 0, 0, 0, 0, 0, 0, 0, 0, 0, 0, 0, 0, 0, 0, 0, 0, 0, 0, 0, 0, 0, 0, 0, 0, 0, 0, 0, 0, 0, 0, 0, 0, 0, 0, 0, 0, 0, 0, 0, 0, 0, 0, 0, 0, 0, 0, 0, 0, 0, 0, 0, 0, 0, 0, 0, 0, 0, 0, 0, 0, 0, 0, 0, 0, 0, 0, 0, 0, 0, 0, 0, 0, 0, 0, 0, 0, 0, 0};
weights_linear_ih[68] = {-26, 25, 14, 28, -7, 18, -10, 14, 16, -12, 9, 1, -12, -21, -23, 30, -4, -7, -6, -41, 15, -16, 37, 4, -2, 6, -11, -34, -41, -10, -6, -20, -9, -17, 0, -35, 0, 26, 1, 7, -4, 21, 7, -12, -7, 23, 34, -10, 12, -24, -11, -30, -15, -17, 6, 15, -3, 7, -9, 1, -34, -21, -22, -44, -2, 17, -14, 44, -12, -15, -17, -30, -29, 17, 10, -2, -17, -7, 2, 17, 19, -35, 19, -17, 9, -4, 18, 30, -34, 19, -29, -35, 20, 3, -18, 105, -10, -23, 9, 22, 28, 13, 11, -1, -30, -10, -6, -20, -55, 7, -21, 27, -7, -14, -58, -32, 29, -29, 54, -9, 0, 9, -19, 14, -4, -18, -36, -3, -17, 11, -6, 57, 43, -16, 59, -52, 16, -5, -42, 26, 49, 21, -3, -27, 41, 40, -5, 19, 26, 8, 9, -21, 23, 50, 23, 16, -7, 8, 4, 34, 39, 31, -7, 7, -8, 45, -14, 2, 32, -12, 8, 14, -17, 21, 32, 32, -7, 22, 26, 60, 27, 44, -6, 43, 63, 3, 31, 0, 27, 12, 41, 28, -29, 64, 19, -1, 24, 33, 58, -10, -2, -13, 49, -2, 5, 9, 4, 3, 16, 2, 29, 94, -14, 4, 44, 17};
weights_linear_ih[69] = {-5, 9, -25, 44, -3, -30, -12, -4, -30, -17, 27, 30, -20, -2, -43, -14, 19, 7, 6, -19, 11, -4, 24, -7, 11, -1, 7, 5, 8, -15, -24, 8, 25, 7, 2, -16, -58, -16, 9, 25, -28, 3, -11, -12, 5, 24, 19, -7, -8, -2, 10, -9, 6, -14, -2, -9, -32, 14, -2, 2, -39, -16, -15, -30, 28, 19, -22, 33, -1, -4, -6, 8, 22, -26, 21, 4, 51, 34, -16, 14, 14, 2, 34, -17, 18, -5, -20, -27, 23, -8, -12, -14, -41, 30, 22, 19, 11, 25, 26, 29, -19, 2, 22, 25, 47, -44, -5, 12, -33, 49, -30, 24, -21, 30, -25, -4, 30, -36, -9, 10, 13, 1, -27, 1, 32, -7, -2, -8, 26, 20, 3, 22, -6, -42, -31, -4, -22, -18, 3, -18, -44, -20, -68, 26, -23, -5, 23, -17, 1, -16, 5, 14, -45, -6, 17, -1, -51, -20, 5, 9, 35, 8, -41, -51, 2, 13, -29, 15, -9, -33, 13, -35, 23, 6, -21, 18, -12, -38, -11, -16, -44, -38, 4, 26, -12, 19, 53, -59, 3, -6, 12, -22, 21, 58, -28, -2, 15, 6, 7, 20, -31, 31, 29, 4, -27, 4, -36, -15, 26, 6, -29, 11, 20, 24, 50, 30};
weights_linear_ih[70] = {33, -20, -11, -39, -10, -3, -28, 3, 29, 26, -7, -8, 18, -18, 4, -26, 18, -4, -18, -10, -25, -12, 7, 10, -21, 17, -11, 25, -40, 10, 21, -8, 15, -18, 32, -19, 15, 14, 11, -30, 6, -8, 13, 3, -37, -30, -25, 0, 3, -26, 32, -20, 10, 6, -10, 49, 2, 5, 39, 10, 12, -20, -28, 0, -15, -4, 10, -48, 17, 8, 25, -26, 19, -37, -36, 18, -13, -29, 19, -4, 26, 16, -17, 20, -27, 23, 45, -27, -24, 61, 11, -17, 3, 14, 14, -26, -57, -4, -25, -14, 72, -22, -15, -17, -7, -40, 8, 23, 22, -48, -37, 12, 10, -16, -11, 9, 8, -2, 8, -19, 20, 5, -20, 16, 0, -23, 39, -4, 13, 24, 26, -3, -5, 20, -13, 9, 30, -26, 12, -13, -4, 32, -7, -12, 84, 21, -7, 59, 21, 8, 4, 31, 21, 41, 54, 13, 34, 6, 11, 34, 5, 19, 15, -7, 17, 0, 44, 16, 77, 40, -3, 15, -69, 36, -18, 25, 10, 43, 33, 28, -9, -10, 20, -43, 31, 75, 2, 22, 29, 26, -6, -9, -12, -21, -9, 53, 46, 32, 0, 11, 70, 4, 34, 11, -17, 4, -2, 0, 4, 39, 39, -2, -18, 8, 24, 42};
weights_linear_ih[71] = {9, -16, 37, 1, -12, 22, -65, 14, -23, 35, -13, 11, -14, -16, 22, -7, -5, -11, -39, -22, 10, 14, 22, 1, -11, -34, -2, -25, -21, -10, 7, 20, 28, -4, -9, -3, -26, -10, 17, -10, -27, 22, -17, 12, -33, -26, 34, 27, 26, -1, 24, 23, -26, 19, -1, 35, -14, -11, -15, 27, -33, -6, -41, 16, -17, 8, -2, -26, 19, -50, 9, -19, 4, -26, 13, -19, -2, -14, 10, 14, 7, 35, 10, -6, 29, -2, 10, 21, 10, 32, 16, -15, 10, -31, -19, 30, -42, 5, -54, -22, 49, -13, 2, 15, -20, -85, 17, -18, 3, 16, -78, -39, 30, 28, -80, -7, -20, 25, 3, -6, 21, 25, -30, 20, -6, 6, -4, 18, -13, 21, 19, 66, 26, -26, 5, -36, 20, -34, 20, 22, 16, 10, 37, 8, 85, 19, 30, 17, 38, 47, 13, 37, -15, 60, 62, 18, 26, 18, -1, 22, 16, 7, -7, 24, -16, 42, 23, -26, 25, 0, -46, 34, -33, 9, 40, 54, 25, 16, 10, 48, 15, 8, -6, 37, 13, 43, 33, -13, 14, 33, 49, 30, 10, 43, -14, 26, 20, 21, 13, -16, -11, -12, 27, 9, 1, 6, -32, 8, 10, 6, 28, -44, 10, 46, 41, 23};

Bias_ih (8 bit):
 {232, 180, -224, 244, -327, 291, 5, 219, 326, -359, -111, 487, -200, -264, -249, 35, 232, 532, -205, -484, 454, -668, -344, 545, -218, 349, 81, -576, -232, 62, -146, 54, -21, 755, 681, 470, 85, 71, -646, -355, 444, 311, -123, -435, -173, 136, 73, 0, -154, -247, 396, -216, -371, -389, 29, 467, 197, -65, -437, 24, 130, 526, -361, -532, -414, 215, 465, -60, 464, -196, 637, -272, 431, 585, 264, 38, -181, -13, 430, 5, 4, 282, -172, -89, -423, 467, -54, 143, -313, 645, 428, 428, 345, 50, -72, 121, -74, -49, 216, 452, 334, 8, -35, 7, 19, -266, 738, 419, 85, -378, -270, -87, 229, 37, -31, 122, 259, -332, 232, 29, 415, 205, -168, 502, 384, -183, -218, 190, -402, -39, -42, -124, 0, 1, -372, -44, 604, 287, -188, 16, 709, 433, 39, -82, 176, 473, 136, 597, 620, 312, 510, -120, 69, 369, 644, 278, 340, 30, 286, -17, 511, -127, -140, 76, -98, 336, -51, 79, 399, 162, -198, 433, 264, 310, 379, 348, 322, 355, 347, -11, 77, 32, -156, 50, -103, 239, 233, 65, 601, -14, 441, 469, 141, 190, 82, 391, 213, -182, 169, -60, 13, 539, -117, 389, -218, 227, -439, 107, 140, 179, -89, -346, -156, -149, 215, 161};
Weight_hh (8 bit):
weights_linear_hh[0] = {4, -25, 10, -14, 24, 70, 16, -40, 47, 52, 19, 44, 19, 28, 29, 30, -7, -30, -15, 33, -36, -21, -11, 25, 15, -46, 1, -39, 7, 17, -1, 15, -15, -25, -15, 14, -32, 59, -18, -55, 58, 29, 0, 23, -20, 19, 52, 5, 77, -8, -28, 12, -34, -1, -32, -45, -3, -25, -11, -38, 31, 31, -60, 36, -31, -28, 4, 1, 9, -19, -52, 68, 32, 7, 41, -23, 38, 22, 10, 78, 17, 0, 20, -6, 27, 1, -12, 6, 23, 27, 40, 74, 26, 52, -53, 84, 32, -2, 69, 30, 23, -27, -7, 59, -45, 8, -83, -3, -13, 20, 5, 17, 5, 26, -1, 22, 49, 6, -30, 30, 25, -17, 16, 35, -27, 30, 29, -19, 5, -30, 8, 14, 115, 23, 6, -6, 23, -34, -42, 24, 8, 3, 24, 4, 9, 19, 9, 10, -1, -69, 4, -3, 2, 33, -6, 12, 21, 35, -1, -17, 6, -7, -37, 12, -4, 6, 29, -10, -32, 19, -24, 11, 3, 7, -3, 16, -45, -32, 3, 14, 18, -5, 2, 1, -30, 44, -11, -11, 3, -35, -26, -45, -19, 13, 14, -53, -21, 50, 26, -1, 5, -41, 21, 5, 3, 13, -32, -3, -2, 30, 53, -2, 0, -16, -15, 80};
weights_linear_hh[1] = {5, 19, -6, -51, -22, 21, -15, 12, -25, 3, -11, -41, 16, 14, -9, -32, 3, -20, 5, -1, -34, -33, -38, 20, 13, -2, -23, -19, -7, 7, 36, -27, -19, 15, -4, 27, 38, -24, -20, 49, 5, 4, 14, 1, 19, -2, 60, -26, -10, -26, -33, -27, -20, -4, 15, 52, 8, 32, 26, 25, 12, 12, -28, 13, 14, -18, 38, 16, -20, 18, 103, 18, 24, -16, 20, -10, -20, 8, -30, -18, 7, -16, 43, -26, 36, 8, 21, 12, -22, 6, 4, -22, 6, -39, -35, -33, 10, -6, -16, 37, -9, 4, 36, -74, 10, 10, 67, 8, -24, 17, 28, 19, 10, 41, -7, -56, -49, -16, -45, 22, -12, 53, 18, 34, 34, -6, 9, 56, 14, -6, -34, 48, -33, -41, 15, 9, 0, 21, 14, -38, 8, 77, -3, -37, -19, 4, 13, 2, 13, 31, -5, 19, -2, -4, -26, 26, 46, -3, -23, -13, -13, 23, -14, -30, -8, -8, -14, 7, 14, 7, 18, -33, 43, 14, 6, -4, -3, 2, 40, 6, 13, 20, -24, -13, 14, -34, 15, 49, 6, 17, 34, 48, 6, -3, -13, 68, 63, -4, 1, 17, 8, -5, -20, -6, 30, 0, -27, 7, 35, -2, 4, -30, -26, -5, -16, -9};
weights_linear_hh[2] = {6, -67, 23, 44, -26, 2, 5, 24, 5, -67, 73, -36, 64, 9, -23, 3, -3, 81, 38, 40, -12, -1, -7, -31, -43, -5, 30, 37, -54, 12, -27, 13, 60, -83, -97, -3, -52, -18, -62, -9, 9, -94, 19, 32, -8, 57, -11, 9, -4, 1, 3, -15, 4, 2, 33, -108, -27, 9, 24, 19, -9, 3, 26, 58, 23, 57, 3, -22, 13, 77, -51, -12, 11, -41, -112, 5, 25, -22, 2, -35, -23, -12, -104, 37, -5, -31, 16, -32, -44, -28, 1, 15, -7, -42, 48, 11, -30, 39, 27, -20, 28, -16, -9, -7, 29, -34, -15, -1, -19, 14, -73, 8, -17, 104, -62, 15, 45, -13, 19, 2, 11, -23, -103, -25, -19, -57, 36, -74, 25, -1, 34, 3, 61, -62, -3, -9, 43, 1, -17, -37, 0, -27, -13, 44, 8, 27, -14, 14, -8, -1, 32, 46, 2, 9, 8, -19, 12, -20, -38, 22, 38, -7, 56, -36, 39, 24, 43, 7, 34, -12, 7, -19, 0, 5, 39, 20, -17, 60, 91, -16, -30, -17, 10, -12, 9, -28, 72, -16, 5, 7, 45, 40, -23, 50, 6, 82, -21, -40, 27, 31, 17, -33, 26, 8, -67, -8, 31, -27, -12, 12, -51, 16, -4, -27, 85, 54};
weights_linear_hh[3] = {-48, -31, -7, 45, 27, -53, -8, 10, -35, -12, 63, 17, -10, 57, 61, 22, 1, 35, 34, 29, 25, 16, 11, -2, 16, 28, 21, 17, -17, -91, -18, 0, -6, -15, -35, 28, 5, 50, 21, -7, -34, 2, -70, 40, -9, 36, -31, 2, 0, -12, -29, -3, -16, 70, -8, 11, -5, -55, 21, 2, 1, -10, 35, -9, -7, 44, -25, -19, 31, -13, -47, -57, -8, 10, 17, 37, -4, 4, -7, 17, 17, 24, -23, 50, -2, 6, -12, -53, 38, 5, 26, 37, -43, 64, 13, -13, -16, -52, -7, 24, -14, -69, 54, 4, 18, -20, -59, 7, -27, -33, 4, 12, 26, -1, -46, 15, -6, -38, -7, -32, -24, -42, 0, -9, -36, 45, -5, -20, -33, -2, -45, 47, -20, -14, 37, 21, -19, -37, 56, -32, -60, -41, -16, -25, -4, 1, 26, 13, -2, 10, -21, 18, -7, -13, 12, 5, -79, -32, 1, -5, 7, -14, -3, 21, 47, 5, 20, 40, 2, 36, 2, -5, -37, 3, -38, 3, 39, 7, -15, -17, 5, -39, -37, 3, -21, -22, -43, -71, 10, 0, -7, -26, -22, 16, -41, -14, -51, 5, 35, -29, -3, 43, 54, -13, -30, 26, 22, -24, -42, 6, 38, -20, -62, -3, 14, -18};
weights_linear_hh[4] = {40, 41, -8, -18, 1, -25, 22, -5, 12, 2, -25, -11, -18, -46, -8, 24, -5, 2, 7, 6, -36, 25, 13, -40, 25, 23, 31, -11, -7, 14, 11, 51, -9, 18, 59, -23, -22, -5, -25, -7, -1, 0, -2, -13, 7, -42, -2, -15, 0, 22, 4, 36, -6, -59, 8, 17, -32, 25, -9, 36, -12, 5, -3, -59, 36, -40, 25, 85, -10, -39, -1, -24, -37, 33, -11, 24, 43, 37, 20, -41, 1, -10, -7, -2, -35, 21, -56, -73, -11, -49, -24, -14, -26, -26, 10, -26, -17, 47, 65, -10, -30, -12, -10, 39, -49, 1, 4, 16, -11, 29, -23, -56, -15, 34, 32, -28, 28, 31, 19, 10, 22, -35, 12, -26, 10, -29, -26, 35, 3, 13, 18, -75, -4, -11, -36, 36, -12, 11, -37, 51, -67, -17, -16, -7, -33, -7, -31, -7, -41, -11, -7, -37, -31, -3, -11, -23, -15, -22, -18, -14, -9, -12, -26, -36, -54, -9, 12, 19, -23, 24, -7, -32, 16, -6, 2, -18, -52, -19, 0, -57, 0, -24, -30, -18, -9, -32, 18, -9, 4, -19, -41, -35, 16, -38, 29, -50, 27, -7, 5, -23, 12, -18, -31, 11, -42, -24, -2, 5, 16, 22, -22, 24, 24, 0, -24, 3};
weights_linear_hh[5] = {16, -49, -6, -18, -28, 23, 40, 8, 22, -4, 21, -9, 12, -25, -2, -5, 37, -1, -4, 20, -11, -22, 29, 25, 30, -23, 1, -36, 23, -24, 3, 4, -48, -29, -8, 8, -13, 50, 7, 8, 33, 2, 5, 6, -7, -26, 17, -11, 25, 28, -22, -9, -7, 9, 0, 2, -7, -5, -9, -22, -9, 45, -24, 4, 6, -19, 56, 8, 6, 27, -5, 38, -15, 22, -4, 9, 22, 5, -3, 56, -16, -11, 14, 0, 0, -33, -7, -22, -59, -36, 39, 8, -7, -43, -13, 27, -20, 20, 15, 1, 1, -32, 5, 14, -54, -21, 24, 44, 26, -17, -34, 38, -29, 34, -17, 27, -24, -8, -12, 11, 1, -19, -34, 10, -15, 9, 66, -52, 25, -100, -20, -9, 19, 19, -8, 31, 25, -21, -47, -26, -10, 60, 2, -24, -10, 23, -11, 17, 0, -24, -48, 9, 29, 20, 6, 8, -7, -11, -26, -25, 6, -47, -10, 12, -6, 16, -19, 17, 3, -13, -52, 33, 17, -10, -7, -7, -24, -19, 25, 7, 36, 25, -3, 1, -24, 30, 23, 27, 3, -24, -12, 2, -12, 11, -11, -34, -18, 69, -17, 15, 24, -11, 29, -2, 19, -39, -38, 0, -21, 4, 11, -22, -4, -71, -20, 13};
weights_linear_hh[6] = {-10, -30, 82, 33, -30, 9, -5, 33, 15, -3, 26, 6, 6, 34, 3, 14, 17, 21, -19, 50, 20, -3, -55, -33, 10, -15, -11, 32, 3, -7, 23, -7, -35, 9, -76, 3, 11, -6, -10, -2, -14, -10, 33, 30, -47, -5, 34, -7, 20, 10, -45, -40, -14, 9, 5, -85, 17, -4, -18, -5, -36, -19, -56, 101, -16, 76, 19, -16, 54, -3, -17, 31, 12, -15, -61, -41, -14, -12, -34, 3, -32, -22, -17, 28, 4, -28, -1, -12, 35, 8, 24, -11, -21, -4, -72, 10, 18, -6, 5, 3, 30, 14, 35, -28, -12, -46, -57, -1, -20, -4, 10, 7, -34, 18, -8, 28, -5, -30, -11, 15, -30, -30, -31, 16, -22, -12, 38, -58, -3, -32, -46, -16, -2, 8, 9, -56, -14, -68, 15, -49, 45, 17, -16, -1, -1, 7, 26, 4, 0, -30, -4, 32, 2, 6, 16, 23, 12, 0, -13, 14, 15, 31, -10, 97, 17, 6, -11, 10, 21, 0, -42, -28, 0, 7, 24, 11, 34, -1, -11, 40, -4, -8, 9, 3, 1, -25, 4, -11, 2, -2, -16, 2, -76, 5, -10, 5, -76, -18, -15, -25, -15, 11, 19, 1, 1, 24, -55, -29, -33, 2, 36, -18, -19, 15, 35, 26};
weights_linear_hh[7] = {10, 26, -19, -8, 7, -3, 0, -8, -3, -3, -30, 18, 15, 30, -16, 3, -10, -27, -17, -1, 24, 31, -32, -4, -11, -9, 5, 32, 21, -7, 16, -1, -47, -19, 5, -17, -35, -3, 16, 4, -2, -23, 89, 18, 12, 4, 27, -18, -8, 14, 27, 5, 6, -6, -20, 21, -29, 48, 11, -11, -23, -4, -49, -17, 65, -3, -4, -9, 4, 28, -16, 9, -45, 69, 2, 45, 4, 31, 11, -6, -8, 6, -18, -1, 37, -7, 14, 1, 5, -38, -8, -26, 13, 11, -12, -20, 5, -18, 0, -18, 19, 3, 0, 20, 22, 24, 4, -8, 38, 4, 19, 11, 2, 21, -31, -24, 0, -35, -25, -8, 26, 4, 31, 3, -4, 22, 9, -17, 21, -30, -11, 10, 42, 8, 19, 21, 28, -19, -22, 35, -4, -18, 1, -33, -7, -21, -8, -42, -7, -25, -24, 8, -72, -44, -31, 23, 12, -14, -21, 31, 4, 15, -4, -55, 1, 27, 13, -22, 8, 3, -17, 5, 17, -25, 23, 9, 26, 10, 15, 25, -36, -15, -34, 11, 9, -39, 19, -19, -1, -15, -21, 9, 24, 0, -21, 9, 23, 3, -5, -24, -6, -14, -5, -17, -19, -65, -19, -35, 52, 14, 14, 39, 12, -30, -13, -8};
weights_linear_hh[8] = {1, 2, 36, 32, 0, 48, -22, 7, 31, -15, 28, -1, 10, 8, 4, -6, 2, 6, 2, 20, -8, -9, -25, 29, 3, 14, 1, -2, -7, -9, 10, -10, -11, 62, -17, 0, 12, -5, -32, -28, 24, 35, 43, -11, -25, -22, 25, 11, 5, -27, 34, 4, -16, 3, -14, -1, 32, 3, -29, -35, -41, 41, -22, 93, -2, 12, 6, -1, 10, -25, -9, 4, 14, -3, -31, -17, -18, 4, -5, 18, -51, -23, -39, -15, -12, -43, -10, 4, -29, -27, 3, -20, -11, -7, -34, -9, 13, -44, -23, -37, 4, -13, 21, -4, -17, 10, -35, -13, -7, -37, 22, -6, -48, 23, -25, -25, -17, -9, -14, -9, -23, 2, -14, -7, -28, 42, 14, 13, 24, -9, -37, 20, -19, 2, -6, -34, -26, -33, 38, -20, -19, -5, -18, -2, -5, -57, -6, 14, -17, -28, -10, -11, 4, -20, -20, 14, -35, 4, -28, -1, -6, 10, -7, 4, 13, 29, -3, -24, -8, -5, -6, -3, 1, 4, 46, -1, -3, 8, -23, 13, 0, 9, 11, 9, 20, 19, -67, -11, -7, 1, -18, 7, 12, 7, -32, 3, -57, 20, 41, -26, -37, -11, -19, -10, -26, 2, -14, -14, -2, -3, 12, 3, -6, 25, -8, 19};
weights_linear_hh[9] = {-38, 32, -45, 19, 14, -17, -27, -17, -19, 15, 32, -43, 22, -38, 44, -11, 30, 0, -21, 7, 30, -66, 21, -7, -7, 10, 11, 0, -38, -33, -14, 6, 27, 12, 41, 1, -11, -15, -53, -34, 31, -1, -29, -39, 19, 18, -44, 27, -16, -23, 55, -9, 17, -25, 9, 2, -35, 14, 16, 3, 27, -13, 76, -17, -7, 7, -13, 29, 32, -3, -9, -21, -28, -10, 13, 63, -31, -5, -19, -49, 13, 16, 18, 27, 4, 20, 27, -23, -16, 16, -1, -7, -43, -22, 53, -38, -23, -9, -25, -34, -14, -43, 27, -15, 30, 6, 32, -9, -10, -42, -14, -27, 7, 19, 45, 20, 21, 80, -6, -22, 0, -10, 32, -23, -31, 2, -21, -3, 13, 20, 15, 3, -54, -6, 4, 30, 8, 28, -27, -34, -51, -34, -7, -4, -30, -3, 34, 7, -33, 25, -12, -10, -10, -18, -12, -26, -3, -3, -11, -3, -28, -40, 24, -53, -14, -23, -3, 3, -10, 40, 36, 52, -38, -22, -31, -54, -11, -1, 24, -54, 19, -7, -48, -65, 1, -6, -14, 11, -33, 12, 5, 21, -12, -34, -8, 8, -12, -56, -16, -13, 1, -24, -29, -7, 25, 13, 56, 15, -39, -12, -41, 8, -32, 8, 4, 0};
weights_linear_hh[10] = {33, 0, -15, 26, 31, 21, 18, -21, 27, -2, -3, 52, 8, 5, 12, -14, -1, -11, 38, -40, 3, 13, 45, 49, -12, -8, 3, -70, 0, -39, 8, 15, 12, -8, -7, 51, -74, 13, 23, -11, 3, -17, -20, -3, -19, 1, 17, -25, 7, -7, 11, 14, 7, 42, -21, -26, 21, 8, -17, -21, -17, 89, -31, -21, 7, 3, -10, -3, -32, 19, -59, 39, -50, -3, 38, -15, 15, 18, 7, 29, -40, -15, 2, 42, 33, 14, -8, -11, -23, -9, -1, 34, -20, 14, 1, 37, -5, -20, 2, -27, -21, -20, 12, 31, 5, 16, -11, 40, 53, -9, 7, -14, 34, -6, 2, 9, -15, -23, -16, 7, 2, -9, 11, 48, -15, 27, 31, 29, -26, -29, 5, 21, 100, -40, -6, -56, -34, -32, -30, 12, -6, 12, 2, 8, 10, -4, 0, -8, 7, -9, 14, -26, 29, 16, -7, -4, 30, 7, 1, -15, 21, 33, -28, 48, 1, 8, 18, 1, 16, -9, -2, -8, -8, 1, -23, -7, -28, 13, 46, 1, 30, 6, -3, 9, -12, 62, -26, -29, 15, -37, 0, -25, 6, -18, 9, -16, -7, 64, 8, -4, 60, -27, 57, 0, -73, -54, -24, 31, 19, 39, -19, -55, 29, 20, -10, 59};
weights_linear_hh[11] = {-5, 5, -25, -6, 6, 58, 22, -9, -24, 32, -53, -23, 30, 16, -52, 30, -7, 13, 16, 6, -17, -39, -16, 9, 65, -42, 7, -38, -5, -5, -22, 4, 3, 10, -15, 9, 80, -12, 12, -23, 35, 19, 13, -3, -18, -66, -15, 16, 34, 14, 0, 30, -27, 29, -29, 37, 20, 45, 4, -13, 41, 0, -36, -31, -9, -29, 20, 24, -7, 24, -16, -39, -5, 12, -14, 7, -53, -10, -21, 14, 3, -42, 25, -8, -3, 9, -19, 16, 8, 15, -6, -21, 13, 9, -17, 39, -48, 16, -21, 2, -16, -11, -36, 29, 61, 11, 13, 22, 1, 15, 10, 23, -45, -3, -26, 42, -28, 46, 28, 20, -2, -31, -43, -20, -32, -9, -26, 12, -34, -29, 8, -51, 92, -10, 21, 12, 6, -30, -27, -25, 12, -23, -20, -9, 14, 29, -73, -9, -13, -18, -50, -7, 22, -30, -38, -3, -10, -4, 2, -36, 2, -9, 16, -33, -36, 9, -52, -58, -36, -33, 1, -21, 23, -25, 29, 12, 25, -21, 39, -9, 33, 15, -42, -13, 13, -11, 19, -26, -58, -34, 0, 8, -15, -16, 0, 6, 7, -10, -12, 10, 10, -42, -1, -11, 65, -99, 7, 36, 5, -56, -30, 14, 22, -35, 23, -55};
weights_linear_hh[12] = {-35, 18, -36, -77, -20, 24, -18, -12, -55, 5, -68, -50, 2, 34, 2, 7, -52, -2, 26, -25, -12, 14, 22, 39, -13, 29, 12, -22, 6, 2, 47, -7, -33, -16, 6, 5, 57, 2, 77, -12, -19, 15, -16, 15, -25, -66, 16, -11, -34, -3, -6, 22, -36, -6, -13, 77, -1, -74, 2, 92, -16, -63, -15, -7, -33, -11, -69, 40, 11, -60, 53, 7, 58, 43, 17, 35, -4, -28, -6, 53, 36, 18, 28, 1, 1, -19, -1, 55, 36, 49, 6, 12, 5, -6, -16, 47, 16, 14, 13, 57, 34, 29, 18, -20, -27, 9, 25, 27, -85, 28, 2, 13, 10, -17, 7, -20, -6, -11, 41, 41, 8, 7, -1, -3, -2, -19, -65, 31, 15, 44, 14, -91, -24, 19, -7, -3, 5, 27, 90, -48, -36, 41, 10, 36, 1, 3, 27, 5, 1, 14, -9, -26, -5, 21, 19, -11, -9, 26, 37, -3, 8, 20, -30, 21, -20, -47, -1, -20, -27, 25, -34, -26, 9, 32, 6, -19, 31, -37, 14, -5, 47, -8, 23, -33, -29, 4, 10, 9, -7, -55, 15, -6, 38, -13, 10, -25, 21, 13, 51, -84, 28, 106, -27, 10, 18, 16, -8, -60, 13, -10, 38, 14, -26, -2, -25, -53};
weights_linear_hh[13] = {0, 34, 15, -5, 12, 36, 17, 44, -29, 19, 29, 28, -29, 67, 0, 5, 2, 43, 4, -20, 21, -9, -79, 8, 13, -28, -64, 26, -9, 24, 35, -95, -35, -2, -26, 39, -14, 1, -26, 36, -41, 27, -4, 0, -30, -25, 15, -8, -34, -31, -70, -21, -8, -14, 3, -47, 16, 67, 76, -2, -8, -8, -67, 46, 22, 24, 13, -7, 16, 16, 42, 19, 38, 18, -4, -29, -7, 15, 1, -7, 6, -25, -4, -20, 53, -7, 15, 26, 15, -11, 32, -7, 45, -7, -14, -39, -1, -13, -32, -11, -16, 23, 29, -12, -31, -36, -26, 3, 5, 1, 13, 31, 20, 12, -16, 4, 7, -54, -40, -5, 37, -3, -6, 59, 30, -8, 34, -18, -13, -4, -106, 13, -51, -25, 42, 7, 50, -58, 19, -6, 31, -20, 1, -14, -17, -68, 13, -22, 0, -18, -5, -16, 9, -7, -23, 22, 33, -18, -36, 32, -14, -20, -30, 53, 32, -23, 11, 41, -30, 10, -7, 0, 0, 11, -17, 13, 14, -6, 4, 29, 0, 26, -20, 29, -24, -14, -17, 19, 1, 2, -16, -5, 11, 3, -34, -2, 0, -21, -3, -11, 0, -26, 12, -12, 0, -14, -46, -13, -4, 23, 43, -31, -20, 1, -2, 26};
weights_linear_hh[14] = {-1, -66, 10, -4, -50, 4, 11, 63, 18, 35, 16, -25, 6, -34, -2, 27, 1, 18, 36, 14, 2, -28, 17, -40, 43, -16, 53, -32, -10, -33, 22, -14, -37, 21, -3, 25, -11, -4, -36, 24, -6, 47, -4, 30, 14, -41, 52, -40, -11, 33, 47, 17, 1, -24, 42, -1, 10, 74, -26, 34, -66, 2, 22, -32, -18, -12, 16, 58, 53, -26, -17, -59, -49, -31, 7, -13, -21, -24, -19, -33, 1, -19, -28, 14, -44, 13, -9, 5, -79, -36, 4, -17, -30, -72, -8, -31, -24, 5, -13, 30, -51, -5, 50, -54, -24, 46, 52, 30, 26, 10, -79, -5, 11, 45, -8, -58, -1, 1, 19, -55, 26, -46, 45, 9, 6, 10, -20, 6, -46, -9, -46, -102, -24, -4, -6, 26, -16, 49, 15, -28, -62, 12, -42, -27, -58, 0, -4, -18, -20, 0, -41, -58, -19, 4, -47, 8, 23, -23, -4, -37, -25, -19, 16, -51, -20, -30, -57, 60, -18, -2, -6, -21, 12, 20, -15, -6, -34, 9, 55, 15, 54, 48, -11, 15, -29, -60, 14, -48, 19, 6, 2, -8, 8, -40, -31, 5, 4, -11, 4, -2, 1, -18, 4, -6, -15, 37, 23, 2, 3, -8, 47, 58, -66, -43, -16, -43};
weights_linear_hh[15] = {10, -34, 51, 2, -24, 18, 0, 20, -34, 30, 7, 4, -9, -16, -20, -19, -14, -1, -3, 19, 14, -11, -26, 21, 25, -4, -29, -15, -22, -3, -14, -1, -25, 3, 7, 22, 7, 24, -13, -1, 8, 41, -17, -34, -8, 13, -11, 21, 13, -5, -17, -2, 11, -1, 17, 33, 57, -3, 24, -7, -27, 16, 0, 16, -15, -12, 20, -25, 34, -6, 1, 23, -7, 12, 5, -35, 3, 15, -4, -6, -18, -16, -5, -17, -31, -3, -13, 13, -24, -22, 43, -25, 17, 22, -35, 12, -22, -4, -17, -5, -10, -15, 35, -10, -24, 18, 15, -3, 15, -11, -2, -12, -16, -4, 7, -7, 12, -16, 6, -19, -5, -35, 13, 26, 13, 53, -29, 14, -39, -45, -10, 22, -16, 16, -9, -8, 4, -38, -9, 7, -10, -7, -3, -28, 7, 26, -22, 9, -21, -30, -45, 1, 9, -6, 9, 8, -57, 9, -24, -2, 4, -4, -47, -10, -12, 13, -22, 10, 9, -49, -52, 0, -15, 5, 2, -9, -6, -15, 37, -1, 82, 34, 9, -9, 14, 2, -11, 7, -22, 14, 29, -17, -17, 25, -33, -8, 10, 8, 6, -19, 64, -39, 13, -17, 0, 30, -24, -4, 6, 0, 23, -10, -23, -3, -8, -41};
weights_linear_hh[16] = {-10, 11, -14, -33, 24, -32, 25, -20, -30, 17, -26, 14, -3, -57, 9, -2, 14, 13, -2, -6, 6, 15, 19, -11, 19, 44, 5, -37, 13, 15, 4, 8, -25, -14, 16, -16, -4, -9, 6, 31, 11, -1, 2, 11, 15, 0, 21, 2, -5, 9, -15, -9, -27, 38, 4, 98, -17, -30, 8, 41, 9, 15, -4, -59, -20, -36, 6, 13, -10, -38, 26, -6, -6, 16, 60, -7, 46, 14, 9, -17, 29, 3, 31, 10, -26, 38, 11, 21, -7, 27, 3, -14, 14, 21, -18, 23, -42, -4, 6, 9, 32, 8, -30, -14, 8, 13, 40, 40, 12, 29, 13, 24, 32, -25, 18, 5, 31, 22, 4, 21, -4, 51, 16, 3, 2, -7, -61, 77, -45, 14, 43, 24, 38, -48, 5, 5, 22, 8, -24, -10, 6, -18, 30, -15, 2, 38, -17, -19, 16, 14, 24, 19, 16, 26, 10, 0, 0, -1, 32, 13, 13, -8, 4, -5, -24, 2, -31, -9, 24, 8, 15, 4, -4, -11, -16, -9, 2, -10, 30, -15, -23, -25, -16, 19, 9, 38, 23, -24, 4, 6, 8, 15, -14, -8, -17, -3, 81, 28, 11, -18, 54, 10, -26, 4, 3, -26, 9, 12, -15, 3, -14, 22, 28, 14, -19, -45};
weights_linear_hh[17] = {6, -27, 20, 0, -14, -15, -52, -1, -7, 46, 11, -26, 10, -6, -19, 11, -18, 36, 0, 10, 0, 16, 14, -6, -14, 3, 3, -4, 52, -12, -17, 2, -63, -46, 32, -25, 26, 40, 2, -11, -12, 10, -14, 10, -5, 33, -43, 18, -23, -9, 29, -7, -5, -1, 69, -95, 13, -18, 18, -34, 23, -15, 18, 48, 4, 34, 27, 25, 2, -1, -4, 53, -20, -13, -17, 25, 5, -55, 15, 9, 47, 56, -1, 5, 4, 16, 7, -14, 13, 9, -2, -19, 19, -13, -29, -8, 1, -8, -19, 32, -1, 7, 15, -20, -29, 3, 14, 16, -61, -1, -5, 2, 2, 34, 45, 16, 2, 22, 27, 28, -13, 25, 35, 11, -13, -28, 91, -59, 18, -2, 15, 11, 48, 38, 20, 5, -15, -1, -14, 11, 10, 29, -20, 42, 46, 35, -1, 13, 11, -3, 21, -3, 16, 7, 25, 21, 61, 20, 7, 36, 1, 24, 14, 25, 15, -14, 33, -2, 10, 20, -12, 19, -5, 6, 27, 20, -18, 22, 16, 38, 47, 45, 8, 11, 2, 23, 32, 50, -4, 5, -22, 7, -23, 37, 24, 54, 18, -22, 22, 6, 75, 42, 15, 5, -1, -41, 4, -22, 0, 23, 9, -16, -9, 18, 38, 54};
weights_linear_hh[18] = {10, -38, -10, 13, 38, -31, -18, -29, -68, -11, -4, 18, -22, 51, -6, -5, -13, 4, -10, -34, 9, -33, 29, 27, -10, 30, -34, 20, 13, 3, 19, -15, 17, -24, -47, 30, -6, -17, 12, 30, 3, -56, -10, 9, -7, 53, 2, 24, -31, -5, -8, -13, -12, 73, -42, -8, 24, -18, 51, -38, 31, -12, 33, 46, 1, -4, -21, -43, -22, 6, 5, -39, -40, 3, 5, -18, -28, -33, 35, -8, -33, 12, -34, -10, 29, -11, -1, 32, 2, 18, 30, -9, 3, 33, 15, 10, -19, 25, 11, -12, 34, 12, 10, 21, 10, 7, -44, -1, 15, -1, 59, 15, 18, -11, 12, -13, -10, -21, 49, 21, -16, -6, 18, 6, 9, 76, -5, 18, -1, 41, -7, 102, 40, -24, 10, -67, 2, 6, 59, 2, 7, 22, 64, 30, 27, 32, 2, 0, 26, 25, -23, 40, -16, -25, 40, -22, -3, 19, -27, 71, 7, 31, 3, 51, 22, -9, -2, 21, -15, -26, -4, -6, -5, -26, 12, 9, 16, 24, 30, 35, 9, 2, -3, -8, 15, 58, -41, -43, 7, -14, 6, -4, 1, 17, -66, 2, -10, 7, -15, -22, 22, -38, 48, -13, -9, 63, 8, -2, -29, 0, 36, -17, 9, 10, 33, 41};
weights_linear_hh[19] = {-28, 34, -14, -31, 26, -33, -23, -31, -17, -27, -43, -16, 24, -18, -15, -37, -5, -16, -42, 20, 35, 1, 33, -38, -39, -6, -11, 1, 13, 52, 23, 13, -25, 54, 62, 9, -17, -73, -30, 62, -12, -31, 6, -35, 90, 3, -45, 6, -53, 11, 2, -47, 108, -24, 23, 14, -51, 76, -32, 2, 36, -18, 43, -52, 12, 4, 18, 4, 2, 22, 21, -24, -34, -30, 26, -1, 33, -6, -47, -31, 2, -12, 24, -5, -45, 20, 22, -13, -40, 10, -33, -49, -44, -26, 17, -29, -23, 43, -2, -28, -22, 22, 5, -7, -6, 7, 70, -14, 2, 32, -31, 6, -16, 5, -8, -30, -1, -17, 16, -53, -2, -9, 32, -60, -5, -36, -8, 23, 6, 33, 24, -32, -73, 14, -2, 9, -32, 43, -3, -14, 21, 7, -11, -19, -23, -21, 58, -20, -8, 60, 0, 4, -20, 5, -32, -26, 17, -19, 17, -24, -16, 12, 5, -52, -26, -22, 20, -14, -2, 6, 58, -22, 48, -21, 26, -23, 9, 21, -29, -34, -18, 2, 11, -9, 9, -39, -1, -3, 27, 19, 30, 21, -8, -22, 1, 6, -18, -39, -21, -24, -15, -23, -26, -4, 25, 42, 44, 31, 28, -1, -80, 26, 2, 5, -49, -4};
weights_linear_hh[20] = {48, -3, 10, -21, 35, -30, 36, -29, 2, -22, -23, 26, -55, -23, 17, -40, -45, -52, 40, -10, -37, 17, 39, 14, -5, -10, 9, -16, 19, 27, 3, 44, -18, -10, 58, -12, -14, -23, 6, 0, 1, 18, 14, -3, 9, -4, 26, -10, -8, 33, 1, 80, 1, -46, 49, 23, -9, 2, -14, 2, -31, -11, 6, -59, -28, -41, -4, 35, -33, -35, 10, 24, -9, 7, -5, -20, 65, 4, -5, -26, 37, 17, 14, -61, -47, -9, -2, 2, -1, -34, -15, 1, -18, -16, 18, -15, -5, 4, -5, -6, -33, -21, -2, 5, -37, 4, 22, -3, 7, 1, -40, -54, 17, 27, 27, -40, 26, -11, 8, 15, 28, -18, -17, -10, -13, -38, -9, 14, 6, 31, 9, -125, -2, -38, -43, 29, 2, 7, -26, 24, -47, 26, -35, 15, -3, -13, -60, -17, -22, -22, 16, -26, -12, 3, -32, -28, 18, 49, 2, 0, -10, -13, 52, -29, 49, -8, 12, 4, -28, -13, 40, 9, -14, 5, -3, -12, -1, 3, 12, -30, -11, -11, -1, 11, 3, 24, -15, 17, 30, 10, -11, 34, 42, 5, 21, 95, -8, 3, 37, -13, 6, 2, 23, -3, -23, -21, 11, 9, 16, 16, -2, -6, 16, -9, -22, 10};
weights_linear_hh[21] = {7, -18, -22, 8, -14, 2, -9, -6, -27, 2, -22, 9, -4, 8, 12, 9, -15, 18, 12, 7, -4, -1, 30, -15, 4, 25, -3, -14, 12, -5, -23, 22, -15, -22, 15, 20, 43, 34, 7, 5, -8, -23, -34, -6, -5, 25, 14, 17, 20, -8, 40, 17, -10, 27, 1, 26, -17, -1, 15, 2, -3, 26, 21, -44, 12, -25, -10, 3, -32, -6, 1, 20, 16, 48, -16, -23, -4, 0, 22, 13, 4, -17, 2, -9, -3, 10, 1, -8, -8, 10, 3, 13, -12, 5, -11, 1, -9, 17, 16, 3, 28, 13, -14, 9, 5, 31, 29, 27, -23, 8, 36, 40, 39, -21, 35, -20, 7, 24, 15, -13, -22, 24, 31, -5, -1, 2, -37, -21, -47, 29, 9, 26, 7, 1, -12, -14, 26, -11, -9, -2, -4, 27, 21, -16, -5, 91, -3, -4, 15, 0, -8, -8, -7, 20, 30, 2, 11, 6, 13, -2, -2, 1, -10, -11, -14, 3, 10, 15, 28, 1, -8, -16, -10, 7, -9, 4, 20, -15, 30, 12, 56, 0, 9, -3, -6, 9, 62, -3, 11, 12, 34, -13, 15, 7, -1, -7, 54, 33, 11, 14, 97, -8, 44, 17, -25, 4, 10, -12, 7, 18, 10, -6, 25, -13, 11, -25};
weights_linear_hh[22] = {-52, 18, -14, -74, -6, -48, -38, -22, -99, -82, -68, -77, 7, 96, -45, -19, -40, -20, 9, -23, 78, 23, 12, -32, -78, -47, 18, 41, 62, 54, 52, 30, -7, -30, -17, -7, 75, -1, 31, 17, -73, -19, 53, -41, 21, -49, -35, 6, -14, 88, -28, -32, 29, 13, -23, 21, -91, -26, 11, 24, -3, -80, 22, -21, 72, -18, 9, -40, -40, 14, 7, -46, 15, 8, 20, 59, -19, 43, -44, 29, 34, 22, 11, -72, -16, -25, 11, -4, -36, 46, -21, -61, -20, -3, 20, -24, 72, -21, -9, -5, 25, 36, 38, 40, 4, 19, -31, 49, -10, -18, 32, -10, 9, 6, -4, -9, -34, 42, 3, -7, 26, 81, -16, -60, 0, -13, -15, -29, 94, 54, 19, -28, -83, 50, -5, 3, 21, 56, 44, -12, 16, -28, -10, 5, 34, -62, -22, 44, 0, 35, -21, 71, -47, -6, 30, 4, -27, 18, 12, 46, 41, 2, 9, -40, -9, -5, -23, -33, 34, -7, 1, -4, 36, 4, 33, -5, 85, 8, -21, 11, -55, -19, -37, -17, 29, 2, 19, 2, -8, -5, 20, 6, 40, 7, 47, 12, -6, -20, -18, 13, -41, 61, -7, -5, 46, -96, 61, -17, 51, -14, -14, 39, 26, 16, 14, -65};
weights_linear_hh[23] = {7, -33, 43, 14, 27, 10, 10, -1, 43, 57, 24, -11, 10, 19, 14, 49, -4, -44, 15, 25, -21, 28, 50, 23, -9, 12, 52, -34, -25, -6, -19, -8, 22, -15, -2, -39, 13, -4, 29, -70, 6, 32, 20, 24, -28, -4, 55, 1, 120, -10, 20, 35, 5, -12, 5, -20, 35, -10, -21, -2, -34, 19, -33, 5, -32, -25, 10, 24, 3, -23, -28, 36, 34, 4, -8, -37, -19, -21, 14, 78, 22, 31, 8, 0, 9, -23, -16, -8, 20, -12, 16, 37, -16, 22, -5, 76, 30, 10, 24, -9, 4, -31, -35, 70, -33, 13, -7, 22, 1, 6, 33, 15, 8, -39, 33, 20, 8, 0, 57, 3, -54, -30, 38, 0, -6, 6, 15, -1, 25, 15, -16, -39, 48, 20, -18, -46, -7, -2, 2, 51, -14, 27, -24, -7, 6, -9, -14, 10, 11, 16, 25, -1, -3, 18, -1, -8, 0, 2, -11, -48, 17, -30, -14, 46, 2, 44, -36, 17, -8, 6, -10, 9, 12, 28, 20, -4, -40, -7, -11, -16, -12, -21, 37, 11, -26, 46, -5, 21, 11, -25, 17, -27, 10, 1, -22, -18, -14, 20, 55, 1, -27, -14, -8, 9, 25, 20, 18, -18, -18, -28, 4, -8, 17, -12, -28, -23};
weights_linear_hh[24] = {15, -13, 20, 0, 1, 19, 1, 1, -6, -18, 8, -28, 13, 21, 21, 72, 52, 9, -66, 61, 16, -71, -14, 17, 37, 26, -31, -1, -21, -34, -4, 18, -16, 10, -42, 12, 10, -12, -18, -79, 64, 0, -8, -3, 7, 21, 15, 46, 31, -49, -36, -26, -56, 6, -9, -5, 30, 10, -9, -23, -1, -7, -8, 38, -25, 33, 41, 49, -4, -25, -1, 58, 0, -6, 2, -4, 17, 18, 51, 19, -1, 32, 29, 18, -23, -52, 24, 4, 13, -12, 23, -33, -2, -23, -20, -2, 17, 7, 22, 12, -9, -5, -22, 12, -20, -14, -9, 20, -3, -23, -8, 45, 11, 2, -14, 37, -16, 46, -46, 99, -15, 18, -16, -16, 7, -1, 24, -32, -10, -42, -4, 27, 1, 54, 2, 3, 32, -29, -10, 1, 12, -39, 14, 19, -12, -8, -2, 36, 12, -6, -24, 15, 7, 12, 10, 21, -26, 46, -6, -2, 22, -20, -22, -27, 10, 43, 17, -14, 8, 37, -40, 22, -6, 9, 14, -9, 14, -6, -13, 23, -1, 13, 18, 40, -20, 4, -15, 2, -5, -9, 10, 4, 25, 25, 3, -15, 9, 0, -6, 7, 29, -18, -43, 0, 31, 9, -37, 12, 21, -5, 25, -26, -1, 25, 15, -9};
weights_linear_hh[25] = {32, -4, 25, -18, 32, 16, 16, 22, 53, 41, -13, -11, 11, 24, 18, 9, -4, -3, -8, -5, -26, -23, 9, 15, 28, 25, 40, 4, 1, -8, 2, -6, 3, 9, -33, 48, -9, 24, -26, -31, -8, 57, 13, -3, -28, -1, 64, 22, 19, -25, -20, 64, 8, -8, 32, 15, 9, -19, 5, 2, -37, 27, 28, 11, -15, -13, 31, -4, 44, -42, -12, 32, 18, 40, 33, -19, 10, 34, 9, 32, 41, 11, 36, 19, 14, -11, -7, -14, -24, -16, 33, 27, -54, -13, -43, 26, 31, -2, 19, -17, -29, -28, 57, 52, -90, 25, -38, 19, 21, -40, 2, 6, 13, -20, 11, -15, 13, -36, 3, -3, 7, -63, 13, 15, -31, 30, -11, 50, -12, -43, -23, -11, 4, 76, -33, -21, 20, -2, 31, 70, -60, 13, 22, -32, -15, -8, 41, 26, 3, 29, -21, -37, -5, 21, 14, -2, -15, 46, -10, -21, 2, -22, -25, -3, 5, 15, -2, 3, -1, 37, -38, 6, 5, 24, 3, -13, 0, -41, -46, 22, -6, -11, -17, 1, -11, 45, -30, 10, 19, -27, -26, -41, 57, -10, -21, -49, 10, 46, 81, -32, 6, -8, 0, -1, -36, 27, 5, -7, 9, 54, 23, 11, -33, -9, -32, -11};
weights_linear_hh[26] = {39, 13, 7, 24, 32, 20, 38, -10, 21, 2, 47, 28, -5, 3, 3, 5, 32, -5, -32, 4, 3, -35, -36, 0, -4, 34, -70, 17, -10, 5, -35, -43, 12, -40, -34, 33, -50, -28, -30, -8, -29, -32, -34, -33, 0, 89, -44, 41, -26, -24, -4, -14, 3, 6, 48, -28, 21, 52, 18, -12, 32, 50, 16, 59, -3, 7, 18, 10, 18, 7, -15, 21, 10, 16, 8, 9, 28, 31, 19, 41, -19, 21, 22, -8, 2, -4, -4, -28, -26, -21, 29, -27, -6, 24, 21, -31, -35, -7, -41, -30, -29, -19, -41, 8, 4, 42, 4, 25, 13, 1, 18, -4, -52, -17, 30, 90, 21, 28, -39, 12, 15, -49, 4, 45, -22, 35, 5, 3, 4, -2, 5, -20, -4, -29, 39, 16, 41, -6, -66, -27, 34, -33, 65, -5, -26, 0, 22, -23, -3, -28, -25, 15, -20, -10, -12, 32, -27, 11, -26, -13, 9, -26, -23, -2, 2, -1, 41, 21, -34, -26, 10, 32, -14, -15, -8, -21, -45, 31, 46, -37, 13, 23, 9, -39, 16, -18, -7, 18, 15, 27, 15, 5, 0, 11, 12, -27, -30, -1, -22, 14, 18, -19, -22, -11, -35, -8, -29, 10, -24, 18, -5, -32, -52, 10, -18, 30};
weights_linear_hh[27] = {-6, -3, 1, -13, -36, -36, 5, -13, -25, -44, -1, -35, 28, -18, -47, 17, -5, 11, -47, 44, 23, 13, -18, -22, -34, -15, -31, 39, 49, 23, 3, -10, 2, -59, 18, 25, -23, -41, 7, 11, 8, -9, 10, -10, 96, 5, -76, 4, -50, 14, 27, -22, 30, 11, 0, 12, -55, 33, 17, -5, 76, -13, 22, -46, 79, 38, 13, -16, -22, 32, 16, -46, -28, -21, -8, 50, 0, 34, -29, -11, -46, -2, -26, -25, -21, 25, 3, -50, -9, 3, -15, -58, 38, -19, -2, -55, -40, 11, -22, 9, 30, 17, -4, 6, 55, 11, 25, -20, 18, 15, -7, 25, -48, 11, -55, 28, -51, -10, -22, -28, -20, 19, -13, -51, 21, 13, -24, 12, -1, 9, -3, -29, -54, -9, 36, 70, -12, 29, -48, -30, -1, -30, 30, 4, 3, -20, -6, -32, -20, 6, -37, 20, -27, -22, -36, -7, 19, -13, -6, 17, -17, -3, 9, -130, 9, -40, 10, -9, -5, -12, 40, -3, 40, -22, 0, 0, 15, -15, 18, 14, -25, -22, -14, -21, 15, -29, 63, -3, -10, -13, 16, 20, 12, -16, 19, 27, 13, -23, -62, -6, 10, -22, -14, -9, 52, -3, 43, 23, 45, -20, 14, 55, -20, -8, 8, 4};
weights_linear_hh[28] = {-12, 6, 32, 38, 9, -7, -10, 9, -36, 13, -16, 32, -38, 9, -3, -54, -94, 7, 26, -14, 32, 106, -8, 27, -32, -4, 38, 43, 16, -1, 7, -7, 13, -7, -10, -15, 6, 35, 12, 32, -49, 11, 41, 33, -27, 38, -33, -53, -15, 31, 16, 30, -6, 0, 42, -58, 5, -4, 34, -7, -36, -13, -6, 47, -5, 23, -65, -64, 5, -4, 4, -10, -1, -29, 2, -2, -32, -43, -6, -17, 11, 30, -11, 23, -8, -29, -50, 48, 45, -5, -43, 30, -1, 21, 10, 62, -12, 1, -19, 18, 29, -27, -14, 43, 11, -10, -22, -29, -13, 10, 22, 18, 12, -33, -34, -56, -4, -8, 39, -24, -26, 9, 12, 44, 15, -8, 68, -22, -25, 2, -41, 45, 21, 1, 31, -19, -61, 33, 12, 19, 12, 64, -11, 48, 8, 56, -38, -50, 3, -10, -7, -4, 26, -18, -30, -20, 49, 45, -7, 6, 12, 13, 6, 28, -21, -8, -20, -6, -13, -36, -5, -48, -40, -9, 29, 20, -7, -7, -22, 28, -1, 13, 17, -4, 33, 7, 27, 7, 24, -19, -6, -18, -16, -16, -1, 38, -13, 6, -20, -25, 63, 6, 29, 10, -13, 7, 26, -5, -15, -12, -15, -24, -9, 27, 61, 24};
weights_linear_hh[29] = {2, -5, -2, -10, 6, 31, -37, -8, -12, 34, -20, 11, -12, -34, -31, 12, -25, 16, 33, 1, 8, 32, 1, -18, 5, 12, 19, -11, -2, -5, 18, 4, -55, 41, 21, 10, -16, 7, -1, 21, -10, -14, 105, 39, -14, -46, 34, -18, 16, 28, 92, -8, -50, 1, 9, -19, 8, 2, 2, -8, -33, 23, -8, 39, -13, 25, 53, 4, -34, -2, -8, 54, -38, -21, 8, 4, -33, 5, -20, -12, -7, -25, -19, 2, 5, 18, -22, -19, -30, 12, -9, -4, -28, -3, -44, 18, 22, -5, -19, 4, 0, -39, -17, 9, 25, 3, 7, 13, -25, 43, -20, 25, 15, 24, -60, -7, -1, 34, -3, 3, -29, 16, 46, 0, -25, -4, 41, -48, 6, 4, -25, 29, 14, -11, 34, -10, -2, -31, -8, -10, -4, 17, -6, 20, 10, -18, -18, -18, 7, -10, 11, -14, -22, 2, 1, -7, 1, -31, 9, 10, -3, -9, 50, 9, 28, -27, -25, 43, -9, 3, 11, -29, -17, -16, 5, 4, 10, 1, -70, 54, -13, 14, -13, -4, 17, 1, 25, 8, -10, -6, 11, 21, 4, 12, -28, 46, 28, 8, -16, 6, -15, 14, 34, 15, -39, -18, -16, -43, 11, -18, 62, 24, -4, 7, 4, 26};
weights_linear_hh[30] = {1, -16, 28, -25, -22, 22, 26, -4, 13, 30, -13, -12, -9, 7, 23, -11, 0, 7, 23, -6, -20, 12, 32, -19, 15, 33, 8, -41, -4, 27, -13, -6, -36, 1, 33, 18, 11, -13, -13, 18, 2, 73, 31, 24, -5, -14, 41, -10, 28, 25, 8, 24, 28, -29, 35, 14, -7, 55, -39, 26, -30, 10, -10, -34, -10, -15, -11, -16, 16, -1, 17, -25, -35, 6, -18, 2, -14, -3, -37, -11, 8, 2, 15, -30, 18, 8, -14, -14, 13, -39, -22, -3, -10, -10, -22, -4, 26, -21, -9, 11, -56, 4, -24, 20, -34, -31, 55, -21, -1, 5, -35, -29, -3, -11, -22, -12, 13, -26, -9, -35, -18, -56, 68, 14, 1, -10, 15, 15, -3, -31, -23, -103, -6, -7, 3, 23, -15, 3, -24, -19, -31, 1, -27, 0, -24, -9, -3, -12, -13, -42, -12, -46, -5, 15, -39, -14, -22, -31, -6, -56, -15, -21, -5, -22, -41, 26, -41, -22, -8, 15, 0, -26, 34, -15, -14, -14, -22, -1, 0, -9, -2, 13, -21, 34, 8, -31, -4, 20, -10, -39, -18, -5, -5, -12, -26, -9, 13, -2, -22, -4, -21, 4, -25, 4, -6, -31, -11, -19, -9, -9, -6, 0, 14, -28, -58, -17};
weights_linear_hh[31] = {12, -59, 12, 12, -7, 59, 14, 8, 74, 39, 1, 1, -11, -49, 19, 27, 26, -19, 12, 22, -46, -19, 53, 26, 31, -12, 60, -32, -46, -50, -40, 27, -5, -2, -16, -15, 15, 47, 27, -47, 55, 10, 5, 18, -56, -30, 64, -27, 51, 29, 70, 63, -39, -9, -20, 15, -10, 28, -77, -11, -20, 32, -33, -5, 5, -55, 20, 35, -27, 9, -27, 21, -56, -35, 15, -45, 4, -40, 16, -5, -2, -8, 6, 27, -13, -2, -3, -19, 15, -28, 11, 47, -14, -25, 0, 54, -3, 21, 9, 9, -21, 8, -46, 45, -1, -18, -6, 22, 9, -2, 7, 12, -18, 2, -56, 25, -14, 25, -3, 1, -32, -25, 23, 8, -16, 27, 5, 38, -34, -40, -19, -52, 51, 10, -32, -41, -7, -24, 13, 33, -25, -34, -35, -26, -13, 47, -24, 30, -3, 2, 4, -2, 19, 14, -44, -25, -9, -19, 18, -39, -27, -36, 30, 31, -40, 10, -12, -15, 19, -23, -9, -12, -21, 5, -16, -11, -37, -4, 2, -17, 30, -18, 15, 16, 4, 42, -3, 12, -4, -30, -1, -10, 10, -32, -40, -29, -14, 5, -4, -4, -23, -40, 20, 7, -22, 3, 5, -15, -15, -4, 9, 24, 28, -24, -16, -20};
weights_linear_hh[32] = {24, -46, 25, -17, -19, -23, -43, 14, -11, -22, -22, -15, -39, 35, -51, -23, -10, 14, -41, -1, 3, -1, -19, -10, -57, -4, -20, 32, 18, 16, 39, -71, 11, -9, -31, 57, 4, -40, -7, 62, -61, -31, 36, -53, 61, 30, -26, 26, -15, 43, 2, -56, 64, 27, 12, -26, 28, 46, 14, -1, 14, -12, -2, 56, 37, 6, -40, -32, -3, 34, 28, -27, -7, -8, -3, -12, -11, 18, -46, -60, 34, -11, -41, -28, 67, -17, 26, 40, -46, -21, 13, -31, 1, -14, 16, -29, -12, 46, -25, -18, 10, 7, 2, -24, -5, 4, -13, -5, 5, 21, 38, 40, -31, 41, 28, -37, -16, -44, 19, -37, 9, 62, 51, 17, 56, 25, -17, 6, 13, 33, -31, 19, -61, 0, 5, -16, -42, 44, -11, 4, 46, 30, 14, 19, -1, 15, 6, 1, 10, 24, -8, 6, 0, -31, 24, 0, 22, 17, -19, 36, -1, 20, -14, 25, -3, 11, -45, 3, 6, -12, 8, -13, 3, -16, 20, 9, -30, 12, 29, 44, -9, -3, 6, 37, 0, 15, 15, 34, 20, 17, 13, -1, -10, 47, -70, 22, -22, -38, 8, -32, 25, -37, -2, -9, -6, 17, 14, -5, 13, -12, -16, 26, -12, 13, 20, 1};
weights_linear_hh[33] = {-4, 33, -3, 24, 40, -54, -46, -47, -7, 3, -15, -50, -12, 37, -6, -28, -34, -24, -12, -4, 33, 3, -10, 13, -20, -39, -55, 50, -15, 34, -3, -42, 28, -40, -24, -66, 33, -42, 46, -19, 9, 30, -56, -60, -8, 10, -23, 35, -24, 29, -50, 7, 20, 2, -38, -8, -6, -34, 31, -8, 22, -32, 60, 5, -48, -28, -46, -13, -20, 24, -3, -8, 31, 33, -8, 19, -26, -38, 8, 9, 6, 42, 27, -36, 34, -31, 36, 70, 35, 50, -9, 32, 13, 2, 5, 25, -1, 33, -14, -84, 16, 48, -30, 35, -12, 70, 18, -12, -8, -67, 67, -10, 18, 3, 60, -45, 13, 27, -2, -5, 6, -9, 27, -5, 11, 18, -11, 0, 60, 13, 27, 56, -8, 16, -18, -54, 4, 6, 73, -9, 11, 17, 55, -12, 33, -24, -15, 36, 11, 46, 5, -2, 14, 13, 24, 6, 27, 23, 18, 19, -17, 3, -42, 14, 2, 7, -34, -35, 14, -12, 1, 30, 4, -5, 6, -20, 57, -8, 47, -14, 1, 3, -11, -12, 32, 2, -11, 1, -48, -16, 26, -14, -38, 9, 16, -6, 10, 28, 22, -12, 36, 14, 4, 2, 41, 21, 34, 10, -3, -19, 35, -42, 8, 24, 17, -19};
weights_linear_hh[34] = {40, -9, -7, 56, 49, 10, 67, -71, -25, -9, 32, 66, -52, 27, 10, -30, -4, -85, 33, -23, -79, 55, 13, -9, -7, -33, 32, 19, 2, -49, 16, 17, -7, -65, 20, -9, -2, 93, 49, -9, -8, -10, -21, -10, 11, 42, -4, 3, -12, 6, 23, 66, -16, 57, -48, -8, 9, -60, -11, -29, -12, 3, -29, 0, -63, -19, -14, -70, -46, -28, -58, -2, 68, 27, 9, -14, 48, 4, 42, 67, 1, 9, -4, -15, 16, -4, -67, 10, 32, 53, 32, 29, 20, 38, -4, 38, 6, -3, 32, -24, -5, -50, 18, 34, -32, -25, -51, -2, -22, -19, 6, 56, 22, -28, 10, 27, -48, -76, -15, 18, 8, -3, 3, 20, -16, 9, 3, -9, -20, -26, 31, 85, 66, 40, -27, -33, -19, -35, -1, 58, 41, 14, -2, 14, 22, 41, 10, -22, 17, -90, -13, 0, 40, -35, 31, 16, 17, 36, 9, 43, 25, 38, -23, 16, 44, 69, 25, 14, -44, -27, -21, 35, -6, -48, 16, 26, 13, 20, 23, 16, 38, -8, 49, 43, 5, 81, -1, -9, -18, -29, -32, -21, 15, -4, -29, -3, 3, 39, 24, 8, 39, 30, 34, -12, -24, -12, -4, -5, -4, 11, 14, -13, 83, 28, -5, 2};
weights_linear_hh[35] = {2, -7, 13, 10, -30, 0, -6, -19, -10, 39, -15, 7, 3, 21, -25, 13, 3, -3, 11, -4, -18, -1, -24, 26, -1, -22, 26, 14, 21, -4, 30, -35, -26, -6, 20, 10, 82, 3, 9, 10, 3, 37, 22, -19, 14, -15, -10, -10, 2, -17, 8, -16, -11, -11, -28, 12, 13, -17, 16, -11, -18, 6, -16, 14, 16, -4, -20, -38, 13, 8, 9, -36, 12, 11, -11, -2, -12, 9, -32, 12, -22, -36, -15, -41, 1, 9, -20, -2, 14, -11, 3, -16, -10, 14, 9, 3, 4, 6, 10, -29, -23, -9, 9, -4, -19, -3, 49, 2, 3, -8, 23, 26, 22, -62, -31, -1, -1, -1, -16, -30, -4, -32, -22, -6, 6, 31, 3, 4, -19, -11, -20, 15, -21, 36, -8, 20, -8, 20, -18, -5, 9, -34, -35, 1, 6, 25, -18, -21, -31, -25, -13, -6, 15, 1, -8, 4, -24, -21, -7, -7, -6, -19, 1, -10, 14, -18, -54, -15, -17, -29, 6, 12, -5, 0, -1, -5, 51, -17, -18, -2, 66, -10, -3, -8, -6, -6, -6, 26, -39, -17, 6, -9, 8, -10, -28, -9, 31, 12, -5, 12, 26, 12, -4, -17, 12, -19, 9, 3, 9, -69, -17, 12, -28, -7, 2, -124};
weights_linear_hh[36] = {56, 18, -24, -52, 11, -27, 16, 12, -28, 12, -15, 16, -2, 25, 1, 15, -2, 1, 43, -21, -14, 8, 20, -3, -15, 50, -8, -15, -3, -20, 82, 27, -32, 16, 12, 110, -76, 18, -24, 40, -21, -38, -29, -13, 0, 18, -7, -36, -8, 22, 9, 14, 11, 35, 18, 6, -50, 10, -1, 39, 31, 19, 6, -18, 32, -14, 7, 12, -33, 19, 10, 10, -36, 18, 2, 5, 27, -7, -5, -18, 50, 26, 12, 27, 14, 16, 4, 21, -49, 3, 9, 10, -38, -21, 40, -40, -24, -4, -8, 10, 24, 13, 43, -29, -23, -26, 3, 59, 43, 3, 11, -3, 24, 25, 49, -17, 8, -3, -36, 23, 19, 35, 20, -18, 1, -5, 22, 1, -20, -14, 31, 4, -4, -56, 14, 14, 51, 36, -61, 4, -20, 58, 31, 17, -32, 14, 31, -17, 11, -5, 41, -1, -7, 10, 8, 5, 20, 5, -17, -33, -5, 24, 28, -12, 43, -33, 35, 26, 0, 36, 35, -1, 11, 2, -41, -5, -39, 15, 51, -12, 1, 25, 0, 5, -16, -7, 17, 43, 48, -13, 3, 11, 22, -2, 28, 4, 19, 39, -3, 30, -27, -9, 23, -8, -14, -11, 4, 14, 17, 57, -23, -1, 7, 10, -5, 69};
weights_linear_hh[37] = {-16, 8, -32, -46, -16, -10, 2, -12, -32, 7, -7, 15, 17, -37, -20, -28, -17, 20, -4, -18, -19, -21, -8, 41, -16, 12, 7, -16, 2, 25, 17, -14, -21, -7, 96, -31, 30, -40, 6, 8, 36, 13, -2, -12, 17, 5, 5, 3, -10, 0, 9, -10, 12, -45, 19, 42, -21, -24, -14, 19, 39, -35, 16, -31, -9, 3, 1, 27, -50, -25, 17, 23, 15, 20, 35, 13, 50, 6, 14, -14, 30, 9, 15, -23, 4, 63, 4, 3, -18, -1, -55, 3, 6, -12, -7, 9, -31, -24, 4, -20, 36, -24, -17, -22, -12, -12, 41, -5, -12, 35, 2, 23, 43, -30, -9, -9, 4, 6, 23, -6, 34, 49, 30, -14, 20, -45, -65, -19, -25, 33, 27, 21, 18, -10, 7, 33, -20, 30, -17, 9, 21, 28, -8, -30, -6, 45, 6, -21, -2, 21, 17, 5, 32, 10, 4, 2, 9, 7, 20, 13, 2, -35, 0, -40, -38, -38, -29, -62, 14, 0, 49, 11, -16, -15, -5, 10, -24, 9, 17, -19, 15, -1, 11, 1, 2, 42, 15, 52, -20, 23, 2, 18, 1, -22, 20, 36, 61, -11, 6, 31, 35, 46, -10, 21, -5, -10, 7, 34, 13, -8, -27, 23, 42, -42, -38, -4};
weights_linear_hh[38] = {-10, 9, -18, -8, 16, 19, -1, -30, -21, 35, -41, 16, 17, -25, 28, 4, 3, -18, 17, -16, -7, 36, 44, 8, 0, 6, -1, -17, 17, 10, 49, 67, -56, 58, 50, -19, -18, 38, 8, -9, 21, 17, -7, 24, 9, -3, -3, -38, 0, -15, 101, 13, 18, -18, 41, 10, -25, -2, -19, 17, 4, 22, 9, -37, 8, -30, -19, 29, -19, -20, -33, 33, -31, -18, -10, 3, 15, -17, -3, 6, -9, -3, 28, 4, -10, 37, -15, 4, -46, -1, -35, 6, -14, 2, -30, 5, -13, -62, -9, 14, 21, -26, 20, -13, 5, -68, 34, -25, 26, 22, 0, -11, -9, -14, -35, 20, 19, 4, 25, 16, 12, 28, 93, 16, 18, -30, 22, -8, -37, -3, 11, 5, 16, -52, 8, -20, 15, 20, 0, -10, 1, 33, -33, 12, 2, 12, 9, -24, 15, -5, -20, 11, -25, 0, 20, -4, 30, -3, 83, -37, 2, 23, 16, 32, -1, -19, -26, 35, 16, 20, -8, 12, 17, -1, 7, -6, -51, 25, -9, -19, 2, 12, -2, 9, 28, 13, -28, 30, 5, 9, -8, -15, 7, 5, -25, 17, 6, 13, -11, -4, -34, 12, 4, 3, -26, -33, 5, -9, 18, 8, -3, 0, -2, -4, -17, 21};
weights_linear_hh[39] = {4, 15, -3, 15, -26, -25, -45, -16, -19, 1, 35, -5, 1, -26, -30, 15, -10, -18, 18, 8, 16, 4, 25, 0, -29, 28, -18, 30, -16, -18, -46, 18, 102, -15, 6, -25, -2, -11, 8, -2, -10, -12, -9, -2, -4, 1, -32, 0, -9, -5, -3, -8, 19, -15, 28, -3, 11, -33, 18, -1, 21, 37, -4, -24, -6, -25, 1, 23, -51, -19, -14, -12, 54, -22, -40, -8, 44, -16, 4, -25, -18, 11, -28, 1, 0, 14, 30, 37, 2, 36, -7, 20, -7, 7, 30, 49, 15, -3, 13, -9, 9, -18, -33, -15, 30, 5, -51, -5, -21, 26, -8, 17, 12, 11, 17, 10, 22, 3, 16, -36, -15, 32, -33, -21, -41, -28, -1, -48, 16, 9, -11, 59, 23, -19, 0, -21, 27, 15, 1, -12, 40, 21, 7, 12, -8, 30, 14, -7, 10, 34, 53, 11, 87, 3, 17, -9, -6, 45, -7, 7, 20, 25, 1, 19, -20, 0, 18, -15, -6, 8, 38, -28, -4, 6, 7, 41, -69, -7, -18, -4, -44, -22, -2, -28, -5, 22, 29, 23, -7, -8, -9, -20, 9, -1, 28, -13, -38, -9, -11, 9, 3, -2, -3, 11, -11, 2, -1, 20, 19, 14, -54, -40, -4, 22, -4, 39};
weights_linear_hh[40] = {-16, -33, -24, -11, 34, -14, 10, -59, 13, 8, 10, 0, 12, 5, 2, -17, 11, -8, 12, 18, -27, 23, 81, 18, -55, 4, 5, -6, 10, 11, -3, 79, 49, -38, -2, -45, 16, 24, 29, 17, -46, -31, -21, 31, -1, 19, -4, -37, 4, 24, 5, 34, 26, 6, -49, -8, -68, -56, 23, 6, -7, 17, 37, -65, -11, -38, -17, 21, -57, 18, -58, -2, -26, -13, 13, 0, 17, 8, 14, 26, 9, 30, 45, 62, -52, 26, -24, -32, 14, 20, -23, 25, -22, 14, 5, 21, 23, 13, 9, -6, -16, -53, -16, 56, 30, 39, 2, 19, -6, 13, 29, -24, 30, -1, 36, -14, -8, 38, 21, -13, -40, 34, -6, -8, -9, 11, -27, 27, 5, 10, 31, -32, 51, -13, -11, -8, 6, -10, 35, 23, -20, 23, -1, -7, -11, 70, -12, -7, 12, -4, 0, 7, 12, -12, 16, -20, 10, -1, 21, -1, 6, 21, 4, -6, -36, 18, 14, 5, 8, 37, -22, -3, 0, -20, -36, -18, -16, -18, -28, -10, 8, -21, 20, -28, 16, 14, 39, -25, -5, 2, 18, -28, 10, -7, 15, -35, -45, 44, 43, -2, 10, 24, 68, 15, 13, -11, 23, 17, -4, 7, 7, -17, 14, -15, 2, 3};
weights_linear_hh[41] = {5, 2, -45, -53, 28, -13, -18, 2, -36, -16, -32, 11, -10, 6, -17, 18, -2, -13, 3, -22, -13, 4, -11, -16, -35, 10, -4, -16, 20, 19, 77, -3, -19, 7, -17, 19, -15, -23, 35, 30, -6, 25, -23, 11, 7, 38, -5, 18, 2, 11, -22, -9, -1, 13, -27, 4, -18, -1, 26, 29, 37, -4, 32, 0, 8, -30, -12, 27, 4, 8, -32, 3, -9, 35, 47, 39, 47, -14, 7, 9, 34, 19, 30, -17, -16, 10, 12, 29, -33, 23, 38, -32, -18, 28, 27, -22, 23, 17, 9, -6, 17, 31, 55, -20, 14, 52, -8, 55, 0, 26, -1, -10, 28, -3, 44, -6, 21, 2, 23, 11, 21, 38, 19, -27, 44, 5, -31, 6, 27, 48, -6, 15, -12, -42, 10, 28, 7, 12, 18, -30, 7, 32, 29, 2, -15, -4, 10, -18, 9, 4, 38, 4, -32, 5, 5, 16, 33, 21, 34, 2, 19, 20, 14, -15, 24, 3, -18, -9, 20, -4, 43, 13, 22, 9, -8, 4, 21, 18, 48, 13, -31, 10, 5, -3, 2, -18, 21, 6, -4, 13, 13, 6, 31, -6, 22, 22, 40, 11, -3, 32, 10, 32, 14, -3, -16, -4, 3, 17, 9, 5, 18, -22, 2, -31, 10, 45};
weights_linear_hh[42] = {2, 17, 5, -48, -47, 23, -32, -6, 2, -39, -48, -57, -2, -21, -44, -17, -16, -49, -12, 23, 55, -8, -52, 21, 20, -31, -15, -2, 17, 102, -21, -37, -11, -9, 68, -12, -1, -26, -12, 33, 18, 24, 22, 16, 54, 16, 26, -4, -19, -8, -31, -26, 26, -75, 38, 5, 23, 83, -24, 12, 39, -23, -8, 4, -12, 0, -18, -19, 40, 39, 47, -1, 20, -19, 11, 33, -14, -19, -23, -27, 28, -45, 8, -48, -18, 17, 37, 7, 11, 20, -55, -39, 21, -23, -17, 8, 19, -2, 9, -35, -3, 31, -49, 0, 19, 6, 87, -14, 1, 18, -7, -22, -7, 2, 9, -20, -15, 38, 6, -3, 41, 22, 10, 3, -2, -39, -10, 34, -17, 6, 28, -13, -10, 7, 30, 12, -16, 51, 5, 33, -18, 25, -19, -23, 33, -51, -56, 3, -9, 16, 24, -36, -4, -4, 4, 30, 8, -28, 5, -7, -58, -13, 2, -56, -6, -1, -37, -19, -11, -20, 17, -18, 46, -1, -8, -4, -38, 14, 20, -25, -21, 8, -3, 10, 24, -42, 15, 1, 21, 32, 46, 19, -20, -14, 25, 62, 55, -28, -29, -3, -3, -30, -48, -10, 36, -27, 7, 34, 38, -44, -36, 26, -40, -26, 24, 4};
weights_linear_hh[43] = {-95, -7, 30, 38, -39, 4, -32, -42, -19, -5, 7, 20, 37, 5, -65, 16, -31, -19, -61, 68, 1, 42, -18, -26, -26, -23, 4, 46, 85, 56, -26, 51, 26, 0, 45, -124, 79, -22, 2, -21, 17, 62, 100, 26, 52, -42, 15, 16, 17, 35, -4, 0, 30, -36, 4, 13, 23, 14, -79, -17, -1, -56, -37, -15, 9, 24, 1, -6, -19, 25, -5, 3, 18, -42, -23, 4, -27, 54, 12, -6, -11, -41, -11, -25, -72, -20, 19, -42, 11, -4, -19, -79, 14, 15, -40, -2, 33, 4, 19, 9, 24, 5, -51, 18, 44, 11, 51, -67, -9, 37, 6, -19, -39, -45, -32, 8, 1, 1, 9, -5, -50, 26, -9, -13, 28, -42, 4, -32, 31, 40, 27, 14, -13, 99, 4, 0, -53, 24, 15, 11, 61, -42, -9, -10, 24, -15, -30, -17, -18, -34, 9, 16, -28, -25, 10, 22, 5, 9, 3, 58, 0, 3, -10, -27, -29, 38, -40, 10, 1, -53, 6, 15, 75, 5, 28, 6, 37, -38, -114, 50, -35, 5, 4, -3, -12, -51, 23, 15, 14, -8, -2, 23, -65, 14, 18, -22, 13, -54, -37, -27, 40, 1, -50, 5, 39, -30, 7, -22, 25, -41, 43, 34, 24, -14, 32, -89};
weights_linear_hh[44] = {-4, -21, 29, 10, -29, 1, 3, 30, 3, -15, -9, -21, 11, 19, 2, 6, 31, -24, -29, 47, 7, 4, -40, -131, 18, -11, -5, 110, 10, 34, -2, -36, 49, -11, -4, 11, -13, -20, -15, -22, 25, 22, 23, -1, -3, 12, 21, 32, 21, 18, -9, 2, -14, -32, 40, -37, -38, 36, 14, -22, -13, -46, -6, 7, -17, 35, -4, 43, 3, 5, 27, -8, 25, -21, -15, -18, -47, 5, -3, -43, 14, 34, -4, -9, 10, 7, 37, -60, -11, -19, 1, -33, 30, 2, 10, -16, 36, -11, -14, 8, -6, 23, -26, -14, 27, -35, -28, 9, -20, -43, 9, -38, -4, 36, 0, -8, -25, 22, -31, -1, -10, -55, -35, -26, -27, -40, 40, -35, 58, -12, -13, -11, -50, 39, -24, 22, 36, -15, -15, 33, 12, -35, -32, 13, 25, -5, -10, 18, 11, 32, -5, 8, 12, 10, -17, -2, 12, -21, -21, 17, 26, 6, -7, -8, 16, 35, 46, 52, 27, 22, 12, -19, -13, 17, 18, 29, 30, -1, -29, 9, -57, -7, 28, -20, 19, -75, 25, 0, 9, 34, 24, 14, -8, 24, 15, 16, -30, -59, -55, 21, -55, 47, -40, 3, 21, 15, 30, -35, -24, -6, -19, 59, -29, -6, 32, -7};
weights_linear_hh[45] = {17, 16, -18, 12, 44, -21, 14, 0, 19, 17, -32, -16, -29, -9, -15, -98, -26, -27, 32, -12, -88, 22, 19, 22, 4, 13, 85, -18, 14, 0, 24, 29, 28, -18, 20, 4, 6, -12, 33, 1, -34, 23, 23, 36, -3, 19, -5, -25, -20, 43, 15, 93, 22, -24, 12, 0, -18, 13, -24, 18, -31, 0, 14, -36, -48, -30, -33, 26, 9, -32, -11, -7, -3, -24, 13, 7, -8, -20, -33, -6, 23, 18, -20, 4, -1, 0, -33, 18, 24, -13, -23, 4, -22, 7, 7, -12, -7, -1, -3, 8, -8, 1, 12, 12, 9, 10, -1, -1, 11, -2, 1, 12, -28, 23, 6, 11, 20, -5, 35, -48, -5, -32, 12, 6, 7, -5, 5, -14, -20, 37, 13, -36, 1, -22, -1, 17, -15, 38, -20, 21, -65, 14, -30, -10, -19, 13, -19, -44, -18, -26, 21, -40, 11, 2, -37, -19, 6, -7, -2, 2, -34, 31, 65, 21, 36, -43, -3, 5, -54, -5, 76, -52, -14, -44, -20, 0, -18, 7, 14, -27, -29, -9, -6, -29, -1, 10, 18, 12, 8, -27, -34, 32, 2, -16, 14, 73, -24, -4, -7, 7, 8, 32, 31, -1, -13, -20, 65, 1, -20, -16, -23, -1, 13, 14, -21, -10};
weights_linear_hh[46] = {-16, -4, -20, -18, 26, -22, -15, -14, 12, -11, 21, 34, -16, -17, -16, 7, 2, 15, -5, -15, 16, -6, 57, 6, 0, 79, 24, -14, 3, -13, 20, 49, 27, 24, 28, 12, -42, 21, -21, 36, 15, -42, 23, 32, 17, 15, -18, 9, -3, -18, 30, -6, -11, 53, 5, 4, -51, -23, -3, -11, 33, -1, 14, -11, 9, -33, 12, 7, 4, -10, -2, -24, -12, 9, -27, 24, 31, 24, 40, 6, 11, 39, -1, 15, 12, 42, -25, 13, -13, -4, -17, -24, -15, 4, 14, -10, -5, 6, 8, 12, 23, -20, -1, 6, 33, 28, 1, 18, 15, 16, -38, -2, 16, -4, -16, 19, 4, 37, 10, 12, -26, -3, 19, 8, 1, -21, 31, 4, 0, 8, 28, 32, 23, -42, 22, -11, 38, -5, -27, 13, 21, 57, 23, 17, -48, 45, 2, 0, 17, 13, 25, 2, -41, 21, -1, -11, 28, -7, -42, -14, 12, -2, 19, 3, -11, -35, -5, 17, 14, 40, 14, -4, 25, -8, -40, 4, -25, -16, 8, 4, -17, -39, 17, 14, -36, 12, 7, 11, 13, -16, -26, 14, 4, -21, -3, -4, 19, -19, 3, -33, -4, 41, 14, 16, -5, 12, 5, -19, 15, 25, -1, 16, 30, 9, -17, 30};
weights_linear_hh[47] = {9, -51, 7, -4, -4, -3, 50, 7, 37, 64, -15, 25, 3, -12, 6, 71, -6, -33, -12, -1, -14, -9, 0, 20, 82, 2, -7, -40, -27, 3, 19, -1, -26, 13, -20, 27, -7, 15, -25, -39, 34, 54, 0, 21, -18, -35, 6, 5, 43, -9, -24, 49, 0, -1, 4, -4, 19, -7, -12, -1, 26, 46, -52, -26, -22, 19, 22, 64, -8, -30, -10, 8, 36, 11, 4, -33, -32, -15, -27, 34, 3, -59, -13, -14, -8, -2, -29, -24, 11, -34, 33, 7, -31, 4, -49, 8, -60, 33, 20, 27, -57, -10, 50, 9, -27, 14, 32, 37, 30, 3, -16, -24, -30, 24, -40, 23, -2, -68, 27, 17, 3, -41, 31, -12, 0, -20, 33, 6, -70, -61, 3, -69, 37, -1, -10, -2, 13, -22, -43, -25, -22, 33, -5, -18, -10, 60, -26, 13, -3, -45, -46, -43, 10, 13, -24, 5, 17, 1, -16, -11, 17, -8, 7, 22, 25, 7, -37, 4, -48, -2, -31, -4, -5, 12, -7, 13, -10, -25, 14, 25, 96, 33, -12, 47, 10, 46, -2, 18, -21, 3, -12, -20, -8, -2, 1, -17, 29, 29, 2, -10, 15, 8, 19, -9, 1, -25, -20, -4, -12, -20, 17, 43, -8, -21, -25, 4};
weights_linear_hh[48] = {-15, 15, -8, 9, 9, 28, -21, -29, 4, 19, 16, -3, 10, 11, -33, -12, -44, 5, 4, 4, -18, -11, -33, 55, 23, 26, -2, 3, 17, -8, 0, -30, 9, 3, -12, 6, -22, -39, 9, 24, 9, -11, -4, 20, -17, 36, 7, -16, 1, -41, -17, 12, 25, 19, 39, -34, 24, -11, 37, 0, 12, 6, -23, 63, 6, 19, -43, -28, -25, 24, 35, 26, 9, 37, 8, -50, -14, -33, -29, 6, -8, 14, -17, 8, 22, 9, 59, 74, 1, 34, 15, 33, 22, 24, 2, 8, 4, 31, -39, 10, 2, 16, -37, 15, -50, 16, -3, 3, -26, 2, 63, 15, -4, -25, 7, -15, -4, -47, 15, -14, -42, 15, 30, -6, 52, 52, 39, 18, -30, 39, -28, 63, -12, 33, -8, -47, -2, -3, 32, -9, -1, 72, 17, -4, -9, 21, 28, 30, 12, -6, 15, -25, 60, 17, 5, 40, 23, 32, 7, -6, -3, 8, -4, 30, 54, -11, 1, 21, 9, -20, 29, -43, 5, 2, 36, 4, -20, 10, 38, 9, 47, 53, -20, -3, 50, 45, -44, 54, -8, 5, 46, 23, -11, 3, -5, 57, 20, 4, 34, -18, 15, -3, -5, -4, 2, 28, -32, -2, 18, -6, 11, -24, -4, 30, -23, 51};
weights_linear_hh[49] = {-1, -5, -75, -1, -18, -46, -24, -16, 0, -2, -7, 10, 21, -3, 22, -2, 14, 22, -4, 16, -2, 13, 90, -4, -50, 66, -12, -12, -7, 7, -15, 1, 58, -16, 5, -12, 16, -29, 23, -21, 13, -34, -18, 9, 17, 35, -8, 8, -34, 1, 27, 13, -13, 29, -4, 22, -60, -30, -13, 4, -8, -29, 1, -26, 15, 23, -5, 35, -13, 8, -25, -2, -27, 31, 25, 58, -3, 23, 6, -11, 24, -1, 12, 29, -22, -6, -6, -12, 10, 6, -3, -11, 15, 0, 88, 41, 12, 23, 24, 18, -5, 0, -39, 25, 22, 17, -26, 2, -1, 3, 25, 14, 1, 8, 2, -13, 32, 9, 1, 18, 2, 3, 2, 17, -12, 12, -32, 31, 40, 30, 33, -17, -4, 30, 16, -8, 8, -6, -3, 18, 27, 40, 28, 31, -32, 67, -18, 7, 14, 6, -11, -5, -5, 13, 2, -15, 0, 13, -1, -32, 6, -1, 3, -5, -3, -4, -24, -24, 11, 8, 21, -12, -3, 14, -22, -10, -17, 1, 36, -6, -4, -22, -11, -9, -22, -7, 27, 9, -8, 6, -18, -9, 1, -5, -17, 10, -23, 22, 26, 36, 9, 12, 6, 19, -5, -5, 16, 44, 11, 20, -19, -7, 9, 7, -22, 1};
weights_linear_hh[50] = {-2, 46, 4, 39, 14, -58, -31, 16, -22, -5, -22, 6, -70, -12, 2, -73, -68, -46, -5, 0, 44, 53, 10, -14, -37, -43, -3, 56, 18, 62, -39, -39, 29, -52, -20, -56, 23, -25, 47, 33, -41, 16, -9, -38, -2, 15, -25, 5, -49, 33, -5, -42, 66, 0, -2, -10, 17, -30, 12, -24, -38, -35, 28, -17, -29, -24, -58, -17, 4, 2, -7, -62, 36, 38, -9, 11, 43, -17, 5, -23, 21, -9, -30, -47, 18, -23, 1, 27, 62, 15, -37, 28, 42, 100, 43, 3, 7, -14, 1, -24, 30, 17, -55, 63, -21, 12, -10, -47, -24, -15, 25, -64, 32, -34, 15, -45, 14, 21, 31, -3, 25, -39, 14, 36, 19, -8, -9, 32, 37, 22, 49, 66, 13, 2, -10, -22, 9, 16, 44, 79, 64, -5, -7, 0, 62, 16, -38, 14, 4, -8, 11, -9, 34, -24, 10, -2, 45, -4, 4, 54, 6, 32, -30, 15, -6, 65, 22, 35, -26, -76, -21, -1, -15, -24, 43, 11, 5, 30, 8, -7, 6, -9, 0, 15, 29, 20, -19, -25, 8, -25, -7, -23, -31, 20, -12, 8, 32, 25, 23, 15, 12, -14, 17, 0, -2, -14, 13, -16, -5, 19, 23, -2, -5, 1, 14, 12};
weights_linear_hh[51] = {-77, 26, -41, -35, 23, 5, -45, -34, -20, -50, 54, -9, 19, 96, 39, 22, 47, 26, -42, 22, 70, -15, -1, -32, -53, 23, -2, 19, -22, -38, 20, 2, -34, 5, -34, -1, -7, 41, 0, 10, -14, 9, 61, 10, -6, -44, 43, 15, -7, -19, 18, -38, -26, -12, 39, -53, -14, -18, 1, -14, -50, -27, 2, 36, 35, 30, 33, -6, 43, 23, -2, 7, 20, 25, 22, 69, -55, 1, 15, 25, 12, 76, 12, 26, 29, -42, -6, -10, -32, 57, -19, -17, -59, -25, -17, -24, 46, 15, 18, 32, 11, 24, 35, 12, -43, -12, -58, -8, -32, -12, 27, 25, 27, 19, -15, 14, -5, -5, -7, -33, -10, -7, 54, 46, 5, -1, 6, -9, 64, 20, 22, 46, 26, 32, 50, 2, 0, -14, 28, -50, 44, 6, 44, -5, -12, -13, 45, 18, 13, 22, -24, 39, -57, 9, 20, 22, -4, 14, 2, -7, -2, -5, -42, -1, -15, -5, 38, -16, 24, 28, -80, 11, -15, 2, -10, -30, 45, 1, -45, 35, -57, 3, -17, -28, -12, -16, -19, 34, 44, -10, 35, 3, -15, -15, -8, -21, -15, 6, -12, 11, 1, 32, -3, 0, 17, -36, -21, -55, -8, 66, 20, -10, -42, 8, 28, 62};
weights_linear_hh[52] = {4, -70, 53, 28, -6, -14, -2, 22, 1, 4, 6, -17, 46, -11, -31, 28, 11, 13, -35, 68, -21, 7, -17, -40, -4, -38, 11, 27, -20, 17, -9, 23, 17, 0, -25, -16, 16, -3, 17, -2, 10, 8, -36, 32, 15, -7, -22, 20, 10, -18, -45, -24, 33, -24, -25, 5, 19, 0, -21, -30, -18, -17, 12, 12, -18, 36, -28, -15, 20, 10, -58, -3, -1, -36, -12, -12, -1, 6, -15, -38, -1, -5, -7, 18, 1, -30, -12, -27, 33, -13, 8, 28, -19, 21, -30, 28, 37, -5, -14, 38, 21, -9, -28, 33, 2, 9, -7, -11, 25, 2, -1, -23, -15, 15, -11, 9, -5, 24, 0, -6, -14, -26, -5, -27, -7, -12, 15, -31, 4, -42, -2, 33, 20, 7, 1, 12, -35, -27, 71, 0, -8, -33, -46, 33, 16, 6, -12, -25, -1, -1, 1, 6, 9, -11, -9, -1, 1, 7, 13, 8, 8, 24, 38, 49, 10, 10, 17, -7, -26, 13, -33, 7, 22, -14, 29, 0, 15, -23, -36, 11, -52, 5, 17, -4, 7, -10, 16, -41, 2, 2, -11, 24, -23, 13, 10, 7, -108, -9, 11, -27, 53, -9, -37, -3, 6, 27, 5, -14, -2, -2, -13, 8, -8, 6, 24, -43};
weights_linear_hh[53] = {31, 5, 19, 36, 44, -4, 18, 12, -19, -13, -31, 41, -40, -13, -5, -23, -44, -16, 82, -45, -16, 66, 4, 8, -19, -16, 17, 11, 10, -18, 21, -38, 44, -13, 29, 20, -6, 24, 9, 14, -39, 4, -3, 8, 3, 1, -40, -44, -21, 35, 20, 22, -7, 28, -24, -13, -26, 9, 14, 22, -18, -7, 15, -49, 34, -49, -29, -2, 22, -2, -18, -26, -35, -40, -21, 2, 10, -13, -43, -37, -13, -2, -34, -40, 41, 14, 10, 28, 8, 12, 19, 66, -23, 11, 34, -30, -17, -36, -39, 15, -26, 17, -9, -38, 23, -29, 1, -23, 15, 16, 0, -16, 19, -4, 49, -31, -4, -14, 33, -33, 44, 17, 36, -3, 28, -8, -3, -4, 19, 27, 14, -21, 7, -39, -4, 18, 15, 20, 28, -14, -16, 7, -13, 8, -28, -5, -47, -34, -5, -11, 58, -9, 24, 4, -35, -3, 23, -8, -18, 10, -36, 21, 42, 11, 28, -12, 4, 64, 5, -64, 97, -31, -10, -26, 22, 17, -16, 18, 15, 0, -15, -31, -29, -20, 31, 22, 5, 2, 20, -12, -15, 4, 31, 6, 8, 52, 33, 33, 3, 14, -1, 13, 34, -3, -51, -27, 76, -36, 5, 14, -10, -20, -4, -26, -22, 22};
weights_linear_hh[54] = {18, -120, 80, 8, -90, -47, -17, 65, -35, -11, 66, -3, 42, -38, -23, 30, -50, 98, -34, 96, 0, 20, 10, -33, -29, 27, -34, 64, 52, -10, -93, 4, 47, -52, 1, -34, 17, -5, -23, 0, 8, -30, -6, 40, 48, 13, -32, 10, -11, 30, 43, -18, 14, -26, 9, -2, -33, -39, -49, -36, -3, -91, 8, -28, 10, 19, -12, 19, 14, 33, -50, 4, -70, -48, -50, -27, -12, -8, 34, -56, -22, -15, -65, 39, -21, -5, 30, 0, 64, -60, -20, -20, 28, -31, 13, 32, -47, 46, 16, 30, 26, 5, -27, 1, 72, -39, 9, -17, -4, 29, -32, 27, -28, -26, -30, 1, 66, 6, 6, 35, -10, -5, -24, 7, 25, -42, 10, -49, -4, -5, 29, -25, -3, -4, -6, 65, 4, 13, 33, 36, 1, -15, -21, 77, 27, 16, -32, 43, -7, 8, 16, 25, 6, -3, 6, 26, 8, -21, -17, 13, -6, 8, -1, 16, 36, 4, 35, 9, 43, -1, -67, 1, -7, -18, 37, 23, -28, -9, -67, 46, -42, -5, 9, 0, -28, -47, 16, -26, 53, 9, 13, -7, -58, 37, -42, -18, -27, -26, -28, 15, 11, 3, -49, 8, -11, 43, 21, -49, -46, 16, 0, 41, -44, -24, 22, -36};
weights_linear_hh[55] = {24, -44, 13, -19, 25, 47, 62, -21, 25, 20, 19, 33, 35, 4, 13, 49, 24, -13, 24, -4, -25, -12, 9, -12, 29, 5, 23, -36, -9, -32, 30, 31, -22, 36, -44, 13, -25, 43, -21, -24, 47, -44, 11, 56, -31, -29, -5, -60, 44, -16, 15, 19, -11, 23, -18, -39, -27, 6, -44, 7, 25, 29, -45, 24, 24, 3, 58, 44, -8, -20, -31, 28, -23, 5, -8, -38, -9, 8, 26, 21, -5, 0, 37, 48, 5, 6, -29, -64, -47, -35, 26, -15, -4, -16, -29, -9, -10, 12, 28, 11, -19, -15, 17, -2, -33, 3, -21, 20, 41, -27, -34, 23, -48, 30, -41, 30, -21, -21, -20, 64, -27, -24, -6, -11, -19, 8, 61, -1, 19, -78, -30, -69, 33, 13, -27, 38, 30, -65, -33, -16, -23, -26, -5, -27, -48, 6, 5, 7, 7, 7, -48, 11, -3, 1, -12, -17, -15, -1, -5, -52, 25, 2, 17, 7, 11, -20, -1, 9, 24, 39, -14, -10, -2, 0, -14, -16, -22, -19, 30, -11, -22, -21, 18, 0, -38, 15, -12, 23, -1, -30, 9, 14, 17, -35, 9, -16, -43, 36, -25, 18, -1, -16, -23, -1, 29, -2, -36, -18, 17, 30, 19, -4, 32, -1, -21, 6};
weights_linear_hh[56] = {35, 24, 18, 10, -7, 8, 51, 22, 41, -8, -45, 36, -5, -33, 47, 73, 11, -10, 44, -8, 0, 57, 36, -40, -10, 11, 40, -2, -18, -10, -55, 15, 45, -7, -35, -20, -1, 18, -8, -16, 45, 48, 38, 42, -50, -48, 19, -53, 32, 8, -30, 38, -40, -63, 11, -4, -24, -12, -46, -15, -54, -1, -28, -32, -13, -20, 14, 38, -22, -10, -76, -5, -41, 25, -43, 35, -28, 17, 21, -17, 21, -10, 4, 51, 8, -42, -51, -38, 20, 5, 7, 21, -30, 38, -24, 37, 41, 10, 19, 30, -18, -34, 9, 99, -14, 3, -41, -9, 5, -2, 19, -59, 20, 9, -40, 18, -12, -1, -8, 6, -29, -56, 14, -33, -12, -14, 19, 17, 45, -62, -32, -62, 54, 23, -22, -2, 5, -16, -8, 13, 7, -56, -12, 4, -48, -34, -68, 30, 5, -5, 1, -39, 7, 23, -18, -14, -7, 16, 2, -16, 22, -20, 11, 11, -27, 18, 33, 11, 17, 25, 5, -28, 1, 6, 7, -6, -46, -10, -61, 11, -37, -33, 34, -3, -10, 2, -2, -1, -2, -35, 3, 1, 10, -8, 39, -51, -39, 28, 3, 0, -35, -27, 23, 10, 12, -52, -10, -51, 12, 64, 50, -3, 7, -17, -21, 15};
weights_linear_hh[57] = {-27, 10, -24, 27, 71, 3, 22, -5, -15, -6, 44, 47, -61, 6, 87, -1, 51, -16, 35, -64, -1, -32, 51, 24, -20, 15, 13, -22, -87, -59, 4, -20, -22, 37, -15, 15, -27, 39, 3, -22, -22, 20, -23, -30, -61, 41, 25, -8, -9, -28, -17, 25, -31, 8, 5, 31, 6, -37, 7, 18, -48, 32, 19, -37, -3, -22, 11, 4, -15, -37, 12, 2, 15, 20, 44, 27, 8, -27, 14, 57, -17, 62, 16, 13, -9, 6, -37, -59, -33, -9, 26, 74, -14, -5, 26, 36, -27, -13, 0, 32, -3, -10, 30, 17, -21, -61, -29, -8, -13, -22, -16, 2, 61, -19, -10, -18, 10, -34, -22, 8, 43, -25, 3, 62, -24, 21, -10, 36, -31, -16, 0, -13, 24, 26, -24, -39, 16, -27, 34, 10, -23, -25, -2, 16, -12, 3, 29, 1, 9, 38, -24, -8, 22, 33, -15, -23, 10, 13, 41, -28, -28, 1, -18, 56, 35, -2, 51, 23, 37, 4, -8, 18, -60, 19, -25, -19, 25, 20, 10, -17, 8, -24, -3, -37, 1, 23, -61, -20, -5, 3, -32, -32, 7, -9, 26, -34, -37, 41, 51, 4, -25, 1, 59, -2, -15, 30, 13, 0, -37, 68, 15, -35, 3, 23, -16, 30};
weights_linear_hh[58] = {25, 16, -16, -36, 10, 15, 19, 24, 15, -62, -21, 19, -2, 111, 36, 2, -21, 40, 54, 10, 16, 51, 11, -37, -34, -10, 7, 16, -14, -18, 14, -13, 25, 32, -44, 1, -36, -9, -17, 7, -38, 5, 10, 17, -7, -37, 3, -39, -19, -3, -43, 20, -1, 10, 5, 26, -3, -4, -17, -16, -52, -18, -12, 42, -3, -6, 1, 5, 67, 16, -15, -37, -8, -11, -17, -16, -24, 9, 6, 24, 10, -25, -11, 18, -10, -42, -26, -24, -16, -5, 18, -21, -5, -1, 37, -50, 45, 11, -29, -21, -15, 38, 50, 32, 20, 20, 0, -18, 30, -28, -46, -37, -6, 15, -16, 1, -39, -14, 15, 27, 2, -57, -16, -14, -12, -5, 2, 30, 50, -9, -33, -8, -38, -34, -12, -8, -6, -6, 18, -2, -44, -66, -3, 15, -11, -99, 23, 18, 1, 3, 14, 24, -39, -26, 9, -9, -29, -60, -7, 4, 7, 23, 11, 9, 43, 19, 1, 33, -21, 5, -1, -24, -1, -19, 9, 11, 44, 11, -8, 24, -91, -45, -4, 34, -28, -32, -62, -19, 23, -12, -8, 21, 40, 14, -14, 8, -46, -10, 41, -19, -55, 38, -23, -1, 5, -1, -11, -36, -33, -9, 23, -10, -32, -34, 23, 27};
weights_linear_hh[59] = {-38, -53, -31, 33, 22, 17, -25, -15, 13, -11, 9, -47, 88, 11, 16, 44, 15, 9, 5, 39, 22, 0, 37, 14, -32, 2, 10, -21, 4, -33, 25, 35, 95, -42, -45, -34, 30, -2, 24, 18, 17, -52, -4, 60, 11, -1, -2, -54, 29, 30, -13, -28, -29, 44, -74, 7, -15, -39, -37, -18, 5, 33, -12, 19, 6, 34, -3, -16, 3, 8, -101, -7, -12, -82, -9, 12, 32, -32, -26, -3, -17, 19, 12, 22, -17, -27, -19, -32, 8, 40, 4, 0, -38, 6, 45, 71, 39, 7, -18, 1, 25, -21, 0, 27, 87, 46, -35, 22, 15, -15, 7, -3, -22, 33, -22, 29, -5, 23, -19, -6, -34, -9, -56, -12, -33, 9, -26, -35, 42, -27, -4, -16, 50, 23, 3, -30, -9, -33, -9, -51, -10, -41, -40, -9, 25, -8, 43, 29, -14, 27, 24, 13, -9, 9, 47, 3, -36, -21, 4, 18, 26, -5, 37, 38, -12, 42, -13, -14, 8, 22, -10, 37, -13, 0, -13, 4, 40, -17, -11, 12, -19, -19, 5, -18, -13, -18, 29, -11, -28, -10, -15, -29, -21, 14, 14, -31, -26, -28, -12, 27, -14, 20, 20, 7, 3, 16, -5, 4, -1, -34, 4, -20, -23, 6, 47, -37};
weights_linear_hh[60] = {39, 1, 8, 38, -8, 21, 17, 41, 0, 17, 17, 124, -76, -17, -31, -23, -31, 22, 28, -33, -23, 67, -24, -5, -18, -24, 27, 25, 4, 26, -33, -57, 5, -27, 17, -8, -5, 5, 13, -3, -13, 4, 17, 4, -8, 5, -28, -26, -29, 12, 41, 10, -3, -13, 20, -43, 10, 32, 26, -17, -37, 33, -48, 3, 19, -10, -10, -25, -53, 4, 11, -28, 21, 0, 11, -44, 32, 3, 6, -11, -17, -21, -60, -24, 36, -6, 0, 0, -6, -49, 38, 37, 22, 35, 4, -29, -3, -19, -2, -41, -19, 8, -19, -11, -1, -27, -24, -78, 13, 35, 4, -2, -23, -33, -37, 8, 35, -29, -21, 7, 43, 1, 57, 13, 38, 20, -15, -1, -3, 24, -2, -7, 13, -10, 4, 7, -25, -45, -19, 36, 45, 42, 49, -5, -4, -11, -12, -50, 5, -29, 21, -40, 29, 14, -20, 23, 52, -14, -20, 43, -18, -18, 40, 1, 52, 14, 10, 25, -27, -69, 49, -38, 17, -11, -21, 22, -41, 34, -3, 14, -27, 19, -15, 56, -17, 40, -39, 13, 18, -4, -15, 48, 31, -9, -19, 41, 32, 15, -20, -35, 4, -48, 26, 0, -25, 7, -34, -29, -6, 18, 22, -27, 48, -28, -30, 47};
weights_linear_hh[61] = {-44, -13, 45, 13, -6, 1, 59, 18, -5, 37, 60, 34, 0, -35, 54, 9, 49, 28, -12, 25, -30, -14, -1, -6, 23, 66, 49, 23, -25, -18, 0, 6, 34, 9, -1, 36, -22, 18, -35, -27, 22, -25, 19, 14, -41, 4, 16, 5, 24, -11, 28, -13, -6, 33, 52, -13, 13, 32, -3, -17, -1, 25, -5, 15, 8, 37, 30, 1, -15, -9, -33, 27, -18, -39, -73, -29, -13, -6, 6, -41, -20, -13, -28, 27, -31, -2, -22, -18, -18, -27, 58, -9, -8, 23, -6, -12, -16, 15, -9, 51, -37, -14, 0, -3, 25, -52, -14, -1, -14, 12, -31, 11, -35, -25, 7, 33, 16, -13, -41, -10, -29, -35, -23, -12, -15, -6, 67, -50, -1, -43, -11, -41, -36, 8, -11, 4, -26, -17, -24, -24, 2, 11, -9, 31, -14, 4, 38, -27, 18, 7, 7, -18, 10, -3, -48, 11, -4, -18, -12, -12, -2, -7, 39, 8, 20, -4, 38, 25, 16, 20, 2, -54, -15, -11, -33, 23, -29, 16, -54, 18, -13, -13, -1, -28, -44, -43, -3, 16, 13, -8, -23, 23, 7, -53, -31, 23, -59, 8, -43, -18, -6, -5, 21, 7, -19, 18, -20, -2, -27, 29, 20, -13, 13, 9, -4, 27};
weights_linear_hh[62] = {40, 26, 16, -3, 64, 1, 18, -11, 38, 64, -13, -35, -19, -13, 7, 22, 6, -31, -9, -31, 22, -49, -31, 7, 23, 16, 7, -2, -16, 4, 28, 25, -92, 51, 32, 13, -9, 14, 10, -24, -31, 43, -15, 3, -18, 5, 36, -17, 35, -44, 39, 18, 21, -24, 7, -6, 31, 10, -15, -1, -56, 32, -12, 5, -33, -34, 13, 44, 26, -48, 26, 10, 12, 37, 16, -18, 6, 2, 7, 66, 25, -1, 22, 0, 5, 11, -37, -22, -44, 15, -19, 34, -38, -19, -67, -20, -9, 26, 1, -17, -28, -4, -1, -15, -77, 43, 23, -6, 32, -11, 6, 0, 30, 0, 54, -26, -6, -41, 29, 18, -7, -62, 75, 59, 16, 5, -5, 23, -24, -40, -15, -8, 8, 4, -24, -35, -29, -34, -15, 33, -36, 45, -50, -50, -19, 34, -4, -2, 16, -15, -25, -49, -18, -1, -33, -7, 9, 6, 7, -41, -9, 11, -43, 0, 22, -6, -30, 21, 5, -1, -28, -29, -10, 13, 6, -36, -37, -20, 23, -22, 45, 11, 13, -1, -9, 57, -28, 6, 2, -29, -16, -39, 9, -3, -21, -7, 0, 17, 60, 2, 50, -2, 31, 0, -41, -16, 6, 30, 20, 0, 11, 3, -1, -15, -59, -39};
weights_linear_hh[63] = {20, 17, -27, 33, -1, -38, 70, -3, 102, 13, -24, 31, 13, -17, 61, 8, 26, -77, 0, -6, -4, 25, 71, -18, 16, 25, 53, -14, -50, 13, -3, 103, 19, 95, 12, 32, -47, 19, -6, 6, 6, 43, -4, 23, -19, -5, -13, -44, 25, 15, 97, 22, 66, -28, 18, 15, -21, -4, -65, 2, 13, 21, 35, -46, -14, -38, -36, 5, 12, -5, -38, -37, 3, 30, -6, -21, 8, 19, 15, 15, 39, -11, 0, 29, 27, 9, -37, -8, -30, 20, 6, 36, -63, 12, 35, 7, 2, 5, -9, -1, -59, -2, 4, 36, -22, 43, 37, -3, 42, -34, 37, -22, -22, -7, -1, -30, -34, -20, -8, -12, 0, -62, 75, -41, -33, -15, -1, 34, 15, -31, 32, -83, -7, 18, -39, 20, -1, 34, -34, 26, -28, -18, -6, -20, -20, 5, 18, 12, -2, 18, -15, -28, -8, -14, -14, -50, -2, -24, 8, -19, 15, 10, 33, -23, -3, -11, 6, -4, -38, 34, 27, 1, -30, 39, -16, -33, -75, 11, -1, -44, 20, -2, 66, -2, 23, 7, -14, 8, 8, -4, -16, -14, 17, -5, -4, 8, -6, 20, 8, -15, -36, -15, 10, 11, -6, 42, 15, 26, -22, 28, -15, -2, 14, -25, -35, 0};
weights_linear_hh[64] = {9, -46, 16, 17, -58, -10, 32, 74, -11, 36, 14, -29, 1, -33, 3, 3, 15, -21, 4, 32, 9, -3, 4, 2, 13, 54, 11, 17, -10, -17, -41, 38, 35, 1, 1, 41, -27, 16, -38, 42, -31, 37, 30, 10, -28, -17, 0, -23, -6, 44, -11, 20, 19, -30, 49, 9, 32, 1, 16, 13, -46, -20, 17, 12, -15, 1, 28, 62, 34, -58, 31, -4, 14, -14, -66, -36, 9, -21, -1, -51, 36, 41, -8, 21, 33, -7, -9, -14, 5, 1, 56, 34, -33, -58, -22, -9, -8, 14, 4, 28, -7, -1, 5, -36, 13, 10, -16, 56, 5, 4, -49, -2, -21, 25, 41, -19, 26, -25, 1, -5, 12, -89, 2, -14, -68, -3, 24, -12, 12, -34, -34, -79, -61, 0, -27, 67, 23, -1, -50, -1, -22, -12, 5, 26, -6, 35, 40, -21, -4, -21, 26, -29, 5, 29, -13, -6, 8, -5, -39, 1, 17, -8, 20, -3, 6, -4, 45, 12, -13, 51, -43, -22, 7, 31, -44, 11, -90, -41, -12, 4, -15, -5, 46, 23, -23, -44, 36, 4, 16, -17, -8, -4, 35, -18, -30, -27, -50, 36, 41, -34, 11, -16, -30, 8, -39, 16, -6, -26, -14, 18, -16, 15, -30, -3, -21, 5};
weights_linear_hh[65] = {46, -10, -34, -9, 43, -14, 93, -8, 12, 20, -1, 21, -23, 9, -1, -44, -20, -27, 25, -6, -50, 47, 23, -12, -7, 2, 50, -13, -12, 16, 17, 42, 42, 6, 47, 12, -23, -60, 28, 10, 12, 13, 16, -11, 13, -20, -14, -79, 4, 77, 33, 74, 77, -24, -23, 32, -45, 13, -41, 17, -8, 20, 5, -25, -33, -74, -15, 22, -48, 32, -14, -56, -21, -10, -16, -39, 25, -16, -36, -8, 41, -1, -14, 7, 2, 30, -20, 0, -10, -39, 8, -19, -16, -16, 24, 11, 10, -5, 2, -1, -70, -16, -14, -15, 12, -27, 2, -11, 6, 18, -40, -29, 5, -8, -40, -32, -33, -19, 23, -23, 25, -50, -5, -29, -27, 4, 12, 24, 17, 3, 39, -26, -28, -51, -43, 22, -31, 4, 2, 38, -12, 10, 10, -8, -5, -1, 22, -16, -34, 15, 71, -13, 15, -1, -24, -53, 1, -25, -13, -30, -11, -7, 42, -24, -29, 10, -19, -9, -38, 13, 57, -32, 31, 1, -15, -2, -27, -11, -5, -33, -34, -60, 27, 9, -20, -7, -17, -11, -12, 5, -20, -4, 24, -22, 7, -32, 2, -11, 14, -21, -37, 1, -8, -3, -27, -1, 62, 5, 2, 1, -13, 39, 14, -29, -43, -14};
weights_linear_hh[66] = {34, -30, 5, 19, -10, 26, 40, -3, 35, 15, -41, -14, 9, -7, 2, 6, -43, -33, 40, -24, -3, 33, -28, 35, 46, -44, 17, -8, 2, 5, 20, -28, -5, 1, -26, -13, 22, 44, 42, 0, 25, 19, 2, 43, 3, -45, 36, -23, 40, 17, -28, -8, -38, 5, -17, 2, 9, 17, -27, -16, 25, -4, -68, 37, 4, -30, -4, 9, -15, -3, 0, 41, 56, 20, -6, -18, 0, -30, 12, 24, -13, -18, 0, 6, 21, 0, -16, 40, 22, 25, 14, 44, 16, 5, -85, 65, -18, -11, 15, 2, -12, 26, 3, 11, -32, -40, -4, 1, 20, 6, 5, 40, -17, -1, -46, 27, -35, -18, -3, 24, -25, -23, -7, 26, 16, -7, 17, 4, 3, -24, -18, -13, 53, 11, 7, -54, 20, -26, 30, 23, 36, 54, -3, -29, 38, 4, 8, 24, 24, -43, 30, -29, 19, -7, 15, 48, 13, 6, -5, -1, 48, 7, 4, 39, 20, 55, -16, 44, -2, -14, -13, -30, 3, 60, 26, 45, 4, 16, 24, 52, 9, 5, 30, 35, 32, 35, 0, 35, -15, -34, 8, 1, 16, 43, -11, 29, 14, 29, 4, -18, 10, -3, 34, 4, 28, -14, -39, -5, 39, 4, 33, 22, -17, -16, -13, 4};
weights_linear_hh[67] = {15, 30, 0, 6, 122, -17, 4, -2, -8, 8, -17, 32, -57, 10, -30, -8, -31, -26, -19, -34, -17, 25, -14, 37, 23, -17, -31, 4, 6, 39, 7, 6, -30, 20, 35, 27, -3, -22, 20, 10, -32, 3, -18, -1, 26, 31, 4, -3, 26, -32, -12, 20, 12, -7, 20, -4, 0, 18, 50, -4, 3, 35, -14, -35, 31, -16, 0, -17, 2, -12, -16, -24, 57, 38, 29, 4, 6, 16, 0, 63, 53, 13, 21, -15, 65, 16, 11, 4, -3, 37, -16, 4, -28, 52, 7, -61, 4, -6, -34, -37, -39, 28, 20, 6, -63, -7, 13, -26, -9, -1, 11, 1, 21, 7, -13, -15, 36, -41, 54, -4, 55, -5, -4, 27, 4, -25, -12, 36, -25, 54, -12, 13, 20, -22, 9, -17, -11, 1, 17, 50, 25, 30, 15, 10, -26, 1, -2, 7, 18, -59, -8, -52, -9, 21, -68, 24, 34, 14, 44, -13, -6, -2, -45, -2, 43, -18, 25, -27, -17, -27, 37, -21, 3, -5, 17, -28, 23, 16, 23, 14, 7, 17, -10, 31, 37, 14, -20, 6, 19, 5, 48, -31, 33, -30, -4, 20, 80, 0, 31, 1, 48, -10, -10, -14, -43, -6, 11, 15, 40, 9, -7, -12, 27, 18, -33, 6};
weights_linear_hh[68] = {-29, -14, 39, 53, 11, 23, 41, -4, 11, 28, 27, 30, 27, -43, -12, -10, 22, -20, -7, 8, -31, 13, -11, 17, 33, -5, 22, 5, -17, -35, 6, 35, 36, 16, 26, -34, -2, 5, -58, -17, -18, -12, 12, 32, -14, -27, 25, -4, 10, -34, 57, 33, -29, -12, 3, -9, 11, -8, -4, -23, -35, 34, -42, -11, -7, 19, -30, 21, -21, -51, 24, 23, 12, 31, -2, 1, -11, 38, -11, 7, -31, -62, -49, -12, -30, -11, -59, -39, -16, -18, -3, 29, 12, 11, -48, 25, -32, -7, 35, 1, 6, -16, -38, 12, 44, 27, -35, -80, 21, 36, -18, 18, -3, -30, -16, 11, 5, -2, -27, -1, -41, -26, 4, 15, -25, 8, -11, -38, 3, -18, -15, 28, -37, 51, 11, 9, 21, -36, -2, -29, -4, -82, -14, -34, 36, 14, -24, -72, -11, -33, -14, -4, 13, -59, -12, -3, -9, -3, -16, 18, 8, -1, 22, -46, 24, -15, 14, -47, -10, -30, -7, -5, -2, -16, 18, 21, -12, -10, -37, 6, 12, -5, -14, 8, 16, -12, 9, -38, -20, -8, -19, 1, 1, -25, 29, -2, 8, -1, 7, -18, 9, -19, 43, 8, -30, -11, -8, 17, 30, 37, 40, 4, 10, 33, -35, -8};
weights_linear_hh[69] = {13, -43, 68, 37, -45, 24, 8, 7, -23, 17, 20, -24, 9, 46, -29, 23, -11, -17, -24, 46, 12, -7, -13, -11, 6, -10, 23, 12, 22, 29, -16, 5, -30, -25, -18, -27, -7, 30, -12, -17, -10, 34, 14, -2, 4, -35, -16, 21, 27, 1, -14, 13, -20, -30, 39, -44, 31, -10, -22, -25, -22, 16, -1, 0, -16, 21, 17, -15, 41, -21, 25, 29, 5, -38, -54, -18, -22, -14, -11, -11, 20, -20, -17, 12, 18, -19, -22, 9, 25, -13, -3, -6, 29, 9, -47, 3, 38, 0, -3, -14, -24, 14, -4, -17, -27, 5, 10, -10, 21, -30, -26, 6, 10, 2, 0, -41, 4, 3, -15, 6, -11, -11, -13, 5, 1, -12, 51, -40, 25, -83, -6, 24, 14, 1, -1, 15, -9, -24, 37, 26, 12, 3, -5, 16, 57, -20, -57, 8, 13, -11, -26, 23, 21, 7, 15, 20, 2, 0, -20, -1, 13, 28, -1, 44, 1, 13, -24, -1, -13, -15, -36, 0, 28, -5, 15, 8, -28, -2, -26, 5, -21, 37, -12, 36, -22, 6, 1, -5, 38, -12, 15, 0, -34, 20, -26, 19, -55, 28, 18, -16, -18, -41, -12, -4, 35, -14, 21, -27, 2, -13, -6, 0, -29, -3, -4, 7};
weights_linear_hh[70] = {-9, 85, 7, -29, -3, 41, 20, -45, -26, 7, -21, 22, -26, 0, 29, -16, 3, -4, 27, -68, -31, 2, -10, 2, 8, 30, 25, -26, 4, 8, 46, 17, -33, 45, 67, 17, -27, 4, -37, 12, -7, 25, 33, 3, -17, -6, 26, -24, 2, -26, -21, 11, -23, -41, 42, -6, -5, 11, -13, 28, 27, 11, 1, -10, 12, -45, 13, 15, -16, -11, 24, 42, 12, 22, 41, 47, 9, -6, 34, 15, 18, -5, -1, -28, 19, 26, 22, 7, -35, 14, -49, -51, 5, -6, -19, -27, 4, 2, 20, -2, -13, -16, -7, 3, -2, -28, -5, -5, -34, 19, 14, 5, 30, -18, 2, 23, 24, 5, 3, -20, -8, 32, 15, -7, 17, -36, -18, 43, -2, 13, 13, -5, -32, -26, 16, -12, -7, 30, -47, -25, -3, 26, 5, -19, -23, -35, 10, 2, 14, 5, -14, 6, -26, 30, -12, -4, 0, -8, 43, -23, 8, -23, -6, -28, -28, -27, 4, -9, 8, 15, 65, 6, -12, 4, 23, 1, -27, 26, 16, -33, -15, -24, -5, 10, -9, 6, -12, 35, -29, -14, -5, 7, -15, -4, 49, 39, 28, 1, 21, 23, -44, 32, 0, -1, 21, -57, -9, 50, 13, 15, -8, 19, 12, -22, -25, 38};
weights_linear_hh[71] = {105, 2, 20, -5, -14, -51, 23, 34, 32, -3, -10, -8, 18, -26, 53, -3, -14, -75, -15, 16, 14, 15, -18, 14, -22, 31, -65, -47, -13, 56, -41, -20, -57, 0, 15, -8, -56, -38, 27, -25, -4, -23, -47, -23, 64, 14, -41, 12, -33, 9, -17, -46, 62, 7, -24, 8, 12, -46, 13, -16, 23, 11, 33, 18, -39, -52, -24, 16, 10, 1, -3, -52, 3, 29, -12, -31, 70, 31, 35, 17, 25, 27, 17, -12, 31, 9, 5, 19, 12, 27, 32, 34, 23, -47, 22, -20, 22, -14, 23, -44, -26, 12, -8, 6, -49, -22, 28, -8, 59, 14, -17, -34, 2, 8, 59, -4, -6, -14, -24, 36, 41, -51, 6, 20, 27, -7, -3, 6, -8, 5, 35, 29, 37, -32, -67, 21, 50, -23, -3, 70, 10, 4, 37, -13, 40, 27, -19, 45, -8, -12, -32, 12, 4, 1, 75, -33, 20, 12, -15, -2, 19, 73, -22, 36, -6, 49, 20, 19, -32, 27, -5, 77, -9, 10, -11, -15, -44, 8, 54, -55, 10, -4, 45, 27, -6, 49, -69, -26, 20, 9, -12, -19, 14, 19, 18, -20, 9, 70, 15, -15, -1, -36, -7, -7, -31, 13, -28, -27, 6, 46, 3, -8, -23, 16, -2, 8};

Bias_hh (8 bit):
 {2405, 1928, -1629, -2535, 2880, -2094, 2012, 1089, -560, 810, 3256, 1824, -2185, 1329, 716, 2433, -1426, -1134, 3407, -3650, -713, 846, -1806, -2405, 2344, 3465, 294, -2108, -1790, -1641, 533, 2630, -4382, 1940, -3241, 1545, 1033, 1802, -3143, 2734, 503, -1814, 1891, 909, -746, -3283, -137, -230, 54, -1069, -1484, 338, 1282, -675, 81, -90, 2602, -2362, -825, -1045, 4173, -1079, 385, 561, -1004, -4011, -1224, 279, -3535, -540, 2115, 3467, -855, 3139, 1761, 3047, -1537, -1343, 1008, 1778, -1076, 263, -1863, 2475, -330, 1621, 3675, 839, -7, 516, -2146, -630, 88, -3116, 2634, 235, 2019, -583, 609, 3827, 4968, -1839, -1532, -1693, 812, -1944, 4623, 2941, 1089, 1206, -2278, -347, 3745, -1073, -2620, -2255, 401, 1075, -2837, -162, 1241, 3297, -3310, 1260, 1903, 1497, 1059, 2147, 1358, 3026, 637, -1353, 473, 2384, 285, -728, 3398, -43, -1256, -951, 4056, 2773, -1275, 187, 2104, 99, -17, 4077, 3769, 923, 2059, 2536, -269, 1271, 2352, 1313, 3681, 890, 3527, -1276, 59, 1425, 1580, 2486, 1422, 2235, 619, 1861, 2822, 1367, 2587, 2318, -1578, 3268, 2215, 2534, 1737, 2393, -75, 1599, 2640, -2575, 892, 143, -1800, -972, -831, 379, 1892, 1084, 2107, 835, 528, 29, 3581, 401, 3441, 341, -1370, 2258, 1628, 671, -648, 2386, 2417, 869, -1673, -1117, 2329, 2815, 988, -1562, 163, -3101, 732, -188};
