000000000000000000000000000000000111011100
000000000100100001100000000000000111011010
000000000100111100110000000000000001011010
000000001001110100000000000000001010000111
000000001111101101000000000000000000110010
000000010001011010000000000000001001111011
000000010110111000000000000000000000101110
000000011001100001000000000000000101100010
000000011010101101000000000000000110110000
000000011100110110000000000000001001100111
000000011101000110000000000000000100100111
000000011110011110000000000000001000110000
000000011110110100000000000000001000010100
000000100000010000000000000000001010001010
000000100100010110000000000000001010000100
000000100100100010000000000000001010000010
000000100110100100000000000000000000110100
000000100111110110000000000000000010100110
000000101000011000000000000000001001110111
000000101000101110000000000000001001111000
000000101001110100000000000000000100111101
000000101010110000000000000000001010001110
000000101010110110000000000000001001110100
000000101110111100000000000000001010000111
000000101111110010000000000000001010000101
000000110000011110000000000000000000011001
000000110001010000000000000000001000101011
000000110001111010000000000000001001010000
000000110010000000000000000000001001001101
000000110010000000000000000000001001011100
000000110010110010000000000000001010010110
000000110010110110000000000000001001111111
000000110011100010000000000000001001111001
000000110011101000000000000000001010010011
000000110100001000000000000000001001010111
000000110100001110000000000000001001110111
000000110101110000000000000000001001110110
000000110101111100000000000000001010001110
000000110111001110000000000000001010001100
000000110111001110000000000000001010001101
000000110111110100000000000000001001101110
000000110111111110000000000000001010001011
000000111000010100000000000000001001101010
000000111000110000000000000000001001110000
000000111000110110000000000000001010001010
000000111001110110000000000000001010001000
000000111010101110000000000000001001100101
000000111011001000000000000000001010011100
000000111011011110000000000000001001100010
000000111011011110000000000000001010001001
000000111011110100000000000000001010000011
000000111100000000000000000000001001011010
000000111100000000000000000000001010000001
000000111100010110000000000000001001100001
000000111101010110000000000000001010000000
000000111101100010000000000000001001111101
000000111101100010000000000000001010011000
000000111101111000000000000000001001111100
000000111110011110000000000000001001111111
000000111110100100000000000000001001011011
000000111111100000000000000000001001111001
000000111111100100000000000000001010010110
000000111111110000000000000000001001111010
000000111111110000000000000000001010010101
000001000000000100000000000000001010010100
000001000000011100000000000000001001110101
000001000000110000000000000000001001110111
000001000000111000000000000000001001110100
000001000001000000000000000000001001110011
000001000001001000000000000000001001110110
000001000001011000000000000000001001110010
000001000001100100000000000000001001101110
000001000001110100000000000000001001101111
000001000010001100000000000000001001110001
000001000010101000000000000000001001101101
000001000010101000000000000000001001110000
000001000010110100000000000000001001101100
000001000011110000000000000000001001101011
000001000011110100000000000000001010010010
000001000100000000000000000000001010001101
000001000100001100000000000000001001100011
000001000100011000000000000000001001101001
000001000100011100000000000000001010010001
000001000100101100000000000000001001100111
000001000100101100000000000000001001101000
000001000101001000000000000000001010001010
000001000101001100000000000000001010010000
000001000101010100000000000000001001100001
000001000101011100000000000000001010001100
000001000110011000000000000000000100101110
000001000110011000000000000000001010001000
000001000110100100000000000000001001011111
000001000110101000000000000000001010001001
000001000110110100000000000000001010000110
000001000110111100000000000000001001011011
000001000110111100000000000000001001011100
000001000111001100000000000000001001010110
000001000111001100000000000000001010000111
000001000111010000000000000000001010000101
000001000111011100000000000000001010011111
000001001000000000000000000000001010000010
000001001000001000000000000000001001010011
000001001000010000000000000000001010000011
000001001000011100000000000000001001011001
000001001000011100000000000000001010000100
000001001001101000000000000000001001001100
000001001001110000000000000000001001010111
000001001001111000000000000000001001001010
000001001010001000000000000000001010000001
000001001010010000000000000000001001001101
000001001010010000000000000000001001010000
000001001010100000000000000000001010011100
000001001010101100000000000000001001111100
000001001010111100000000000000001001111000
000001001011001100000000000000001001111011
000001001011011000000000000000001001111001
000001001011100000000000000000001001110110
000001001011111100000000000000001001110101
000001001100001000000000000000001010010111
000001001100010100000000000000001000110000
000001001100111000000000000000001001110011
000001001101010000000000000000001001110001
000001001101011000000000000000001001110111
000001001101101000000000000000001010010100
000001001110000000000000000000001010010101
000001001110000100000000000000001001101001
000001001110010000000000000000001001101101
000001001110010100000000000000001001110010
000001001110111000000000000000001010010010
000001001110111100000000000000001001101100
000001001111001000000000000000001001101111
000001001111001100000000000000001001101110
000001001111010000000000000000001001101010
000001001111011000000000000000001001100011
000001001111011100000000000000001001101011
000001001111101100000000000000001001100111
000001001111110100000000000000001001100110
000001001111111000000000000000001001100100
000001001111111100000000000000001001100001
000001010000001100000000000000001001100101
000001010000001100000000000000001010001111
000001010000100000000000000000001010010110
000001010000101000000000000000001001100010
000001010000110100000000000000001001100000
000001010000111000000000000000001010001110
000001010001010000000000000000001001011110
000001010001010000000000000000001010010001
000001010001010100000000000000001001011010
000001010001100100000000000000001010010000
000001010010000000000000000000000111010111
000001010010011000000000000000001010001100
000001010010011100000000000000001001011101
000001010010100000000000000000001001011100
000001010010100000000000000000001001011111
000001010010101100000000000000001001011000
000001010010110000000000000000001001010100
000001010010110000000000000000001001010110
000001010010110000000000000000001001011001
000001010010110000000000000000001010001011
000001010010111000000000000000001001010001
000001010010111100000000000000001010001000
000001010011000000000000000000001001011011
000001010011011100000000000000001010000111
000001010011011100000000000000001010001101
000001010011100100000000000000001001001110
000001010011100100000000000000001001010010
000001010011101100000000000000001010001010
000001010011110100000000000000001001010011
000001010011110100000000000000001010000100
000001010100001000000000000000001001000110
000001010100010000000000000000001001010000
000001010100011000000000000000001010000101
000001010100101000000000000000001010000110
000001010100101000000000000000001010001001
000001010100111100000000000000001001001100
000001010101010100000000000000001010000010
000001010101100000000000000000001001111111
000001010101101100000000000000001001000001
000001010101110000000000000000001000110101
000001010101111000000000000000001001000010
000001010110000000000000000000001000111110
000001010110000000000000000000001001000000
000001010110001100000000000000001001000101
000001010110001100000000000000001001111110
000001010110011000000000000000001010000001
000001010110100000000000000000001001000100
000001010110100000000000000000001001111011
000001010110101100000000000000001000111100
000001010110111000000000000000001001111000
000001010110111100000000000000001000111000
000001010111011000000000000000001000110011
000001010111100100000000000000001000100001
000001010111100100000000000000001001111010
000001010111101000000000000000001001111101
000001010111110100000000000000001000101100
000001010111111000000000000000001000011011
000001010111111000000000000000001001111001
000001011000011000000000000000001000101010
000001011000100000000000000000001000101011
000001011000101100000000000000001001110100
000001011000110100000000000000001001110110
000001011001000000000000000000001001110011
000001011001000100000000000000001010011101
000001011001010000000000000000001001101111
000001011001011000000000000000001000100100
000001011001011100000000000000001010011001
000001011001101000000000000000001001110001
000001011001110000000000000000000001010001
000001011001110000000000000000001000000100
000001011001110000000000000000001000101110
000001011001111100000000000000001000001111
000001011010001000000000000000001001110101
000001011010001000000000000000001010011011
000001011010101000000000000000001001101011
000001011010110100000000000000001001101101
000001011010110100000000000000001010101100
000001011010111100000000000000001001101110
000001011010111100000000000000001001110010
000001011011001000000000000000001001100111
000001011011101000000000000000001001100100
000001011011111000000000000000001001100101
000001011011111000000000000000001010010100
000001011100000000000000000000001010010101
000001011100000100000000000000001010010111
000001011100001100000000000000001001101010
000001011100010000000000000000001001100010
000001011100010100000000000000001001110000
000001011100100000000000000000001001011101
000001011100100000000000000000001001011111
000001011100100100000000000000001010010110
000001011100111100000000000000001001101000
000001011101000000000000000000001001011001
000001011101001100000000000000001001011000
000001011101001100000000000000001010010001
000001011101001100000000000000001010010011
000001011101010000000000000000001010010010
000001011101011000000000000000001001010101
000001011101101000000000000000001010001111
000001011101101100000000000000001001010110
000001011101101100000000000000001001011110
000001011110001000000000000000001001011010
000001011110001100000000000000001001011100
000001011110010100000000000000000011001110
000001011110011000000000000000001001010010
000001011110011000000000000000001001100001
000001011110011000000000000000001010001101
000001011110110000000000000000001001010001
000001011110111000000000000000001001001101
000001011111000000000000000000001001010000
000001011111001000000000000000001010001010
000001011111010100000000000000001001000110
000001011111010100000000000000001001000111
000001011111100000000000000000001001000101
000001011111100000000000000000001001001001
000001011111110000000000000000001001001111
000001011111110100000000000000001001001100
000001100000000000000000000000001010001001
000001100000111100000000000000001000110011
000001100001000000000000000000001010001000
000001100001000000000000000000001010001100
000001100001001000000000000000001010000110
000001100001010000000000000000001010000111
000001100001011100000000000000001001001010
000001100001101000000000000000001001001011
000001100001101100000000000000001001000000
000001100001110100000000000000001000101111
000001100010011000000000000000001000101110
000001100010011000000000000000001001000001
000001100010101000000000000000001010000011
000001100010110100000000000000001000111001
000001100010111000000000000000001010000101
000001100011000100000000000000001010000100
000001100011010100000000000000000000000001
000001100011100000000000000000001000011011
000001100011100000000000000000001001111111
000001100011100000000000000000001010000001
000001100011100100000000000000001001111110
000001100011101100000000000000001010000010
000001100011111100000000000000001000011010
000001100100001000000000000000001000100010
000001100100001000000000000000001001111100
000001100100110000000000000000001000000100
000001100101001000000000000000001000010000
000001100101001000000000000000001001111011
000001100101101000000000000000001001110100
000001100101111000000000000000001001111010
000001100110000000000000000000001001110011
000001100110001000000000000000000111110011
000001100110010000000000000000001001110110
000001100110010100000000000000001000000101
000001100110100000000000000000001001110000
000001100110100100000000000000001001101011
000001100110100100000000000000001001110101
000001100110110100000000000000001010011100
000001100111010000000000000000001001101101
000001100111010000000000000000001001110111
000001100111010100000000000000001010011001
000001100111011100000000000000001001101100
000001100111011100000000000000001001101110
000001100111100000000000000000000111110111
000001100111101100000000000000001010011000
000001100111111000000000000000000111011110
000001100111111000000000000000000111011111
000001101000001000000000000000000111011000
000001101000010000000000000000001001100101
000001101000101000000000000000001001100000
000001101000101100000000000000001010011101
000001101000110100000000000000001001101010
000001101001000100000000000000000111001101
000001101001001000000000000000001001100100
000001101001001100000000000000001001011111
000001101001011000000000000000001001011001
000001101001100100000000000000001010010110
000001101010000000000000000000001001011011
000001101010000000000000000000001010010111
000001101010000100000000000000001010010100
000001101010001000000000000000001001011101
000001101010001000000000000000001010010101
000001101010101100000000000000001001010101
000001101010110000000000000000001001011010
000001101010110000000000000000001010010001
000001101011011100000000000000001010010011
000001101011111100000000000000001001000011
000001101100000100000000000000001001010000
000001101100001000000000000000001001010110
000001101100001100000000000000001010001111
000001101100011100000000000000001000111110
000001101100011100000000000000001001001110
000001101100100100000000000000001010010000
000001101100100100000000000000001010010010
000001101100111000000000000000001010001110
000001101101000000000000000000001010001100
000001101101000100000000000000001001001000
000001101101001000000000000000001001010001
000001101101010000000000000000001001001001
000001101101010000000000000000001001001111
000001101101100000000000000000001000110100
000001101101100100000000000000001010001010
000001101101101000000000000000001000111000
000001101101111100000000000000001010001101
000001101110001100000000000000001001000101
000001101110010000000000000000001000101111
000001101110010000000000000000001010001000
000001101110011100000000000000001000101110
000001101110011100000000000000001000110011
000001101110101100000000000000001000110110
000001101110101100000000000000001000111111
000001101110110000000000000000001010001001
000001101110111000000000000000001000100111
000001101110111000000000000000001000101100
000001101111011000000000000000001010000111
000001101111101000000000000000001000100001
000001101111110100000000000000001010000101
000001101111111100000000000000001000101000
000001110000001000000000000000001001111111
000001110000001100000000000000000010110001
000001110000010100000000000000001000010110
000001110000010100000000000000001000110001
000001110000010100000000000000001001000010
000001110000011000000000000000001000101010
000001110000100000000000000000001010000100
000001110000101000000000000000001000011110
000001110000101000000000000000001000011111
000001110000110000000000000000001000100010
000001110000110000000000000000001010000000
000001110001000000000000000000001010000011
000001110001000100000000000000001010000110
000001110001001000000000000000001000011001
000001110001011100000000000000001000010001
000001110001100100000000000000001000011010
000001110001101100000000000000000111111110
000001110001101100000000000000001000011000
000001110001101100000000000000001001111110
000001110001110000000000000000001000001010
000001110001110000000000000000001000010010
000001110001111100000000000000001000010100
000001110010000000000000000000001000000001
000001110010000000000000000000001000001000
000001110010000100000000000000001000001100
000001110010000100000000000000001000001110
000001110010000100000000000000001001111011
000001110010000100000000000000001001111100
000001110010001100000000000000001001111101
000001110010011000000000000000001010000001
000001110010011000000000000000001010100001
000001110010101000000000000000001000000110
000001110010101000000000000000001001111000
000001110010101100000000000000001010000010
000001110010110000000000000000001001111010
000001110010111000000000000000001001111001
000001110011000000000000000000001000000010
000001110011100100000000000000001010100000
000001110011101000000000000000001010011110
000001110100000100000000000000001001110011
000001110100001000000000000000001000001001
000001110100001000000000000000001001110000
000001110100001000000000000000001010011101
000001110100010000000000000000000100110001
000001110100010000000000000000000111101110
000001110100010100000000000000000111100000
000001110100011000000000000000001001101101
000001110100100000000000000000000111011111
000001110100101000000000000000001000000011
000001110100101000000000000000001001110100
000001110100110000000000000000000111110000
000001110100110000000000000000001010011100
000001110100111100000000000000000110100001
000001110100111100000000000000000111100101
000001110101000100000000000000001001101011
000001110101010100000000000000001001100110
000001110101011100000000000000001001101111
000001110101110000000000000000001001100011
000001110110000000000000000000001010010110
000001110110000000000000000000001010011000
000001110110000000000000000000001010011001
000001110110000000000000000000001010011010
000001110110001000000000000000001001100100
000001110110001100000000000000001001101001
000001110110011100000000000000001001011101
000001110110101000000000000000001010010111
000001110110101100000000000000001001011110
000001110110111000000000000000001001100001
000001110111000100000000000000001001101110
000001110111100100000000000000001001011111
000001110111101000000000000000001001100111
000001110111111000000000000000001001101010
000001111000001000000000000000001010010100
000001111000010100000000000000001010010101
000001111000111100000000000000001001011000
000001111001000000000000000000001001010100
000001111001010000000000000000001010010010
000001111001011100000000000000001001001101
000001111001110000000000000000001001010001
000001111001111100000000000000001001000101
000001111010001000000000000000001010010011
000001111010011100000000000000001010001110
000001111010101100000000000000001001000100
000001111010110100000000000000001001001010
000001111010110100000000000000001001001110
000001111010110100000000000000001010010000
000001111010111000000000000000001010010001
000001111011001000000000000000001001001111
000001111011010000000000000000001001001011
000001111011010100000000000000001010001010
000001111011100000000000000000001000110110
000001111011110000000000000000001010001011
000001111011110100000000000000001000101100
000001111100010000000000000000001000110001
000001111100010100000000000000001000101101
000001111100010100000000000000001010000111
000001111100100000000000000000001000110011
000001111100100000000000000000001010001000
000001111100100000000000000000001010001100
000001111100110100000000000000001000101110
000001111101001000000000000000001010000110
000001111101001100000000000000001010001001
000001111101011100000000000000001010000011
000001111101011100000000000000001010000100
000001111101100000000000000000001000101000
000001111101100000000000000000001000101010
000001111101101100000000000000001010000101
000001111101110100000000000000001000100101
000001111101111100000000000000001010000010
000001111110000100000000000000001000100011
000001111110000100000000000000001000101011
000001111110011000000000000000001000011011
000001111111001000000000000000001000010111
000001111111010000000000000000001010000001
000001111111101100000000000000001000011000
000001111111110100000000000000000111111110
000001111111111100000000000000001000000110
000001111111111100000000000000001001111100
000010000000011000000000000000000111111011
000010000000011000000000000000001001110110
000010000000011000000000000000001001110111
000010000000011000000000000000001001111000
000010000000011000000000000000000001000010
000010000000101000000000000000001001111101
000010000000101000000000000000001010000000
000010000000101000000000000000001000010010
000010000000101000000000000000001001111111
000010000000110000000000000000001001111001
000010000000111000000000000000000111111000
000010000001000000000000000000001001110100
000010000001001000000000000000001000000001
000010000001001000000000000000001001110101
000010000001001000000000000000001001111010
000010000001100000000000000000000111101010
000010000001110000000000000000001010011111
000010000010010000000000000000001001110010
000010000010100000000000000000001001110011
000010000010101000000000000000000111100101
000010000010110000000000000000001001101001
000010000011001000000000000000001001110001
000010000011010000000000000000001001100111
000010000011010000000000000000001010011010
000010000011011000000000000000001001100010
000010000011011000000000000000001001101010
000010000011101000000000000000001001100110
000010000011111000000000000000001001101000
000010000100000000000000000000001010011000
000010000100010000000000000000001001101111
000010000100011000000000000000001010011100
000010000100101000000000000000001001100011
000010000100110000000000000000001010011011
000010000101001000000000000000001010010110
000010000101011000000000000000001001011001
000010000101100000000000000000001001100100
000010000101100000000000000000001010010010
000010000101101000000000000000001010010100
000010000101101000000000000000001010010111
000010000101110000000000000000001001011111
000010000110000000000000000000000000111000
000010000110000000000000000000001001011000
000010000110000000000000000000001010011001
000010000110101000000000000000001010010101
000010000110110000000000000000001001011100
000010000110111000000000000000001001010111
000010000110111000000000000000001010010011
000010000111001000000000000000001001011010
000010000111001000000000000000001001010110
000010000111010000000000000000001001010001
000010000111011000000000000000001001001110
000010000111111000000000000000001010001111
000010001000010000000000000000001001000110
000010001000100000000000000000001000111100
000010001000100000000000000000001001000100
000010001000100000000000000000001001001100
000010001000100000000000000000001010001110
000010001000110000000000000000001010001101
000010001000110000000000000000001010010000
000010001000111000000000000000001001001000
000010001000111000000000000000001010001100
000010001001000000000000000000001010010001
000010001001010000000000000000001001001010
000010001001010000000000000000001010001011
000010001001100000000000000000001000110011
000010001001100000000000000000001000110101
000010001010000000000000000000001000101110
000010001010001000000000000000001010001010
000010001010011000000000000000001010000111
000010001010100000000000000000001000110010
000010001010100000000000000000001010000101
000010001010101000000000000000001010001000
000010001010101000000000000000001010001001
000010001010111000000000000000001000100111
000010001011000000000000000000001010000100
000010001011011000000000000000001010000010
000010001011100000000000000000001000100101
000010001011101000000000000000001000100110
000010001011110000000000000000001010000110
000010001100000000000000000000001000100001
000010001100001000000000000000001000100100
000010001100010000000000000000001000101000
000010001100101000000000000000001000101010
000010001100110000000000000000001000100010
000010001100111000000000000000001000011000
000010001100111000000000000000001001111111
000010001101000000000000000000001001111001
000010001101000000000000000000001010000000
000010001101000000000000000000001010000011
000010001101101000000000000000001001111100
000010001101101000000000000000001001111101
000010001101101000000000000000001000000001
000010001101111000000000000000000011000010
000010001101111000000000000000001000010110
000010001110001000000000000000000100100011
000010001110001000000000000000000111101110
000010001110010000000000000000001000000000
000010001110011000000000000000001010000100
000010001110101000000000000000001000010010
000010001111010000000000000000000111110000
000010001111011000000000000000001001111010
000010001111011000000000000000001010011111
000010001111100000000000000000001000000100
000010001111100000000000000000001010011110
000010001111101000000000000000000111100111
000010001111101000000000000000001001101010
000010001111111000000000000000001001110100
000010001111111000000000000000001001110101
000010010000010000000000000000001001101111
000010010000100000000000000000001001101110
000010010000100000000000000000001001110000
000010010000100000000000000000001001110110
000010010000100000000000000000001010011011
000010010000101000000000000000000111011000
000010010000110000000000000000001001111011
000010010001000000000000000000000101000001
000010010001000000000000000000001010011100
000010010001001000000000000000000100000010
000010010001001000000000000000000010010011
000010010001001000000000000000000100111000
000010010001001000000000000000000111010010
000010010001011000000000000000001001101000
000010010001100000000000000000001001101001
000010010001101000000000000000001010011010
000010010010000000000000000000001001101011
000010010010000000000000000000001001101100
000010010010001000000000000000001001100011
000010010010011000000000000000001001100000
000010010010110000000000000000001001100101
000010010011000000000000000000001010010101
000010010011010000000000000000001010011001
000010010011011000000000000000000101001001
000010010011011000000000000000001001100100
000010010011011000000000000000001001100110
000010010011100000000000000000001010010111
000010010011101000000000000000001001010110
000010010011110000000000000000001001100111
000010010011110000000000000000001010010011
000010010011110000000000000000001001011110
000010010100000000000000000000001001011001
000010010100010000000000000000001001001111
000010010100010000000000000000001001010010
000010010100010000000000000000001001011100
000010010100011000000000000000001010010100
000010010100101000000000000000001010010110
000010010100111000000000000000001001010001
000010010101001000000000000000001001010100
000010010101001000000000000000001001010101
000010010101010000000000000000001001011011
000010010101011000000000000000001001010011
000010010101011000000000000000001001010111
000010010101101000000000000000001000111101
000010010101111000000000000000001001000000
000010010101111000000000000000001001011010
000010010110000000000000000000001010010000
000010010110000000000000000000001010010010
000010010110001000000000000000001000111110
000010010110001000000000000000001001001110
000010010110010000000000000000001010010001
000010010110011000000000000000001000111010
000010010110101000000000000000001010001011
000010010110110000000000000000001000110110
000010010110111000000000000000001001001101
000010010110111000000000000000001010001101
000010010111000000000000000000001000111011
000010010111000000000000000000001001001010
000010010111000000000000000000001000111100
000010010111100000000000000000001000110000
000010010111100000000000000000001010001100
000010010111100000000000000000001010001110
000010010111100000000000000000001010001111
000010011000000000000000000000001000110001
000010011000011000000000000000001000110010
000010011000011000000000000000001010001000
000010011000101000000000000000001010001010
000010011000111000000000000000001010001001
000010011000111000000000000000001000100110
000010011000111000000000000000001000101010
000010011000111000000000000000001000101011
000010011000111000000000000000001010000110
000010011000111000000000000000001010000111
000010011001000000000000000000001000101110
000010011001011000000000000000001000101100
000010011001101000000000000000001000100100
000010011001110000000000000000001000011010
000010011001111000000000000000001010000101
000010011010000000000000000000001010000001
000010011010000000000000000000001010000011
000010011010000000000000000000001001111110
000010011010001000000000000000001000011011
000010011010011000000000000000001000010110
000010011010011000000000000000001000100001
000010011010100000000000000000001000101001
000010011010110000000000000000001010000000
000010011010110000000000000000001000010001
000010011010110000000000000000001000011111
000010011011000000000000000000001010000010
000010011011010000000000000000001001111111
000010011011010000000000000000001000000111
000010011011011000000000000000001000001111
000010011011101000000000000000001001111100
000010011011111000000000000000001001111011
000010011011111000000000000000001001111101
000010011100001000000000000000001001111001
000010011100010000000000000000001001110110
000010011100100000000000000000001001110011
000010011100111000000000000000001001111010
000010011100111000000000000000000111111001
000010011101001000000000000000000111110011
000010011101010000000000000000001001110100
000010011101100000000000000000001010100010
000010011101111000000000000000001001110000
000010011110000000000000000000001001110010
000010011110000000000000000000001001110101
000010011110001000000000000000000111100101
000010011110100000000000000000000111011000
000010011110100000000000000000001001101101
000010011110110000000000000000001010011101
000010011110110000000000000000000111010110
000010011111000000000000000000001001101001
000010011111000000000000000000001010100001
000010011111010000000000000000000000110001
000010011111011000000000000000001010011110
000010011111101000000000000000001001100110
000010011111111000000000000000001001100101
000010100000001000000000000000001001101011
000010100000011000000000000000001001101010
000010100000011000000000000000001010011001
000010100000101000000000000000001001011111
000010100000101000000000000000001010011011
000010100000101000000000000000001001100001
000010100000111000000000000000001001100111
000010100001010000000000000000001001100000
000010100001100000000000000000001001011001
000010100001100000000000000000001010011100
000010100001101000000000000000001010010111
000010100001110000000000000000001001100010
000010100001110000000000000000001001100011
000010100001111000000000000000001001100100
000010100010000000000000000000001001010101
000010100010010000000000000000001001001111
000010100010010000000000000000001001011011
000010100010011000000000000000001010010110
000010100010100000000000000000001001010001
000010100010100000000000000000001010010011
000010100010100000000000000000000000110011
000010100010100000000000000000001010010101
000010100010110000000000000000001010011000
000010100011000000000000000000001001010011
000010100011000000000000000000001010010010
000010100011001000000000000000001010010001
000010100011010000000000000000001001011010
000010100011111000000000000000001001000000
000010100100001000000000000000001010001110
000010100100011000000000000000001001000110
000010100100011000000000000000001010010100
000010100100100000000000000000001001001011
000010100100100000000000000000001010001111
000010100100110000000000000000001010001101
000010100100111000000000000000001001010110
000010100101010000000000000000001000111000
000010100101010000000000000000001001001001
000010100101010000000000000000001000111110
000010100101010000000000000000001001001100
000010100101100000000000000000001010001100
000010100101101000000000000000001000110010
000010100101111000000000000000001010010000
000010100110000000000000000000001001000100
000010100110010000000000000000001000110101
000010100110010000000000000000001010001011
000010100110011000000000000000001000101110
000010100110111000000000000000001000110001
000010100110111000000000000000001010001001
000010100111000000000000000000001000011110
000010100111001000000000000000001010000101
000010100111011000000000000000001000100100
000010100111100000000000000000001010000110
000010100111110000000000000000001000100101
000010100111111000000000000000001010001010
000010101000000000000000000000001000101011
000010101000010000000000000000001000010100
000010101000010000000000000000001000101001
000010101000010000000000000000001010000011
000010101000011000000000000000001010000111
000010101000100000000000000000001010000001
000010101000101000000000000000001010001000
000010101000110000000000000000001010000000
000010101000110000000000000000001010000010
000010101001000000000000000000001001111011
000010101001110000000000000000001001111100
000010101010000000000000000000001000010001
000010101010000000000000000000001001111001
000010101010000000000000000000001001111111
000010101010011000000000000000001000010011
000010101010100000000000000000000111101100
000010101010100000000000000000001001111110
000010101010110000000000000000001001111101
000010101010110000000000000000001010000100
000010101010111000000000000000000111101110
000010101010111000000000000000001000001100
000010101011000000000000000000000111110111
000010101011000000000000000000001001110011
000010101011010000000000000000000111110101
000010101011010000000000000000001001110111
000010101011010000000000000000001001111010
000010101011010000000000000000001010011111
000010101011011000000000000000001001101111
000010101011110000000000000000000111111000
000010101011111000000000000000001001110010
000010101011111000000000000000001001111000
000010101100000000000000000000001001110110
000010101100010000000000000000001001110101
000010101100100000000000000000001001110000
000010101100110000000000000000000111101101
000010101100110000000000000000001001101010
000010101100111000000000000000000111001000
000010101101000000000000000000000111100010
000010101101000000000000000000001010011110
000010101101000000000000000000001010100011
000010101101101000000000000000001010100001
000010101101111000000000000000001001100110
000010101101111000000000000000001001101110
000010101101111000000000000000001001110001
000010101101111000000000000000001010011100
000010101110000000000000000000001001101000
000010101110001000000000000000001001100111
000010101110001000000000000000000110011000
000010101110011000000000000000001001010111
000010101110100000000000000000000111000011
000010101110100000000000000000001001100100
000010101110100000000000000000001010011000
000010101110111000000000000000001010011011
000010101111000000000000000000001001011110
000010101111001000000000000000001010011010
000010101111010000000000000000000110110111
000010101111011000000000000000001001101101
000010101111100000000000000000001001100001
000010101111110000000000000000001001100010
000010110000100000000000000000001001010000
000010110000100000000000000000001010010110
000010110000100000000000000000001001011001
000010110000100000000000000000001001100000
000010110000100000000000000000001010010101
000010110000101000000000000000001001011100
000010110000110000000000000000001001001111
000010110000110000000000000000001001101010
000010110001010000000000000000001001001010
000010110001100000000000000000001001000010
000010110001100000000000000000001001000100
000010110010000000000000000000001001010100
000010110010000000000000000000001001011000
000010110010001000000000000000000100000111
000010110010001000000000000000001001000001
000010110010001000000000000000001001000110
000010110010010000000000000000001001011010
000010110010011000000000000000001010010001
000010110010100000000000000000001000111111
000010110010110000000000000000001000111110
000010110010110000000000000000001000111101
000010110011001000000000000000001001000000
000010110011010000000000000000001001010010
000010110011010000000000000000001010010010
000010110011011000000000000000001010001101
000010110011111000000000000000001010001100
000010110100000000000000000000001000101101
000010110100000000000000000000001001001011
000010110100001000000000000000001000110110
000010110100010000000000000000001000110101
000010110100010000000000000000001000110010
000010110100010000000000000000001000111000
000010110100101000000000000000001010001001
000010110100101000000000000000001010001010
000010110100111000000000000000001000110001
000010110101011000000000000000001010001011
000010110101011000000000000000001000101110
000010110101011000000000000000001000110000
000010110101011000000000000000001010000111
000010110101101000000000000000001000011001
000010110101101000000000000000001000101011
000010110110000000000000000000001010000101
000010110110001000000000000000001000011011
000010110110010000000000000000001000010010
000010110110100000000000000000001000100110
000010110110101000000000000000001000011111
000010110110101000000000000000001000100000
000010110110110000000000000000001000011100
000010110110111000000000000000001010000100
000010110111000000000000000000001000100100
000010110111000000000000000000001000100101
000010110111000000000000000000001010000110
000010110111010000000000000000001001111111
000010110111011000000000000000001001111101
000010110111100000000000000000001000001100
000010110111100000000000000000001000010001
000010110111111000000000000000001001111001
000010110111111000000000000000001001111110
000010111000000000000000000000001000100011
000010111000001000000000000000001010000001
000010111000010000000000000000000111111110
000010111000010000000000000000001001111000
000010111000011000000000000000001010000000
000010111000111000000000000000001000000000
000010111001000000000000000000001001110111
000010111001011000000000000000000111100011
000010111001011000000000000000001001110101
000010111001101000000000000000000111110010
000010111001101000000000000000001001111010
000010111001101000000000000000000111110000
000010111001101000000000000000001001111011
000010111001110000000000000000001001110110
000010111001111000000000000000000100000111
000010111010000000000000000000001001110001
000010111010000000000000000000001001110010
000010111010001000000000000000001001101111
000010111010010000000000000000001001110100
000010111010011000000000000000000111101011
000010111010100000000000000000001001101101
000010111010110000000000000000001001111100
000010111010111000000000000000001001101000
000010111010111000000000000000001010100001
000010111011010000000000000000001001101110
000010111011011000000000000000000111011110
000010111011100000000000000000001001101100
000010111011101000000000000000001010011011
000010111100001000000000000000001001101011
000010111100010000000000000000000110100101
000010111100011000000000000000000110110100
000010111100011000000000000000001010011100
000010111100100000000000000000000110010101
000010111100100000000000000000001001011101
000010111100101000000000000000001010011111
000010111100101000000000000000000110010111
000010111100110000000000000000001001100111
000010111100111000000000000000001001011110
000010111100111000000000000000001010011001
000010111101010000000000000000001001100100
000010111101101000000000000000001001100101
000010111101110000000000000000001001100001
000010111101110000000000000000001001001111
000010111101110000000000000000001001100110
000010111110000000000000000000000011100001
000010111110000000000000000000001001011100
000010111110010000000000000000001001101001
000010111110100000000000000000001010011010
000010111110101000000000000000001001001110
000010111110101000000000000000001001100010
000010111110110000000000000000001010010101
000010111110110000000000000000001010010110
000010111110110000000000000000001001010101
000010111111000000000000000000000011110000
000010111111000000000000000000001001001101
000010111111000000000000000000001001010011
000010111111000000000000000000001001010110
000010111111010000000000000000001001001010
000010111111101000000000000000001010010100
000010111111101000000000000000001001011010
000010111111110000000000000000001010010111
000010111111111000000000000000001001000010
000010111111111000000000000000001010011000
000010111111111000000000000000001001010001
000011000000001000000000000000001001001001
000011000000110000000000000000001001000011
000011000000110000000000000000001010010001
000011000000110000000000000000001010010011
000011000000111000000000000000001010010000
000011000001000000000000000000001000111000
000011000001010000000000000000001010001101
000011000001101000000000000000001001000000
000011000001110000000000000000001010001111
000011000010000000000000000000001000111001
000011000010000000000000000000001010001110
000011000010000000000000000000001000101111
000011000010000000000000000000001001000110
000011000010100000000000000000001000110101
000011000010101000000000000000001000110110
000011000010101000000000000000001000110111
000011000011000000000000000000001000110010
000011000011001000000000000000001000110001
000011000011001000000000000000001010001100
000011000011011000000000000000001000011110
000011000011011000000000000000001010000110
000011000011100000000000000000001010001001
000011000011101000000000000000001000100100
000011000011101000000000000000001000101101
000011000011110000000000000000001000101000
000011000100000000000000000000001010001010
000011000100010000000000000000001000010100
000011000100011000000000000000001010001000
000011000100011000000000000000001010000111
000011000100101000000000000000001000100110
000011000100110000000000000000001000100101
000011000100110000000000000000001010000011
000011000101000000000000000000001000011111
000011000101001000000000000000001010000010
000011000101001000000000000000001010000101
000011000101010000000000000000001000011100
000011000101100000000000000000000011001000
000011000101100000000000000000001000001100
000011000101100000000000000000001010000100
000011000101100000000000000000001010110000
000011000101110000000000000000001000011000
000011000101111000000000000000000100010010
000011000101111000000000000000001001111111
000011000110000000000000000000001001111101
000011000110010000000000000000001010000000
000011000110011000000000000000001010000001
000011000110011000000000000000001000001001
000011000110101000000000000000001000000101
000011000110101000000000000000001001111000
000011000111010000000000000000001000000000
000011000111011000000000000000001000001010
000011000111011000000000000000001001110100
000011000111100000000000000000001000001111
000011000111111000000000000000001001111110
000011001000010000000000000000000111110001
000011001000010000000000000000000111110010
000011001000011000000000000000000101010101
000011001000100000000000000000000011101111
000011001000110000000000000000001001110110
000011001000110000000000000000000111010111
000011001000110000000000000000001001111001
000011001001010000000000000000001001101010
000011001001010000000000000000001001110101
000011001001100000000000000000001001101101
000011001001111000000000000000001010110111
000011001010011000000000000000001001110001
000011001010011000000000000000001001100110
000011001010100000000000000000001010011101
000011001010101000000000000000001001101011
000011001010110000000000000000001001100011
000011001010111000000000000000001001101001
000011001011001000000000000000001001101110
000011001011011000000000000000000110101111
000011001011100000000000000000001010011010
000011001011101000000000000000000110011011
000011001011101000000000000000001010011001
000011001011110000000000000000001001011111
000011001100000000000000000000001001010111
000011001100010000000000000000001001100101
000011001100010000000000000000001010010111
000011001100011000000000000000001001100010
000011001100100000000000000000001001010001
000011001100100000000000000000001001011101
000011001100100000000000000000001001011110
000011001101000000000000000000001001011001
000011001101010000000000000000001001000101
000011001101010000000000000000001010010100
000011001101101000000000000000001001011100
000011001101101000000000000000001001000111
000011001101101000000000000000001001010011
000011001101101000000000000000001001011000
000011001101101000000000000000001010010011
000011001101111000000000000000001001000011
000011001101111000000000000000001001001000
000011001110000000000000000000001001100100
000011001110001000000000000000001001000001
000011001110100000000000000000001010010001
000011001110100000000000000000001010010110
000011001110100000000000000000001010011000
000011001110101000000000000000001001000100
000011001110110000000000000000001001000010
000011001110111000000000000000001001010000
000011001110111000000000000000001001010100
000011001110111000000000000000001001001111
000011001111000000000000000000001001001011
000011001111000000000000000000001010010010
000011001111001000000000000000001010010000
000011001111010000000000000000001001001001
000011001111010000000000000000001000111010
000011001111010000000000000000001010001111
000011001111011000000000000000001000111100
000011001111100000000000000000001001001110
000011001111110000000000000000001000111001
000011010000000000000000000000001000111000
000011010000011000000000000000001010001110
000011010000110000000000000000001000110110
000011010000111000000000000000001000110100
000011010000111000000000000000001010001100
000011010001001000000000000000001000111110
000011010001011000000000000000001010001010
000011010001110000000000000000001010001101
000011010001111000000000000000001000100111
000011010010001000000000000000001000101110
000011010010011000000000000000001000101100
000011010010100000000000000000001010000110
000011010010101000000000000000001000100010
000011010010110000000000000000001010001000
000011010010110000000000000000001010000100
000011010010110000000000000000001010000101
000011010010111000000000000000001010000011
000011010011001000000000000000001000100101
000011010011010000000000000000001000011010
000011010011010000000000000000001000011111
000011010011010000000000000000001000100000
000011010011111000000000000000001000001100
000011010100000000000000000000001000011011
000011010100100000000000000000001010000000
000011010100111000000000000000001000000001
000011010100111000000000000000001000010101
000011010100111000000000000000001001111000
000011010100111000000000000000001010000010
000011010100111000000000000000001010001001
000011010101001000000000000000001001110101
000011010101001000000000000000001001111101
000011010101001000000000000000001001111111
000011010101010000000000000000001000000101
000011010101101000000000000000000100100000
000011010101101000000000000000000111101110
000011010110000000000000000000000111110101
000011010110000000000000000000001001110110
000011010110001000000000000000000111100011
000011010110010000000000000000001001111011
000011010110110000000000000000001001111010
000011010110111000000000000000001001110011
000011010110111000000000000000001001110100
000011010111000000000000000000001010110101
000011010111100000000000000000001001101101
000011010111100000000000000000001010100000
000011010111101000000000000000000100010100
000011010111101000000000000000001001101010
000011010111101000000000000000001001101100
000011010111110000000000000000000111011000
000011010111110000000000000000001001110001
000011010111111000000000000000001010100011
000011011000010000000000000000001001101111
000011011000011000000000000000001001100011
000011011001001000000000000000001010100010
000011011001101000000000000000001001100000
000011011001101000000000000000001001100001
000011011010000000000000000000000110101011
000011011010000000000000000000000000100110
000011011010001000000000000000001001101011
000011011010010000000000000000001001101000
000011011010011000000000000000001001010111
000011011010011000000000000000001001100101
000011011010100000000000000000001001011110
000011011010110000000000000000001010010101
000011011011000000000000000000001001011111
000011011011000000000000000000001001011000
000011011011001000000000000000001010011100
000011011011010000000000000000001010010110
000011011011100000000000000000000100010011
000011011011100000000000000000001001001010
000011011011100000000000000000001010010100
000011011100001000000000000000000010111101
000011011100010000000000000000001001000100
000011011100011000000000000000001001001011
000011011100100000000000000000001001001000
000011011100100000000000000000001001001101
000011011100101000000000000000001001010010
000011011100101000000000000000001010010010
000011011100110000000000000000001001000011
000011011100111000000000000000001001001001
000011011100111000000000000000001001000001
000011011101001000000000000000001000111011
000011011101010000000000000000001001000110
000011011101011000000000000000001000111101
000011011101100000000000000000001000111110
000011011101101000000000000000001010010001
000011011101110000000000000000001001001111
000011011101110000000000000000001010010000
000011011110000000000000000000001000110110
000011011110011000000000000000001000110111
000011011110011000000000000000001010001111
000011011110101000000000000000001000110101
000011011110110000000000000000001000111001
000011011111000000000000000000001010001011
000011011111100000000000000000001000101100
000011011111101000000000000000001010001100
000011011111111000000000000000001000101110
000011011111111000000000000000001010001010
000011011111111000000000000000001000101111
000011011111111000000000000000001000110000
000011011111111000000000000000001010001101
000011100000001000000000000000000001010100
000011100000001000000000000000001010000111
000011100000010000000000000000001000101010
000011100000011000000000000000001000100111
000011100000011000000000000000001000100110
000011100000011000000000000000001000101001
000011100000101000000000000000001000101011
000011100000101000000000000000001010001000
000011100000110000000000000000001000100000
000011100001000000000000000000001000100001
000011100001001000000000000000001010001001
000011100001011000000000000000001000010100
000011100001011000000000000000001010000100
000011100001100000000000000000001000100011
000011100001100000000000000000001000100101
000011100010010000000000000000001000001111
000011100010010000000000000000001010000001
000011100010010000000000000000001000011010
000011100010100000000000000000001010000011
000011100010111000000000000000001000000101
000011100010111000000000000000001001111101
000011100011000000000000000000001000000111
000011100011001000000000000000001010000010
000011100011111000000000000000001001110111
000011100100000000000000000000001001111010
000011100100001000000000000000001001110011
000011100100010000000000000000000111111101
000011100100101000000000000000001001111000
000011100100101000000000000000001001111001
000011100100110000000000000000000111101101
000011100101000000000000000000000000001000
000011100101000000000000000000001001110100
000011100101000000000000000000000111100010
000011100101000000000000000000001001111011
000011100101001000000000000000000111011001
000011100101010000000000000000001001110001
000011100101100000000000000000001001110010
000011100101100000000000000000001001110101
000011100101101000000000000000001010011110
000011100101110000000000000000000111001110
000011100101110000000000000000000111010001
000011100110000000000000000000001010011111
000011100110000000000000000000001010100001
000011100110101000000000000000001010011010
000011100110110000000000000000001001011100
000011100111001000000000000000000111000000
000011100111001000000000000000001001101010
000011100111010000000000000000001001101011
000011100111101000000000000000001001100001
000011100111101000000000000000001001100110
000011100111111000000000000000001001100011
000011100111111000000000000000001001101111
000011100111111000000000000000001001110000
000011101000001000000000000000001001100111
000011101000100000000000000000001001110011
000011101000100000000000000000001010011000
000011101000101000000000000000001010010110
000011101000110000000000000000001010010111
000011101000110000000000000000001010011011
000011101000111000000000000000001001100100
000011101001000000000000000000001010010101
000011101001010000000000000000001001010011
000011101001011000000000000000000101100100
000011101001101000000000000000001010010100
000011101001110000000000000000001001011110
000011101001111000000000000000001001000011
000011101001111000000000000000001010011001
000011101010000000000000000000001001011010
000011101010011000000000000000001001000111
000011101010101000000000000000001001010111
000011101010110000000000000000001000111110
000011101010110000000000000000001010010010
000011101010111000000000000000001001001111
000011101010111000000000000000001001000101
000011101010111000000000000000001010010000
000011101011000000000000000000001001011101
000011101011001000000000000000001001001110
000011101011010000000000000000001001000010
000011101011100000000000000000001001000000
000011101011100000000000000000001001010010
000011101011110000000000000000001000111010
000011101100001000000000000000001010001111
000011101100001000000000000000001010010011
000011101100010000000000000000001000110111
000011101100010000000000000000001001001010
000011101100101000000000000000001010001110
000011101100110000000000000000001000111000
000011101100110000000000000000001000111011
000011101101000000000000000000001000110100
000011101101001000000000000000001000110001
000011101101010000000000000000001000111001
000011101101010000000000000000001010001011
000011101101010000000000000000001010010001
000011101101101000000000000000001000101110
000011101101101000000000000000001010001100
000011101101111000000000000000001010001010
000011101101111000000000000000001000110010
000011101101111000000000000000001000110101
000011101110001000000000000000001000101101
000011101110010000000000000000001000100111
000011101110010000000000000000001000110000
000011101110010000000000000000001010001001
000011101110011000000000000000001000101111
000011101110101000000000000000001010001000
000011101110101000000000000000001000100110
000011101110101000000000000000001000110110
000011101110110000000000000000000000010111
000011101110110000000000000000001000100011
000011101111000000000000000000001000011001
000011101111000000000000000000001000011100
000011101111000000000000000000001010001101
000011101111110000000000000000001010000111
000011101111110000000000000000001010000110
000011101111111000000000000000001000011110
000011110000000000000000000000001000011010
000011110000000000000000000000001001111101
000011110000000000000000000000001010000001
000011110000001000000000000000001000010001
000011110000001000000000000000001010000000
000011110000011000000000000000001010000010
000011110000011000000000000000001010000101
000011110000111000000000000000001010000100
000011110001001000000000000000001000000101
000011110001011000000000000000000110110110
000011110001011000000000000000001000010101
000011110001011000000000000000001000001011
000011110001011000000000000000001001111001
000011110001011000000000000000001010000011
000011110001101000000000000000001000010000
000011110001111000000000000000001001111000
000011110001111000000000000000000111111100
000011110001111000000000000000001000010011
000011110001111000000000000000001001111011
000011110010011000000000000000000111111011
000011110010011000000000000000001000001111
000011110010110000000000000000001001110101
000011110011000000000000000000001001111010
000011110011000000000000000000001001110110
000011110011110000000000000000001001110111
000011110011110000000000000000001001110100
000011110100100000000000000000001001110010
000011110100101000000000000000001010100011
000011110100110000000000000000001001101011
000011110100111000000000000000001001101000
000011110100111000000000000000001001101010
000011110100111000000000000000001010011011
000011110101000000000000000000001001100101
000011110101001000000000000000001001101100
000011110101010000000000000000001001101001
000011110101011000000000000000001001100100
000011110101110000000000000000001001100001
000011110110011000000000000000001001100010
000011110110011000000000000000001001100111
000011110110100000000000000000001010011100
000011110110101000000000000000001010011001
000011110111000000000000000000001010010111
000011110111001000000000000000001001011100
000011110111001000000000000000001010011110
000011110111011000000000000000001001010110
000011110111100000000000000000001001011011
000011110111100000000000000000001001010001
000011110111100000000000000000001010010110
000011110111101000000000000000001001011111
000011110111110000000000000000001001010101
000011111000010000000000000000001001001101
000011111000010000000000000000001010010101
000011111000011000000000000000001010010011
000011111000101000000000000000001001001110
000011111000110000000000000000001001000101
000011111000110000000000000000001010010001
000011111000111000000000000000001001001100
000011111000111000000000000000001001010010
000011111001000000000000000000001001001011
000011111001101000000000000000001000111101
000011111001101000000000000000001001000010
000011111001101000000000000000001000111110
000011111001110000000000000000001001000110
000011111010000000000000000000001000111010
000011111010010000000000000000001010001101
000011111010100000000000000000001001010100
000011111010110000000000000000001000111100
000011111010111000000000000000001000111001
000011111010111000000000000000001010001111
000011111011010000000000000000001000110000
000011111011010000000000000000001000110110
000011111011101000000000000000001000110101
000011111011110000000000000000001000110011
000011111011111000000000000000001010001011
000011111011111000000000000000001000101111
000011111011111000000000000000001000110010
000011111100001000000000000000001010001100
000011111100010000000000000000001000101100
000011111100010000000000000000001010010000
000011111100011000000000000000001010001110
000011111100111000000000000000001010001010
000011111101001000000000000000001000100001
000011111101001000000000000000001000101001
000011111101001000000000000000001010001001
000011111101010000000000000000001010000110
000011111101010000000000000000001010000111
000011111101110000000000000000001010001000
000011111101111000000000000000001000101010
000011111110000000000000000000001010000010
000011111110000000000000000000001000011110
000011111110001000000000000000001000100111
000011111110001000000000000000001000101000
000011111110001000000000000000001010000101
000011111110100000000000000000001000001100
000011111110100000000000000000001000100010
000011111110100000000000000000001010000011
000011111110110000000000000000001010000100
000011111110111000000000000000001010000001
000011111111000000000000000000001000010100
000011111111010000000000000000001000000111
000011111111110000000000000000001001111010
000011111111110000000000000000001001111100
000011111111111000000000000000001000000110
000100000000000000000000000000001001111101
000100000000110000000000000000000111111111
000100000000110000000000000000001000000011
000100000001010000000000000000000111110101
000100000001010000000000000000000100110000
000100000001010000000000000000000111110100
000100000001100000000000000000001001111000
000100000001110000000000000000001001110100
000100000001110000000000000000001010000011
000100000001110000000000000000000111101000
000100000010000000000000000000001001111001
000100000010000000000000000000001001110010
000100000010010000000000000000000011011010
000100000010100000000000000000000111100010
000100000010100000000000000000001001110111
000100000010110000000000000000001001101111
000100000011010000000000000000001001110000
000100000011010000000000000000001010011110
000100000011110000000000000000001001101000
000100000100000000000000000000001001100111
000100000100000000000000000000000000010100
000100000100010000000000000000000110111000
000100000100010000000000000000000110011101
000100000100010000000000000000001001101010
000100000100010000000000000000001001110011
000100000100100000000000000000001001100011
000100000100100000000000000000001010011000
000100000101000000000000000000001001100110
000100000101010000000000000000001001100101
000100000101110000000000000000001001011110
000100000101110000000000000000001001101011
000100000110000000000000000000000001011011
000100000110000000000000000000001001010000
000100000110000000000000000000001001100000
000100000110000000000000000000001010011001
000100000110010000000000000000000101011001
000100000110010000000000000000001001010110
000100000110100000000000000000001001001001
000100000110100000000000000000001001011111
000100000110110000000000000000001001001111
000100000110110000000000000000001001100010
000100000110110000000000000000001010010100
000100000111000000000000000000001001001011
000100000111010000000000000000001010010010
000100000111010000000000000000001001011101
000100000111100000000000000000001001001101
000100000111100000000000000000001001010101
000100000111110000000000000000001001011000
000100001000000000000000000000001010001111
000100001000010000000000000000001000111110
000100001000010000000000000000001001010010
000100001000010000000000000000001010001011
000100001000010000000000000000001010001101
000100001000100000000000000000001001010100
000100001000100000000000000000001001010111
000100001000110000000000000000001010001110
000100001000110000000000000000001001000110
000100001000110000000000000000001010001100
000100001000110000000000000000001000110111
000100001000110000000000000000001001001100
000100001001010000000000000000001010001010
000100001001010000000000000000001000111010
000100001001010000000000000000001001000000
000100001001110000000000000000001000110010
000100001010100000000000000000001000110000
000100001010100000000000000000001010001001
000100001010110000000000000000001000101111
000100001010110000000000000000001000110011
000100001010110000000000000000001010001000
000100001011000000000000000000001000101000
000100001011000000000000000000001000101010
000100001011010000000000000000001010110101
000100001011010000000000000000001000100111
000100001011100000000000000000001001000100
000100001011100000000000000000001000100100
000100001011100000000000000000001010000101
000100001011100000000000000000001010000111
000100001011110000000000000000001000100000
000100001100000000000000000000001010000100
000100001100010000000000000000001010000010
000100001100100000000000000000001000100110
000100001100110000000000000000001000011100
000100001100110000000000000000001000100011
000100001100110000000000000000001010000001
000100001101000000000000000000001000100001
000100001101100000000000000000001000000111
000100001101100000000000000000001000011111
000100001101100000000000000000001010000011
000100001110010000000000000000001010000000
000100001110010000000000000000001000000000
000100001110010000000000000000001000010000
000100001110010000000000000000001000010001
000100001110110000000000000000001001111111
000100001111000000000000000000001001111110
000100001111010000000000000000000110001110
000100001111010000000000000000001001111011
000100001111100000000000000000001001110011
000100001111100000000000000000001001110110
000100001111100000000000000000000111110010
000100001111100000000000000000000111110000
000100001111100000000000000000001001110111
000100001111110000000000000000001001110100
000100010000000000000000000000001001111001
000100010000000000000000000000001001111101
000100010000100000000000000000001001110000
000100010000110000000000000000001001110010
000100010001000000000000000000001001100101
000100010001000000000000000000001001101011
000100010001010000000000000000001001101100
000100010001010000000000000000001010100000
000100010001010000000000000000001001101111
000100010001010000000000000000001001110001
000100010001100000000000000000000111010111
000100010001100000000000000000001001111010
000100010001100000000000000000000111001000
000100010001110000000000000000001001101000
000100010001110000000000000000001001110101
000100010001110000000000000000001001100110
000100010010000000000000000000001001011111
000100010010010000000000000000001001101001
000100010010100000000000000000001001101110
000100010010110000000000000000001001100100
000100010011000000000000000000001001011010
000100010011100000000000000000000101101001
000100010011100000000000000000001001010110
000100010011100000000000000000001010011011
000100010011110000000000000000001001011110
000100010100000000000000000000001010010110
000100010100000000000000000000001010010001
000100010100100000000000000000001001100001
000100010100100000000000000000001010010010
000100010100100000000000000000001001011101
000100010101000000000000000000001001010000
000100010101000000000000000000001001010101
000100010101000000000000000000001001011001
000100010101010000000000000000001001001101
000100010101100000000000000000001001000101
000100010101110000000000000000001001001111
000100010110000000000000000000001010010011
000100010110000000000000000000001000111010
000100010110010000000000000000001010001101
000100010110010000000000000000000011001100
000100010110010000000000000000001001000100
000100010110100000000000000000001010001111
000100010110100000000000000000001000111000
000100010110100000000000000000001000111100
000100010110100000000000000000001010001110
000100010110110000000000000000001010001011
000100010110110000000000000000001010001010
000100010110110000000000000000001010010000
000100010110110000000000000000000000101110
000100010110110000000000000000001001001110
000100010111000000000000000000001000110111
000100010111000000000000000000001001000111
000100010111000000000000000000001010001000
000100010111010000000000000000001001010010
000100010111010000000000000000001000110100
000100010111100000000000000000001000110000
000100010111100000000000000000001000110010
000100010111100000000000000000001010001001
000100010111110000000000000000001010000111
000100011000000000000000000000001000110001
000100011000000000000000000000001010000110
000100011000010000000000000000001000101110
000100011000010000000000000000001000110011
000100011000010000000000000000001000101111
000100011001100000000000000000001010000101
000100011001110000000000000000001000101001
000100011001110000000000000000001010000100
000100011010000000000000000000001000011011
000100011010000000000000000000001010000011
000100011010010000000000000000001000100101
000100011010010000000000000000001000101011
000100011010010000000000000000001010000000
000100011010100000000000000000001000011010
000100011010110000000000000000001000101010
000100011011000000000000000000001000010111
000100011011010000000000000000001000001110
000100011011010000000000000000001010000010
000100011011010000000000000000001000011111
000100011011100000000000000000001000010011
000100011011100000000000000000001001111111
000100011011110000000000000000001000010100
000100011011110000000000000000000111111101
000100011100000000000000000000001000011000
000100011100000000000000000000001000000010
000100011100000000000000000000001001111101
000100011100010000000000000000001010000001
000100011100100000000000000000000111111110
000100011100100000000000000000001000010010
000100011100100000000000000000001001111110
000100011100110000000000000000001001111010
000100011101000000000000000000000111111001
000100011101010000000000000000000111110011
000100011101010000000000000000001001111100
000100011101100000000000000000001001110010
000100011101100000000000000000001001111011
000100011101100000000000000000000111110101
000100011101100000000000000000001001110101
000100011101100000000000000000001001110110
000100011101100000000000000000001001111000
000100011101110000000000000000001001111001
000100011101110000000000000000000111101100
000100011110010000000000000000000111011010
000100011110010000000000000000000111110010
000100011110100000000000000000001000110100
000100011110100000000000000000001001110001
000100011110110000000000000000001001101111
000100011110110000000000000000001001110000
000100011111000000000000000000001001110111
000100011111010000000000000000001001110011
000100011111100000000000000000000111100011
000100011111100000000000000000001001110100
000100011111110000000000000000001001101101
000100100000000000000000000000001001101010
000100100000010000000000000000001001100100
000100100000010000000000000000001001101011
000100100000010000000000000000001001100110
000100100000010000000000000000001001101110
000100100000110000000000000000001001101100
000100100000110000000000000000001001101001
000100100001010000000000000000001001100001
000100100001100000000000000000001010010000
000100100001110000000000000000001001011110
000100100001110000000000000000001010010011
000100100010000000000000000000001001011001
000100100010000000000000000000001001011010
000100100010000000000000000000001001010000
000100100010000000000000000000001001100000
000100100010100000000000000000001001010100
000100100010100000000000000000001010010101
000100100010110000000000000000001001100111
000100100010110000000000000000001001010111
000100100010110000000000000000001010001111
000100100011010000000000000000001001100011
000100100011100000000000000000001001001110
000100100011100000000000000000001010001110
000100100011100000000000000000001000111000
000100100011110000000000000000001001001100
000100100011110000000000000000001001001010
000100100100000000000000000000001000110110
000100100100000000000000000000001000111001
000100100100100000000000000000001010001011
000100100100100000000000000000001010001000
000100100100100000000000000000001001001011
000100100100110000000000000000001000110100
000100100101000000000000000000001000110000
000100100101000000000000000000001000110011
000100100101010000000000000000001000110010
000100100101010000000000000000001010001010
000100100101010000000000000000001001010101
000100100101100000000000000000001001000101
000100100101100000000000000000001000101100
000100100101100000000000000000001001000100
000100100101110000000000000000001000101111
000100100101110000000000000000001010001100
000100100101110000000000000000001001000000
000100100101110000000000000000001010000100
000100100110000000000000000000001010000110
000100100110000000000000000000000011110111
000100100110000000000000000000001010001101
000100100110010000000000000000001000101110
000100100110100000000000000000001001001000
000100100110100000000000000000001000101010
000100100110110000000000000000001000101101
000100100110110000000000000000001000101011
000100100111000000000000000000001010000001
000100100111010000000000000000001000101001
000100100111010000000000000000001010000101
000100100111110000000000000000001010000000
000100100111110000000000000000001010000010
000100100111110000000000000000001000100101
000100100111110000000000000000001000100110
000100100111110000000000000000001000100111
000100100111110000000000000000001000100001
000100100111110000000000000000001000101000
000100101000000000000000000000001000100011
000100101000010000000000000000001000100100
000100101000010000000000000000001000100000
000100101000010000000000000000001001111100
000100101000100000000000000000001000011110
000100101000100000000000000000001000100010
000100101000100000000000000000001000011101
000100101000110000000000000000001001111101
000100101000110000000000000000001001111111
000100101001110000000000000000001000011011
000100101001110000000000000000001000001110
000100101001110000000000000000001001111010
000100101001110000000000000000001000000011
000100101001110000000000000000001000010100
000100101001110000000000000000001000010111
000100101010000000000000000000001000000010
000100101010000000000000000000001000000001
000100101010000000000000000000001000010110
000100101010010000000000000000000111111011
000100101010010000000000000000000111111110
000100101010010000000000000000001000000000
000100101010010000000000000000001001111110
000100101010100000000000000000001000110100
000100101010100000000000000000001001110101
000100101010100000000000000000001001110111
000100101010100000000000000000000111111111
000100101010110000000000000000000111111010
000100101010110000000000000000001000001001
000100101010110000000000000000001000010001
000100101011000000000000000000000111111000
000100101011000000000000000000001001110110
000100101011000000000000000000001001111000
000100101011000000000000000000000111111001
000100101011000000000000000000001001111001
000100101011010000000000000000001001110010
000100101011010000000000000000001000110001
000100101011100000000000000000001001110000
000100101011100000000000000000001001111011
000100101011100000000000000000001001110100
000100101011110000000000000000001001110011
000100101011110000000000000000000111101010
000100101100000000000000000000000111110101
000100101100000000000000000000001001101101
000100101100000000000000000000001001110001
000100101100010000000000000000000111100001
000100101100010000000000000000000111011101
000100101100010000000000000000000110101000
000100101100100000000000000000001000101111
000100101100100000000000000000001001101100
000100101100110000000000000000001000101100
000100101100110000000000000000001001101010
000100101101000000000000000000001000101101
000100101101010000000000000000001000101010
000100101101010000000000000000001001101001
000100101101010000000000000000001001101011
000100101101100000000000000000000111010101
000100101101100000000000000000000111010110
000100101101100000000000000000000000111101
000100101101100000000000000000001001100111
000100101101100000000000000000001001101111
000100101101110000000000000000001001101000
000100101101110000000000000000000111011011
000100101101110000000000000000001000101011
000100101101110000000000000000001000101001
000100101110010000000000000000001001100101
000100101110100000000000000000000110110100
000100101110100000000000000000000110110001
000100101110100000000000000000001001101110
000100101110110000000000000000001001100001
000100101111000000000000000000001000100100
000100101111000000000000000000001001011110
000100101111000000000000000000001001100010
000100101111010000000000000000001001100000
000100101111010000000000000000001001100100
000100101111100000000000000000001001011111
000100101111100000000000000000001001010010
000100101111100000000000000000000110001111
000100101111100000000000000000001001011010
000100101111110000000000000000001010001100
000100110000000000000000000000001001011011
000100110000000000000000000000001001011100
000100110000000000000000000000001001011101
000100110000010000000000000000001001011001
000100110000110000000000000000001001010100
000100110000110000000000000000001001001011
000100110001000000000000000000001001010011
000100110001000000000000000000001010001011
000100110001000000000000000000001000001011
000100110001000000000000000000001000110011
000100110001000000000000000000001001001111
000100110001010000000000000000001001010101
000100110001100000000000000000001000001101
000100110001100000000000000000001000110100
000100110001110000000000000000001001010110
000100110010000000000000000000001001001101
000100110010000000000000000000001001001110
000100110010000000000000000000000010100001
000100110010000000000000000000001000110000
000100110010000000000000000000001001000100
000100110010000000000000000000001001001100
000100110010000000000000000000001000110010
000100110010000000000000000000001001010001
000100110010000000000000000000001010001101
000100110010010000000000000000001000101111
000100110010010000000000000000001001000010
000100110010100000000000000000001010000111
000100110010100000000000000000001000101101
000100110010110000000000000000001000000011
000100110010110000000000000000001000101011
000100110010110000000000000000001000101110
000100110010110000000000000000001010001010
000100110010110000000000000000001001010111
000100110010110000000000000000001010001000
000100110011000000000000000000001000101100
000100110011000000000000000000001001000000
000100110011010000000000000000001010000001
000100110011010000000000000000001010000011
000100110011010000000000000000001010000110
000100110011010000000000000000001000101010
000100110011100000000000000000001000101001
000100110011100000000000000000001001000101
000100110011100000000000000000001010000101
000100110011110000000000000000001000101000
000100110011110000000000000000001000100110
000100110011110000000000000000001001001001
000100110100000000000000000000001000100011
000100110100000000000000000000001000100101
000100110100000000000000000000001010000010
000100110100000000000000000000001010000100
000100110100010000000000000000001000111101
000100110100010000000000000000001000111111
000100110100010000000000000000001001000111
000100110100010000000000000000001000100111
000100110100100000000000000000001000100010
000100110100100000000000000000001001000011
000100110100110000000000000000001000111100
000100110100110000000000000000001001111110
000100110100110000000000000000001010000000
000100110101000000000000000000001000011111
000100110101000000000000000000001000100001
000100110101000000000000000000001001111111
000100110101010000000000000000001000011101
000100110101010000000000000000001000010111
000100110101100000000000000000001000011001
000100110101110000000000000000001000011110
000100110110000000000000000000001000111010
000100110110000000000000000000001000011010
000100110110000000000000000000001000011011
000100110110010000000000000000001000010001
000100110110010000000000000000001000011000
000100110110010000000000000000001000111011
000100110110010000000000000000001000100000
000100110110100000000000000000001000011100
000100110110100000000000000000001001111010
000100110110100000000000000000001000001110
000100110110100000000000000000001000010010
000100110110100000000000000000001000010110
000100110110100000000000000000001000000101
000100110110100000000000000000001000010101
000100110110110000000000000000001000000111
000100110110110000000000000000001000001100
000100110110110000000000000000001000001101
000100110110110000000000000000001000010011
000100110111000000000000000000001000001111
000100110111000000000000000000001000001000
000100110111010000000000000000001000000000
000100110111010000000000000000001000000110
000100110111010000000000000000001001111001
000100110111010000000000000000001000000011
000100110111010000000000000000001000110101
000100110111010000000000000000001001111000
000100110111100000000000000000000111111101
000100110111100000000000000000001000000010
000100110111100000000000000000001000001010
000100110111100000000000000000001001110100
000100110111100000000000000000000111111010
000100110111100000000000000000001000000001
000100110111100000000000000000001001110111
000100110111110000000000000000000111111111
000100110111110000000000000000000111111100
000100110111110000000000000000001000110010
000100111000000000000000000000000111111011
000100111000000000000000000000001000110011
000100111000000000000000000000001001110010
000100111000010000000000000000000111110101
000100111000010000000000000000001001101110
000100111000010000000000000000000111111000
000100111000010000000000000000001000101111
000100111000100000000000000000000111111001
000100111000100000000000000000001000110001
000100111000100000000000000000000111110110
000100111000110000000000000000000111110000
000100111000110000000000000000000111110111
000100111000110000000000000000000111110100
000100111000110000000000000000000111110011
000100111000110000000000000000001001110001
000100111001000000000000000000001001110110
000100111001000000000000000000000111110010
000100111001000000000000000000000111101010
000100111001000000000000000000001001110101
000100111001010000000000000000001000101010
000100111001010000000000000000000111101100
000100111001010000000000000000000111101111
000100111001010000000000000000001001110000
000100111001010000000000000000001001110011
000100111001100000000000000000000111110001
000100111001100000000000000000001001101101
000100111001100000000000000000001000101011
000100111001100000000000000000000111101011
000100111001110000000000000000000111100111
000100111001110000000000000000001000101110
000100111001110000000000000000001001101111
000100111010000000000000000000000111101000
000100111010000000000000000000000111101001
000100111010000000000000000000000111101110
000100111010000000000000000000001001101011
000100111010000000000000000000001001100110
000100111010010000000000000000000111010100
000100111010010000000000000000000111010110
000100111010010000000000000000001000101000
000100111010010000000000000000001001101100
000100111010010000000000000000000110111011
000100111010100000000000000000000111100011
000100111010100000000000000000001000100111
000100111010100000000000000000000111001100
000100111010100000000000000000000111101101
000100111010100000000000000000001000100101
000100111010100000000000000000001001100111
000100111010110000000000000000000111100010
000100111010110000000000000000000111100101
000100111010110000000000000000001000100110
000100111011000000000000000000000111010101
000100111011000000000000000000000111011001
000100111011000000000000000000001000100100
000100111011000000000000000000001001101000
000100111011000000000000000000001001101001
000100111011000000000000000000000111001110
000100111011000000000000000000000111011100
000100111011010000000000000000001001101010
000100111011010000000000000000000111010111
000100111011100000000000000000001000011111
000100111011100000000000000000000111000110
000100111011100000000000000000000111001010
000100111011100000000000000000001000100011
000100111011100000000000000000001001100010
000100111011110000000000000000001000100010
000100111011110000000000000000001001100011
000100111011110000000000000000000111000000
000100111011110000000000000000000111000010
000100111011110000000000000000001001011101
000100111011110000000000000000001001100001
000100111011110000000000000000001001100100
000100111011110000000000000000001001101110
000100111100000000000000000000001000100000
000100111100000000000000000000001001011110
000100111100010000000000000000001001100101
000100111100100000000000000000001001010011
000100111100100000000000000000001000011101
000100111100100000000000000000001000011110
000100111100100000000000000000001001011011
000100111100110000000000000000001001010110
000100111100110000000000000000001001010111
000100111100110000000000000000000110110000
000100111100110000000000000000000110110011
000100111101000000000000000000001000011001
000100111101000000000000000000001001011001
000100111101000000000000000000000110101011
000100111101000000000000000000001000011100
000100111101000000000000000000001010001101
000100111101010000000000000000001001100000
000100111101010000000000000000001010001110
000100111101010000000000000000001000011011
000100111101100000000000000000000110011110
000100111101100000000000000000001000010111
000100111101100000000000000000001001011111
000100111101110000000000000000000101110000
000100111101110000000000000000000110000100
000100111101110000000000000000001000011000
000100111101110000000000000000001001011100
000100111110000000000000000000001001010000
000100111110000000000000000000001001010001
000100111110000000000000000000001001011010
000100111110000000000000000000001000010100
000100111110000000000000000000001001001010
000100111110000000000000000000001001011000
000100111110010000000000000000001001010100
000100111110010000000000000000001001001110
000100111110100000000000000000001000001111
000100111110100000000000000000001000110010
000100111110110000000000000000001000111101
000100111110110000000000000000001001001100
000100111110110000000000000000001010001001
000100111110110000000000000000001000101111
000100111111000000000000000000001001000011
000100111111000000000000000000001001000110
000100111111000000000000000000001001010101
000100111111000000000000000000001000110011
000100111111010000000000000000001001000010
000100111111010000000000000000001000101101
000100111111010000000000000000001000101110
000100111111100000000000000000001001010010
000100111111100000000000000000001000000100
000100111111100000000000000000001000101100
000100111111100000000000000000001001000001
000100111111110000000000000000001000101011
000100111111110000000000000000001010001000
000101000000000000000000000000000111010010
000101000000000000000000000000000111010011
000101000000000000000000000000001010000101
000101000000010000000000000000001000101001
000101000000010000000000000000001000111110
000101000000010000000000000000001000100101
000101000000010000000000000000001000101010
000101000000010000000000000000001001000111
000101000000010000000000000000001010000010
000101000000100000000000000000001000111011
000101000000100000000000000000000111010110
000101000000110000000000000000001000101000
000101000000110000000000000000001000100111
000101000000110000000000000000001001000101
000101000000110000000000000000001010000110
000101000001000000000000000000001000100110
000101000001000000000000000000000100000000
000101000001000000000000000000001001000000
000101000001010000000000000000000111000000
000101000001010000000000000000001000100011
000101000001010000000000000000001001111111
000101000001100000000000000000001000011111
000101000001100000000000000000001010000001
000101000001100000000000000000001010000100
000101000001100000000000000000001000100000
000101000001110000000000000000001000100100
000101000001110000000000000000001000100001
000101000001110000000000000000001000100010
000101000001110000000000000000001010000011
000101000010000000000000000000001000011110
000101000010000000000000000000001000011101
000101000010010000000000000000001010000000
000101000010010000000000000000001000010101
000101000010100000000000000000001000011011
000101000010100000000000000000001000111000
000101000010100000000000000000001001111010
000101000010100000000000000000001001111100
000101000010100000000000000000001000011100
000101000010100000000000000000001001111011
000101000010100000000000000000001000011000
000101000010100000000000000000001000011010
000101000010100000000000000000001001111110
000101000010110000000000000000001000011001
000101000010110000000000000000001000010111
000101000011000000000000000000001000010011
000101000011000000000000000000001000010100
000101000011100000000000000000001000010000
000101000011100000000000000000001000010001
000101000011100000000000000000001000010110
000101000011100000000000000000001000000110
000101000011100000000000000000001000001110
000101000011100000000000000000001000110110
000101000011110000000000000000001000001011
000101000011110000000000000000001000001100
000101000011110000000000000000001000001101
000101000011110000000000000000001000010010
000101000011110000000000000000001001111000
000101000011110000000000000000000100010010
000101000011110000000000000000001000001001
000101000011110000000000000000001000001010
000101000100000000000000000000001000000011
000101000100000000000000000000001000001000
000101000100000000000000000000001001111101
000101000100000000000000000000001000110100
000101000100010000000000000000000111111110
000101000100010000000000000000001000000001
000101000100010000000000000000001000001111
000101000100010000000000000000001001110101
000101000100010000000000000000001001111001
000101000100100000000000000000000111111111
000101000100100000000000000000000111111000
000101000100100000000000000000000111111010
000101000100100000000000000000001000000101
000101000100100000000000000000001000000111
000101000100100000000000000000000111111101
000101000101000000000000000000000111110110
000101000101000000000000000000001000000000
000101000101000000000000000000001000000010
000101000101000000000000000000001000110000
000101000101000000000000000000000111111011
000101000101000000000000000000001001110010
000101000101000000000000000000000111111001
000101000101000000000000000000001000000100
000101000101010000000000000000000111110111
000101000101100000000000000000000111110100
000101000101110000000000000000001001110001
000101000101110000000000000000000111110010
000101000101110000000000000000000111110101
000101000101110000000000000000000111111100
000101000101110000000000000000001001101110
000101000110000000000000000000001001110100
000101000110000000000000000000000111110011
000101000110000000000000000000001000101101
000101000110010000000000000000000111110001
000101000110010000000000000000001001101111
000101000110010000000000000000001001110111
000101000110010000000000000000001001110000
000101000110010000000000000000000011011010
000101000110010000000000000000000111101111
000101000110100000000000000000000111101101
000101000110100000000000000000000111101110
000101000110100000000000000000001001101101
000101000110100000000000000000001000101011
000101000110100000000000000000000111101100
000101000110110000000000000000001000100111
000101000110110000000000000000001001101010
000101000110110000000000000000001001101011
000101000110110000000000000000001001101100
000101000110110000000000000000001000101001
000101000110110000000000000000000111110000
000101000111000000000000000000000111011110
000101000111000000000000000000000111100100
000101000111000000000000000000000111101000
000101000111000000000000000000000111101010
000101000111000000000000000000001000101000
000101000111000000000000000000000111101001
000101000111000000000000000000000111100101
000101000111000000000000000000001000100011
000101000111000000000000000000001000100110
000101000111000000000000000000001001100111
000101000111010000000000000000000111100110
000101000111010000000000000000001001100101
000101000111010000000000000000000111011111
000101000111010000000000000000000111101011
000101000111010000000000000000001000100101
000101000111100000000000000000000111100010
000101000111100000000000000000000111011101
000101000111100000000000000000000111000110
000101000111100000000000000000001001101000
000101000111110000000000000000000111010000
000101000111110000000000000000001000100001
000101000111110000000000000000000111011011
000101000111110000000000000000000111011100
000101000111110000000000000000001001100110
000101001000000000000000000000000111010001
000101001000000000000000000000000111011010
000101001000000000000000000000000111001011
000101001000000000000000000000000111001110
000101001000000000000000000000000111010111
000101001000000000000000000000000111100000
000101001000000000000000000000001000100100
000101001000010000000000000000000111010011
000101001000010000000000000000000111010101
000101001000010000000000000000000111011000
000101001000010000000000000000000111100001
000101001000010000000000000000000111000111
000101001000010000000000000000000111010110
000101001000010000000000000000001000011111
000101001000010000000000000000001001100011
000101001000100000000000000000000110111110
000101001000100000000000000000000111001001
000101001000100000000000000000000111001111
000101001000100000000000000000001000100000
000101001000100000000000000000001010100000
000101001000100000000000000000000111001010
000101001000100000000000000000001000011001
000101001000100000000000000000001001011010
000101001000100000000000000000001001100100
000101001000100000000000000000000110110100
000101001000100000000000000000001000011010
000101001000100000000000000000001001011100
000101001000100000000000000000001001101001
000101001000110000000000000000000110111010
000101001000110000000000000000000110110000
000101001000110000000000000000000110111100
000101001000110000000000000000001000011101
000101001000110000000000000000001001011101
000101001000110000000000000000001001100001
000101001001000000000000000000001000011100
000101001001010000000000000000001000011000
000101001001010000000000000000001000011011
000101001001010000000000000000001000011110
000101001001010000000000000000001010010010
000101001001010000000000000000000110110010
000101001001010000000000000000001001011011
000101001001010000000000000000001001011111
000101001001010000000000000000000110101011
000101001001010000000000000000000110101101
000101001001010000000000000000001001011001
000101001001010000000000000000001001100010
000101001001100000000000000000000111001100
000101001001100000000000000000001001010011
000101001001100000000000000000000110010010
000101001001100000000000000000000110011101
000101001001100000000000000000000101110011
000101001001100000000000000000000110101000
000101001001100000000000000000000110101100
000101001001100000000000000000000110110111
000101001001110000000000000000000110101110
000101001001110000000000000000001000010011
000101001001110000000000000000000110110001
000101001001110000000000000000001000010100
000101001001110000000000000000001010010110
000101001010000000000000000000000101100001
000101001010000000000000000000000110010001
000101001010000000000000000000000110000110
000101001010000000000000000000001000010001
000101001010000000000000000000001001011000
000101001010010000000000000000001000010111
000101001010010000000000000000000101111110
000101001010010000000000000000001001010100
000101001010010000000000000000001001001100
000101001010100000000000000000000110001000
000101001010100000000000000000001000001101
000101001010100000000000000000001000001110
000101001010100000000000000000001001010110
000101001010100000000000000000001000010000
000101001010110000000000000000001001001110
000101001010110000000000000000001000001100
000101001010110000000000000000001001000100
000101001010110000000000000000001001010001
000101001010110000000000000000001001010101
000101001010110000000000000000000101100010
000101001010110000000000000000001000000011
000101001010110000000000000000001001010010
000101001011000000000000000000000110000010
000101001011000000000000000000001000000101
000101001011000000000000000000001000001000
000101001011000000000000000000001001010000
000101001011000000000000000000001000110010
000101001011010000000000000000001000001010
000101001011010000000000000000000111101110
000101001011010000000000000000001001100000
000101001011010000000000000000000111101100
000101001011010000000000000000001001000111
000101001011010000000000000000001001001111
000101001011100000000000000000001000110001
000101001011100000000000000000001000000100
000101001011100000000000000000001000000110
000101001011100000000000000000000111110011
000101001011100000000000000000001000101100
000101001011110000000000000000000101011000
000101001011110000000000000000000111101010
000101001011110000000000000000001001000101
000101001011110000000000000000001000000010
000101001011110000000000000000001000101110
000101001011110000000000000000001000110011
000101001011110000000000000000001001001011
000101001100000000000000000000001001001010
000101001100000000000000000000000111101011
000101001100000000000000000000001010001000
000101001100000000000000000000000111111011
000101001100000000000000000000001010000101
000101001100010000000000000000001000101101
000101001100010000000000000000001010000111
000101001100010000000000000000001000101111
000101001100010000000000000000001001000110
000101001100010000000000000000001001001000
000101001100010000000000000000000111100111
000101001100100000000000000000000111100101
000101001100100000000000000000000111100110
000101001100100000000000000000000111100010
000101001100100000000000000000000111100011
000101001100100000000000000000001000101011
000101001100110000000000000000000101000010
000101001100110000000000000000000111011101
000101001100110000000000000000000111011111
000101001100110000000000000000001001000011
000101001100110000000000000000001000100110
000101001101000000000000000000000111100100
000101001101000000000000000000001000101010
000101001101000000000000000000000111010101
000101001101000000000000000000000111010110
000101001101000000000000000000001000100111
000101001101000000000000000000001010000100
000101001101000000000000000000000111001111
000101001101000000000000000000001001001101
000101001101000000000000000000001010000011
000101001101010000000000000000000111010010
000101001101010000000000000000000111010001
000101001101010000000000000000001000101001
000101001101010000000000000000000111001100
000101001101010000000000000000000111011000
000101001101100000000000000000001000100101
000101001101100000000000000000000111000101
000101001101100000000000000000000111100001
000101001101110000000000000000000111010000
000101001101110000000000000000001000100010
000101001101110000000000000000001001000001
000101001101110000000000000000000111000011
000101001101110000000000000000001001000000
000101001110000000000000000000000111001000
000101001110000000000000000000001010000010
000101001110010000000000000000000110111011
000101001110010000000000000000000111000010
000101001110010000000000000000001000100000
000101001110010000000000000000001000100001
000101001110010000000000000000001010000001
000101001110010000000000000000000111000000
000101001110100000000000000000000001101110
000101001110100000000000000000000110111001
000101001110100000000000000000000110111110
000101001110100000000000000000001000011011
000101001110100000000000000000001000011101
000101001110100000000000000000001000100100
000101001110100000000000000000001000111101
000101001110100000000000000000000100011000
000101001110100000000000000000001001111110
000101001110100000000000000000001001111111
000101001110110000000000000000001000100011
000101001110110000000000000000000110111000
000101001110110000000000000000000110111100
000101001110110000000000000000001000111010
000101001111000000000000000000000110110110
000101001111000000000000000000001000010110
000101001111000000000000000000001000111111
000101001111000000000000000000000110110010
000101001111000000000000000000001000111011
000101001111000000000000000000000110010101
000101001111000000000000000000001000010100
000101001111000000000000000000001000011111
000101001111010000000000000000001000011110
000101001111010000000000000000001001111101
000101001111010000000000000000000110101110
000101001111010000000000000000001000011000
000101001111010000000000000000001001000010
000101001111100000000000000000001000001111
000101001111100000000000000000001000010101
000101001111100000000000000000001000011001
000101001111100000000000000000001000011010
000101001111100000000000000000001000011100
000101001111100000000000000000001000010011
000101001111100000000000000000001001111100
000101001111100000000000000000000110001110
000101001111100000000000000000000110101000
000101001111100000000000000000000110101101
000101001111100000000000000000001000010111
000101001111110000000000000000000110100010
000101001111110000000000000000001000111000
000101001111110000000000000000001001111011
000101010000000000000000000000001000001100
000101010000000000000000000000001000110101
000101010000000000000000000000001001111000
000101010000000000000000000000001000110111
000101010000010000000000000000001000001110
000101010000010000000000000000001000010001
000101010000010000000000000000000110000110
000101010000010000000000000000001000010000
000101010000010000000000000000001001111010
000101010000010000000000000000000101111011
000101010000010000000000000000001000000100
000101010000010000000000000000001000001000
000101010000010000000000000000001000001101
000101010000010000000000000000001001110111
000101010000100000000000000000000110011000
000101010000100000000000000000001001110110
000101010000100000000000000000001000001001
000101010000100000000000000000001000000000
000101010000100000000000000000001000001011
000101010000110000000000000000001000000011
000101010000110000000000000000001000000111
000101010000110000000000000000001000000001
000101010001000000000000000000000111111110
000101010001000000000000000000001000000010
000101010001000000000000000000001000001010
000101010001000000000000000000000111111111
000101010001000000000000000000001000000110
000101010001000000000000000000001001110101
000101010001010000000000000000000111111101
000101010001010000000000000000001000101110
000101010001010000000000000000001001110011
000101010001100000000000000000000100011101
000101010001100000000000000000000101011101
000101010001100000000000000000000111110101
000101010001100000000000000000001000000101
000101010001110000000000000000000111111001
000101010001110000000000000000000111110010
000101010001110000000000000000001000110011
000101010001110000000000000000001001110010
000101010001110000000000000000000111111010
000101010001110000000000000000000111111011
000101010001110000000000000000000111111100
000101010010000000000000000000000010010110
000101010010000000000000000000000111110100
000101010010000000000000000000000111110110
000101010010000000000000000000000111111000
000101010010010000000000000000000111110111
000101010010010000000000000000001001110100
000101010010010000000000000000000111101110
000101010010010000000000000000000111110001
000101010010010000000000000000000111110000
000101010010010000000000000000000111110011
000101010010010000000000000000001000101010
000101010010100000000000000000001001111001
000101010010100000000000000000000111101111
000101010010110000000000000000001000101000
000101010010110000000000000000001001101101
000101010011000000000000000000001001110000
000101010011000000000000000000000111101101
000101010011010000000000000000000111101011
000101010011010000000000000000000111101100
000101010011100000000000000000000111101001
000101010011100000000000000000001001101001
000101010011100000000000000000001001110001
000101010011100000000000000000000111100110
000101010011100000000000000000001000100110
000101010011110000000000000000000111011110
000101010011110000000000000000001000100011
000101010011110000000000000000000111010000
000101010011110000000000000000000111011010
000101010011110000000000000000000111100011
000101010011110000000000000000000111100100
000101010011110000000000000000000111100111
000101010011110000000000000000000111101010
000101010011110000000000000000001001101000
000101010100000000000000000000000111010100
000101010100000000000000000000001001100110
000101010100000000000000000000000111100101
000101010100000000000000000000001001100101
000101010100000000000000000000001001101010
000101010100000000000000000000001001101011
000101010100000000000000000000000111011011
000101010100000000000000000000000111100001
000101010100000000000000000000001000100101
000101010100010000000000000000001000100001
000101010100010000000000000000000111001010
000101010100010000000000000000000111011100
000101010100010000000000000000001000100100
000101010100010000000000000000000111001001
000101010100010000000000000000000111001101
000101010100010000000000000000000111011111
000101010100100000000000000000000111100010
000101010100100000000000000000000111000001
000101010100100000000000000000000111001011
000101010100100000000000000000000111100000
000101010100100000000000000000000111000101
000101010100100000000000000000000111010111
000101010100100000000000000000000111011101
000101010100100000000000000000001000011101
000101010100110000000000000000000110110110
000101010100110000000000000000000111010001
000101010100110000000000000000000111011000
000101010100110000000000000000001001100011
000101010100110000000000000000000101011110
000101010100110000000000000000000111001000
000101010100110000000000000000001000100010
000101010100110000000000000000000111010011
000101010100110000000000000000000111010110
000101010100110000000000000000001000011001
000101010100110000000000000000001001101111
000101010101000000000000000000000111000100
000101010101000000000000000000001000011011
000101010101000000000000000000001000011111
000101010101000000000000000000001001100111
000101010101000000000000000000000110111010
000101010101000000000000000000001001011100
000101010101010000000000000000000111000010
000101010101010000000000000000000111000011
000101010101010000000000000000000111000110
000101010101010000000000000000001000010101
000101010101010000000000000000000110100100
000101010101010000000000000000000110111011
000101010101100000000000000000000110011110
000101010101100000000000000000000111001111
000101010101100000000000000000001000010100
000101010101100000000000000000001000011000
000101010101100000000000000000000110110100
000101010101100000000000000000001000011100
000101010101100000000000000000001001100100
000101010101100000000000000000000110101100
000101010101100000000000000000000110101110
000101010101100000000000000000000110111111
000101010101100000000000000000000111000111
000101010101100000000000000000000111001100
000101010101110000000000000000000110111000
000101010101110000000000000000001000010010
000101010101110000000000000000001001011010
000101010101110000000000000000001001100010
000101010101110000000000000000000110101001
000101010101110000000000000000001000010111
000101010110000000000000000000000110100001
000101010110000000000000000000001001011110
000101010110000000000000000000001001011101
000101010110010000000000000000000100011110
000101010110010000000000000000000110101101
000101010110010000000000000000001001100001
000101010110010000000000000000000101111110
000101010110010000000000000000000110011101
000101010110010000000000000000001001010100
000101010110010000000000000000001001010111
000101010110100000000000000000001000001101
000101010110100000000000000000000101111011
000101010110100000000000000000000110011100
000101010110100000000000000000001000010001
000101010110100000000000000000001000000100
000101010110110000000000000000000110010001
000101010110110000000000000000001000001110
000101010110110000000000000000001001011000
000101010110110000000000000000001000000111
000101010111000000000000000000001000010000
000101010111000000000000000000000101100101
000101010111000000000000000000000110010101
000101010111000000000000000000001000001010
000101010111000000000000000000001001010110
000101010111010000000000000000000101011010
000101010111010000000000000000000110010000
000101010111010000000000000000000110010011
000101010111010000000000000000001000001011
000101010111010000000000000000000101010000
000101010111010000000000000000000110001100
000101010111010000000000000000001001011111
000101010111010000000000000000000101000101
000101010111010000000000000000000101100110
000101010111010000000000000000001001010011
000101010111010000000000000000001001010101
000101010111100000000000000000000101010011
000101010111100000000000000000001001100000
000101010111100000000000000000001000000001
000101010111100000000000000000001001001110
000101010111100000000000000000001000000010
000101010111110000000000000000001001000111
000101010111110000000000000000000101001001
000101010111110000000000000000000101001111
000101010111110000000000000000001001001001
000101010111110000000000000000001010001000
000101010111110000000000000000000101101101
000101010111110000000000000000000110000000
000101010111110000000000000000000110001010
000101010111110000000000000000001000000101
000101011000000000000000000000000111101110
000101011000000000000000000000000111101111
000101011000000000000000000000000111110001
000101011000000000000000000000000111111101
000101011000000000000000000000001001001000
000101011000000000000000000000000101001000
000101011000000000000000000000000111101101
000101011000000000000000000000000111110010
000101011000000000000000000000001000000000
000101011000000000000000000000001010000111
000101011000010000000000000000000100100010
000101011000010000000000000000000100100101
000101011000010000000000000000001000101101
000101011000010000000000000000001001001100
000101011000010000000000000000000101001010
000101011000010000000000000000000111100100
000101011000010000000000000000000101000000
000101011000010000000000000000000101011101
000101011000100000000000000000001000110000
000101011000100000000000000000000111101010
000101011000100000000000000000000111101011
000101011000100000000000000000000100101101
000101011000100000000000000000001000101001
000101011000100000000000000000001000111110
000101011000110000000000000000001000101111
000101011000110000000000000000000111100110
000101011000110000000000000000000111101100
000101011000110000000000000000001001000101
000101011000110000000000000000001010000010
000101011001000000000000000000000111011011
000101011001000000000000000000001001000100
000101011001000000000000000000000111011111
000101011001000000000000000000000111100000
000101011001000000000000000000000111100101
000101011001000000000000000000001001001010
000101011001000000000000000000001001001111
000101011001000000000000000000001010000100
000101011001010000000000000000000011100101
000101011001010000000000000000000111011000
000101011001010000000000000000001001000011
000101011001010000000000000000000011111001
000101011001010000000000000000000111010110
000101011001010000000000000000000111010101
000101011001010000000000000000000111011010
000101011001010000000000000000000111011110
000101011001100000000000000000000111011101
000101011001100000000000000000000111010010
000101011001100000000000000000000111010111
000101011001100000000000000000001000101011
000101011001100000000000000000001010000110
000101011001100000000000000000000111010100
000101011001110000000000000000000111011100
000101011001110000000000000000001000100110
000101011001110000000000000000001001000010
000101011001110000000000000000001000100111
000101011010000000000000000000000111000110
000101011010000000000000000000000111000111
000101011010000000000000000000000111001000
000101011010000000000000000000001010000001
000101011010000000000000000000000111001100
000101011010000000000000000000001000100011
000101011010000000000000000000001001000000
000101011010000000000000000000001000101000
000101011010010000000000000000000111000000
000101011010010000000000000000001001000001
000101011010010000000000000000000110111110
000101011010010000000000000000001000011111
000101011010010000000000000000000111001010
000101011010010000000000000000001000100001
000101011010010000000000000000001000111101
000101011010010000000000000000001010000011
000101011010100000000000000000000111000101
000101011010100000000000000000000111001111
000101011010100000000000000000000111000100
000101011010100000000000000000001001111111
000101011010100000000000000000000110110111
000101011010100000000000000000001000111100
000101011010110000000000000000000111000010
000101011010110000000000000000001000011010
000101011010110000000000000000000110110001
000101011010110000000000000000001000011011
000101011010110000000000000000001000011110
000101011010110000000000000000001000100000
000101011011000000000000000000000110111010
000101011011000000000000000000000110111111
000101011011000000000000000000000110111000
000101011011000000000000000000001000011101
000101011011010000000000000000000110110000
000101011011010000000000000000000110110100
000101011011010000000000000000001000111011
000101011011010000000000000000001001000110
000101011011010000000000000000001000010011
000101011011010000000000000000001001111110
000101011011010000000000000000000110101010
000101011011010000000000000000001001111101
000101011011100000000000000000000110100110
000101011011100000000000000000000110101101
000101011011100000000000000000000110110010
000101011011100000000000000000001000011000
000101011011100000000000000000001000011001
000101011011100000000000000000000110100101
000101011011100000000000000000000110101011
000101011011100000000000000000000110101100
000101011011100000000000000000001000010110
000101011011100000000000000000000110011111
000101011011110000000000000000000110011001
000101011011110000000000000000001000111001
000101011011110000000000000000000110010110
000101011011110000000000000000000110100000
000101011011110000000000000000000110100001
000101011011110000000000000000000110101110
000101011011110000000000000000001000010010
000101011011110000000000000000001000010101
000101011011110000000000000000001001111011
000101011100000000000000000000001000010111
000101011100000000000000000000000110010010
000101011100000000000000000000000110011000
000101011100010000000000000000001000001111
000101011100010000000000000000001000010001
000101011100010000000000000000001000110111
000101011100010000000000000000001001111000
000101011100010000000000000000001001110110
000101011100010000000000000000000110001010
000101011100010000000000000000000110001101
000101011100010000000000000000000110001110
000101011100010000000000000000000110010011
000101011100010000000000000000000110010101
000101011100010000000000000000001000001101
000101011100100000000000000000000110000100
000101011100100000000000000000000110000110
000101011100100000000000000000001000001110
000101011100100000000000000000001000010000
000101011100100000000000000000001000110101
000101011100100000000000000000000110001011
000101011100100000000000000000001000001001
000101011100110000000000000000000101111001
000101011100110000000000000000000110000111
000101011100110000000000000000001001111001
000101011100110000000000000000000101010001
000101011100110000000000000000001001110111
000101011100110000000000000000001000000001
000101011100110000000000000000001000010100
000101011101000000000000000000000101110110
000101011101000000000000000000001000000111
000101011101000000000000000000001000001100
000101011101010000000000000000000011001011
000101011101010000000000000000000100111100
000101011101010000000000000000000101010110
000101011101010000000000000000000111111101
000101011101010000000000000000001000000011
000101011101010000000000000000001000001010
000101011101010000000000000000001001110100
000101011101010000000000000000000101010111
000101011101010000000000000000001001111100
000101011101100000000000000000000101010010
000101011101100000000000000000001000000100
000101011101100000000000000000001000000110
000101011101100000000000000000000111111000
000101011101100000000000000000001000001000
000101011101100000000000000000000100110100
000101011101100000000000000000000101000000
000101011101100000000000000000000101001110
000101011101100000000000000000001000000101
000101011101100000000000000000001001111010
000101011101110000000000000000000111111110
000101011101110000000000000000000101000010
000101011101110000000000000000000111111100
000101011101110000000000000000001000000010
000101011110000000000000000000000111110011
000101011110000000000000000000000100010110
000101011110000000000000000000000111110101
000101011110000000000000000000001001110011
000101011110010000000000000000000111110110
000101011110010000000000000000000111110100
000101011110010000000000000000001000110001
000101011110100000000000000000000101011010
000101011110100000000000000000001000101100
000101011110100000000000000000001001101111
000101011110100000000000000000000100000100
000101011110100000000000000000000111111010
000101011110100000000000000000001000101101
000101011110100000000000000000001001110001
000101011110100000000000000000000111111001
000101011110110000000000000000000111110001
000101011110110000000000000000001000101010
000101011110110000000000000000000111110010
000101011110110000000000000000000111110000
000101011111000000000000000000000111101110
000101011111000000000000000000001001101011
000101011111000000000000000000000111101111
000101011111000000000000000000000111110111
000101011111010000000000000000000111101010
000101011111010000000000000000000111101001
000101011111100000000000000000000111101000
000101011111100000000000000000000111101100
000101011111100000000000000000001000101001
000101011111100000000000000000001001110000
000101011111110000000000000000000111100100
000101011111110000000000000000000111100110
000101011111110000000000000000000111101011
000101011111110000000000000000001000100101
000101011111110000000000000000001001101100
000101011111110000000000000000001001101101
000101100000000000000000000000000111011111
000101100000000000000000000000000111010011
000101100000000000000000000000000111011101
000101100000010000000000000000000111011100
000101100000010000000000000000000111011110
000101100000010000000000000000000111100010
000101100000010000000000000000001000100010
000101100000010000000000000000000111010100
000101100000010000000000000000000111100011
000101100000010000000000000000000111100101
000101100000010000000000000000001000100011
000101100000010000000000000000001001100010
000101100000100000000000000000000111010000
000101100000100000000000000000000111010101
000101100000100000000000000000000111011011
000101100000110000000000000000000111010111
000101100000110000000000000000000111100001
000101100000110000000000000000000111001001
000101100000110000000000000000000111011010
000101100000110000000000000000000111011001
000101100001000000000000000000000111011000
000101100001000000000000000000000110111000
000101100001000000000000000000000111000001
000101100001010000000000000000000110111010
000101100001010000000000000000000110111110
000101100001010000000000000000000111000011
000101100001010000000000000000001001100110
000101100001100000000000000000000111010001
000101100001100000000000000000000100100110
000101100001100000000000000000000110111100
000101100001100000000000000000000111010110
000101100001100000000000000000000110111101
000101100001100000000000000000000111000100
000101100001110000000000000000000101010100
000101100001110000000000000000000101110111
000101100001110000000000000000001000010111
000101100001110000000000000000000100100100
000101100001110000000000000000000111001011
000101100001110000000000000000001000011001
000101100001110000000000000000001001100100
000101100001110000000000000000001001101000
000101100010000000000000000000000110101010
000101100010000000000000000000000110101111
000101100010000000000000000000001000011011
000101100010000000000000000000000101101100
000101100010000000000000000000000110110111
000101100010000000000000000000000111000111
000101100010000000000000000000001001100111
000101100010000000000000000000001001011100
000101100010010000000000000000000101001001
000101100010010000000000000000000110101011
000101100010010000000000000000001001011011
000101100010010000000000000000001001100001
000101100010010000000000000000001001100101
000101100010010000000000000000000101010110
000101100010010000000000000000000110011100
000101100010010000000000000000001000010011
000101100010010000000000000000001001100000
000101100010010000000000000000000110010001
000101100010010000000000000000000110100000
000101100010010000000000000000000110100010
000101100010010000000000000000000110100101
000101100010010000000000000000000110101100
000101100010010000000000000000000110110101
000101100010010000000000000000000111000110
000101100010010000000000000000001001011010
000101100010100000000000000000000101001010
000101100010100000000000000000000110100111
000101100010100000000000000000001001011110
000101100010100000000000000000000101010000
000101100010100000000000000000000110011101
000101100010100000000000000000000110101001
000101100010100000000000000000001000011000
000101100010100000000000000000000110010110
000101100010110000000000000000000110001011
000101100010110000000000000000000110001111
000101100010110000000000000000000110011000
000101100010110000000000000000000101000000
000101100010110000000000000000000110100100
000101100010110000000000000000000110001001
000101100010110000000000000000001001010100
000101100010110000000000000000001001011001
000101100011000000000000000000001001010110
000101100011000000000000000000000101111100
000101100011000000000000000000000110100110
000101100011000000000000000000000110110011
000101100011000000000000000000001000001100
000101100011000000000000000000001000010000
000101100011000000000000000000001001011101
000101100011000000000000000000000110001000
000101100011010000000000000000000110100001
000101100011010000000000000000001000000110
000101100011010000000000000000001000001010
000101100011010000000000000000001001010000
000101100011010000000000000000000110011011
000101100011010000000000000000001000001000
000101100011010000000000000000000101000001
000101100011010000000000000000000110000101
000101100011010000000000000000000110010010
000101100011010000000000000000001000001001
000101100011010000000000000000001000001111
000101100011100000000000000000000100111110
000101100011100000000000000000001000001011
000101100011100000000000000000000100010111
000101100011100000000000000000000100100000
000101100011100000000000000000000101101101
000101100011100000000000000000000101101110
000101100011100000000000000000000111101110
000101100011100000000000000000001001010010
000101100011100000000000000000001001010011
000101100011100000000000000000001001010111
000101100011100000000000000000001010001001
000101100011110000000000000000000111111111
000101100011110000000000000000001001010001
000101100011110000000000000000001001011000
000101100011110000000000000000000101111011
000101100011110000000000000000000110000110
000101100011110000000000000000000100010100
000101100011110000000000000000000100100111
000101100011110000000000000000000100111101
000101100011110000000000000000000101011011
000101100011110000000000000000001000000000
000101100100000000000000000000000011111010
000101100100000000000000000000000101001111
000101100100000000000000000000000101100010
000101100100000000000000000000001001001011
000101100100000000000000000000000100000001
000101100100000000000000000000000101010001
000101100100000000000000000000000111110000
000101100100000000000000000000001001001000
000101100100000000000000000000000101000101
000101100100010000000000000000000100011111
000101100100010000000000000000000101000011
000101100100010000000000000000000101001000
000101100100010000000000000000000111101111
000101100100010000000000000000000100011001
000101100100010000000000000000000101110101
000101100100010000000000000000000111101010
000101100100010000000000000000000101001110
000101100100010000000000000000000111111011
000101100100010000000000000000000111111101
000101100100010000000000000000001000101100
000101100100010000000000000000001001001111
000101100100010000000000000000001001010101
000101100100100000000000000000000100101100
000101100100100000000000000000000111101101
000101100100100000000000000000000111011110
000101100100100000000000000000001001001010
000101100100100000000000000000000100111000
000101100100100000000000000000001001000010
000101100100110000000000000000000100101101
000101100100110000000000000000000111100000
000101100100110000000000000000001001000110
000101100100110000000000000000000100001110
000101100100110000000000000000000100010001
000101100100110000000000000000000111100111
000101100100110000000000000000000111101011
000101100100110000000000000000001001001001
000101100101000000000000000000000011111011
000101100101000000000000000000001000101101
000101100101000000000000000000001000110001
000101100101000000000000000000001001000011
000101100101000000000000000000000011111000
000101100101000000000000000000000100101001
000101100101000000000000000000000100101011
000101100101000000000000000000000100110011
000101100101000000000000000000000101001101
000101100101000000000000000000000111100001
000101100101000000000000000000000111100010
000101100101000000000000000000001001000100
000101100101010000000000000000001000101010
000101100101010000000000000000001001001101
000101100101010000000000000000000100000110
000101100101100000000000000000000111100110
000101100101100000000000000000000011111101
000101100101100000000000000000000111010011
000101100101100000000000000000000111010110
000101100101100000000000000000000111010111
000101100101100000000000000000000111011010
000101100101100000000000000000001000101001
000101100101100000000000000000001001000101
000101100101100000000000000000000111001111
000101100101100000000000000000000111011000
000101100101100000000000000000000111011100
000101100101100000000000000000001001000111
000101100101110000000000000000000100111100
000101100101110000000000000000000101000100
000101100101110000000000000000000111010100
000101100101110000000000000000001000100111
000101100101110000000000000000001000111110
000101100101110000000000000000000111011011
000101100101110000000000000000001000100100
000101100110000000000000000000001000100101
000101100110000000000000000000000111010000
000101100110000000000000000000000111010010
000101100110000000000000000000001001000000
000101100110010000000000000000000111001100
000101100110010000000000000000001001001100
000101100110010000000000000000000011110001
000101100110010000000000000000000111000010
000101100110010000000000000000000111000110
000101100110010000000000000000000111001101
000101100110010000000000000000001000111011
000101100110100000000000000000000111001010
000101100110100000000000000000000111000100
000101100110100000000000000000000111000101
000101100110100000000000000000001000100001
000101100110100000000000000000001000100011
000101100110100000000000000000000111000111
000101100110100000000000000000001000011110
000101100110110000000000000000000111000001
000101100110110000000000000000000111001110
000101100110110000000000000000000110111001
000101100110110000000000000000000110111011
000101100110110000000000000000000111001000
000101100110110000000000000000000110111000
000101100110110000000000000000000110111111
000101100110110000000000000000001000011011
000101100110110000000000000000001000111010
000101100110110000000000000000001001111111
000101100111000000000000000000000110110100
000101100111000000000000000000001000011111
000101100111000000000000000000000110111100
000101100111010000000000000000000110110110
000101100111010000000000000000000100001011
000101100111010000000000000000001000111111
000101100111010000000000000000000110101000
000101100111010000000000000000000110101100
000101100111010000000000000000000110101110
000101100111010000000000000000000110101111
000101100111010000000000000000001000011001
000101100111010000000000000000001000111000
000101100111100000000000000000000110111010
000101100111100000000000000000000110101101
000101100111100000000000000000001001000001
000101100111100000000000000000001000011100
000101100111110000000000000000000110010110
000101100111110000000000000000000110101001
000101100111110000000000000000001000010100
000101100111110000000000000000001001111011
000101100111110000000000000000000110100010
000101100111110000000000000000001000011101
000101100111110000000000000000000110101011
000101100111110000000000000000000110110001
000101101000000000000000000000000110110000
000101101000000000000000000000001001110111
000101101000000000000000000000001001111101
000101101000000000000000000000000000010110
000101101000000000000000000000000110101010
000101101000000000000000000000000110010101
000101101000000000000000000000000110100011
000101101000010000000000000000000100100110
000101101000010000000000000000000110010001
000101101000010000000000000000001000010101
000101101000010000000000000000001000010110
000101101000010000000000000000000011100100
000101101000010000000000000000000110001011
000101101000010000000000000000000110011000
000101101000010000000000000000000101000001
000101101000010000000000000000001000001100
000101101000010000000000000000001000010010
000101101000010000000000000000001001111100
000101101000100000000000000000000110000111
000101101000100000000000000000001000010111
000101101000110000000000000000001000001011
000101101000110000000000000000001000001110
000101101000110000000000000000001001110110
000101101000110000000000000000001001111000
000101101000110000000000000000001001111010
000101101000110000000000000000000110000100
000101101000110000000000000000000100011010
000101101000110000000000000000000110000011
000101101000110000000000000000001000110100
000101101001000000000000000000000101100101
000101101001000000000000000000000101110000
000101101001000000000000000000000101111010
000101101001000000000000000000000101111101
000101101001000000000000000000000110000101
000101101001000000000000000000000100111111
000101101001000000000000000000000101000010
000101101001000000000000000000000101100100
000101101001010000000000000000000101110001
000101101001010000000000000000001000000101
000101101001010000000000000000000101010000
000101101001010000000000000000000101100011
000101101001010000000000000000000101101111
000101101001010000000000000000000111111111
000101101001010000000000000000001000000011
000101101001100000000000000000001000010000
000101101001100000000000000000000100110010
000101101001100000000000000000000100110111
000101101001100000000000000000001000000010
000101101001100000000000000000001000001000
000101101001110000000000000000001000000111
000101101001110000000000000000000011101101
000101101001110000000000000000000111111100
000101101001110000000000000000000101101100
000101101001110000000000000000000111110111
000101101001110000000000000000001000110001
000101101001110000000000000000001001110101
000101101010000000000000000000000100100010
000101101010000000000000000000000111111010
000101101010000000000000000000000111111110
000101101010000000000000000000000111110100
000101101010000000000000000000000111111101
000101101010000000000000000000000111110101
000101101010010000000000000000000100010000
000101101010010000000000000000000101000101
000101101010010000000000000000000100111110
000101101010010000000000000000000111110110
000101101010010000000000000000000111111000
000101101010010000000000000000000111111011
000101101010100000000000000000001000101010
000101101010100000000000000000001000000000
000101101010100000000000000000001000101100
000101101010100000000000000000001001101111
000101101010100000000000000000001001110010
000101101010100000000000000000001001110011
000101101010110000000000000000000100011011
000101101011000000000000000000000111110010
000101101011000000000000000000000111101100
000101101011000000000000000000001001101110
000101101011010000000000000000000111101110
000101101011010000000000000000001001101101
000101101011010000000000000000001000101011
000101101011100000000000000000000111110000
000101101011100000000000000000000111110001
000101101011100000000000000000001001101001
000101101011100000000000000000001000100100
000101101011110000000000000000000111100100
000101101011110000000000000000000111100101
000101101011110000000000000000000111101111
000101101011110000000000000000001000100010
000101101100000000000000000000000111101000
000101101100000000000000000000001001101011
000101101100000000000000000000000111101001
000101101100000000000000000000000110010100
000101101100000000000000000000000111010101
000101101100000000000000000000000111101101
000101101100010000000000000000000111100110
000101101100010000000000000000000111100111
000101101100010000000000000000001001100110
000101101100010000000000000000000111010011
000101101100100000000000000000000111100010
000101101100100000000000000000000111100000
000101101100110000000000000000000111101010
000101101100110000000000000000001000011101
000101101101000000000000000000000111100001
000101101101000000000000000000001000011001
000101101101000000000000000000000101111110
000101101101000000000000000000000111011011
000101101101000000000000000000000111011110
000101101101000000000000000000001001100101
000101101101000000000000000000000111001101
000101101101000000000000000000000111011101
000101101101000000000000000000001001100001
000101101101010000000000000000001000011110
000101101101010000000000000000000111001010
000101101101010000000000000000000111010010
000101101101010000000000000000001001101010
000101101101010000000000000000000110111010
000101101101010000000000000000001001100111
000101101101100000000000000000001000011011
000101101101110000000000000000000101011011
000101101101110000000000000000000111000101
000101101101110000000000000000000111001011
000101101101110000000000000000000110101001
000101101101110000000000000000000110110010
000101101101110000000000000000000110111110
000101101101110000000000000000000111001001
000101101110000000000000000000000101010111
000101101110000000000000000000000110111011
000101101110000000000000000000001001011110
000101101110000000000000000000000101000111
000101101110000000000000000000000110011010
000101101110000000000000000000000110110111
000101101110000000000000000000001001100010
000101101110000000000000000000000101011000
000101101110000000000000000000000111001111
000101101110010000000000000000000110101111
000101101110010000000000000000001010001011
000101101110010000000000000000000101011111
000101101110010000000000000000001001011111
000101101110010000000000000000001001100011
000101101110010000000000000000000101001001
000101101110010000000000000000000110011101
000101101110010000000000000000000111000010
000101101110010000000000000000000111000100
000101101110100000000000000000001000010111
000101101110100000000000000000000110110001
000101101110100000000000000000001000001111
000101101110100000000000000000001000010001
000101101110100000000000000000001000010101
000101101110100000000000000000001001011101
000101101110110000000000000000000110110100
000101101110110000000000000000000101010001
000101101110110000000000000000000110011111
000101101110110000000000000000001010001100
000101101110110000000000000000000110011110
000101101110110000000000000000000110100011
000101101111000000000000000000000101000011
000101101111000000000000000000000110001100
000101101111000000000000000000000110011100
000101101111000000000000000000000110110101
000101101111000000000000000000000110100111
000101101111000000000000000000001000001000
000101101111000000000000000000000110000100
000101101111000000000000000000000110010000
000101101111000000000000000000001000001010
000101101111000000000000000000001001011001
000101101111010000000000000000000101110001
000101101111010000000000000000000110010010
000101101111010000000000000000001001011000
000101101111010000000000000000000101010101
000101101111010000000000000000001000001100
000101101111010000000000000000000100110000
000101101111010000000000000000000110000010
000101101111010000000000000000001001010011
000101101111100000000000000000000100100100
000101101111100000000000000000000110000101
000101101111100000000000000000001001010010
000101101111100000000000000000001001010100
000101101111100000000000000000001001100000
000101101111100000000000000000000100000011
000101101111100000000000000000000101111011
000101101111100000000000000000000110000011
000101101111100000000000000000000110001101
000101101111110000000000000000000100101101
000101101111110000000000000000000110001000
000101101111110000000000000000000111110001
000101101111110000000000000000001000000100
000101101111110000000000000000000101110111
000101101111110000000000000000000110010101
000101101111110000000000000000000101111001
000101101111110000000000000000001000000101
000101101111110000000000000000001001001101
000101110000000000000000000000000100001011
000101110000000000000000000000000100101110
000101110000000000000000000000000100100011
000101110000000000000000000000000100111110
000101110000000000000000000000000101000101
000101110000000000000000000000000101110011
000101110000000000000000000000000101111000
000101110000010000000000000000001000000011
000101110000010000000000000000001001010101
000101110000010000000000000000000101010000
000101110000010000000000000000000111101011
000101110000010000000000000000000111101110
000101110000010000000000000000001001001110
000101110000010000000000000000000100000101
000101110000010000000000000000000100101010
000101110000100000000000000000001001001100
000101110000100000000000000000000111101100
000101110000100000000000000000000100011110
000101110000100000000000000000000100110001
000101110000100000000000000000000100110110
000101110000100000000000000000000101001011
000101110000100000000000000000000101011010
000101110000100000000000000000000101111101
000101110000100000000000000000000111101010
000101110000110000000000000000000011100110
000101110000110000000000000000000100100010
000101110000110000000000000000000101001000
000101110000110000000000000000001000000000
000101110000110000000000000000001001011011
000101110000110000000000000000000101000001
000101110000110000000000000000001001001000
000101110000110000000000000000001001001011
000101110000110000000000000000000100011100
000101110000110000000000000000000111100100
000101110000110000000000000000000111100101
000101110000110000000000000000000111111001
000101110001000000000000000000000011100100
000101110001000000000000000000000100111111
000101110001000000000000000000000010001100
000101110001000000000000000000000011111101
000101110001000000000000000000000111011100
000101110001000000000000000000000111100010
000101110001000000000000000000001000101011
000101110001000000000000000000000100100001
000101110001000000000000000000000111010110
000101110001010000000000000000000100010011
000101110001010000000000000000000111100000
000101110001010000000000000000001000101000
000101110001010000000000000000001001010111
000101110001010000000000000000000011110010
000101110001010000000000000000000100001101
000101110001010000000000000000000111011101
000101110001100000000000000000000011010100
000101110001100000000000000000000111011111
000101110001100000000000000000000100000111
000101110001100000000000000000001001000100
000101110001100000000000000000001000111110
000101110001110000000000000000000011110001
000101110001110000000000000000000011110011
000101110001110000000000000000000100100101
000101110001110000000000000000000111001110
000101110001110000000000000000000011100000
000101110001110000000000000000000011101100
000101110001110000000000000000000011111011
000101110001110000000000000000000101001101
000101110001110000000000000000000101010110
000101110001110000000000000000000111001100
000101110001110000000000000000001000100110
000101110001110000000000000000001000111011
000101110001110000000000000000001001010000
000101110001110000000000000000000111001101
000101110001110000000000000000000111010001
000101110010000000000000000000000101000010
000101110010000000000000000000000111010010
000101110010000000000000000000000111010111
000101110010000000000000000000001001000011
000101110010000000000000000000000011111100
000101110010000000000000000000000100110011
000101110010000000000000000000001001001010
000101110010000000000000000000001001010001
000101110010000000000000000000001010000000
000101110010010000000000000000000111011001
000101110010010000000000000000000011000101
000101110010010000000000000000000100011011
000101110010010000000000000000000111000100
000101110010010000000000000000000111001000
000101110010010000000000000000000111011000
000101110010010000000000000000001000100101
000101110010010000000000000000000111010000
000101110010100000000000000000000011110000
000101110010100000000000000000001001000010
000101110010100000000000000000000111000110
000101110010100000000000000000001001111100
000101110010100000000000000000001001000110
000101110010110000000000000000000111000001
000101110010110000000000000000000111000010
000101110010110000000000000000000111000011
000101110010110000000000000000001000100011
000101110010110000000000000000001000111111
000101110010110000000000000000001001000000
000101110010110000000000000000000100010101
000101110010110000000000000000000111000000
000101110010110000000000000000000111000101
000101110011000000000000000000000110111100
000101110011000000000000000000001000011100
000101110011000000000000000000000110111111
000101110011000000000000000000001001111011
000101110011000000000000000000001010000010
000101110011000000000000000000001000011011
000101110011010000000000000000000011000010
000101110011010000000000000000000110101110
000101110011010000000000000000000011101000
000101110011010000000000000000000110110111
000101110011010000000000000000000110111001
000101110011010000000000000000001000010100
000101110011010000000000000000000100111011
000101110011100000000000000000000110111110
000101110011100000000000000000001000110110
000101110011110000000000000000000110110011
000101110011110000000000000000001000111001
000101110011110000000000000000001001111001
000101110011110000000000000000001001111010
000101110011110000000000000000001010000011
000101110011110000000000000000000110110000
000101110011110000000000000000000110110001
000101110011110000000000000000000110110110
000101110011110000000000000000001000010011
000101110011110000000000000000000110100010
000101110011110000000000000000000110111011
000101110011110000000000000000001000110100
000101110100000000000000000000000100010001
000101110100000000000000000000000110010111
000101110100000000000000000000000110101010
000101110100000000000000000000001000010000
000101110100000000000000000000000101111111
000101110100000000000000000000000110100001
000101110100000000000000000000001000111100
000101110100000000000000000000000110001111
000101110100000000000000000000000110100100
000101110100000000000000000000000110100110
000101110100000000000000000000001000011001
000101110100010000000000000000000110010011
000101110100010000000000000000000110010100
000101110100010000000000000000001000111000
000101110100010000000000000000001001111101
000101110100100000000000000000000110001010
000101110100100000000000000000000110011010
000101110100100000000000000000000101001100
000101110100100000000000000000001000110101
000101110100100000000000000000000110010001
000101110100100000000000000000001000000111
000101110100100000000000000000001000010010
000101110100110000000000000000000001011001
000101110100110000000000000000000101111100
000101110100110000000000000000000110000000
000101110100110000000000000000000110000111
000101110100110000000000000000000110001000
000101110100110000000000000000001001110111
000101110101000000000000000000000101111010
000101110101000000000000000000000101111011
000101110101000000000000000000000110000010
000101110101000000000000000000000101000101
000101110101010000000000000000001001110101
000101110101010000000000000000000101100011
000101110101010000000000000000000101101010
000101110101010000000000000000001000001000
000101110101010000000000000000000100110101
000101110101010000000000000000000110000001
000101110101010000000000000000000111111011
000101110101010000000000000000001000000010
000101110101010000000000000000001001110100
000101110101100000000000000000000101101110
000101110101100000000000000000000111111111
000101110101100000000000000000000011011110
000101110101100000000000000000000101000001
000101110101100000000000000000001000000001
000101110101100000000000000000001000001101
000101110101100000000000000000001000001110
000101110101100000000000000000000100101110
000101110101100000000000000000001000000110
000101110101110000000000000000000100111000
000101110101110000000000000000000101100000
000101110101110000000000000000000111111110
000101110101110000000000000000000100100000
000101110101110000000000000000000100110010
000101110101110000000000000000000101110001
000101110101110000000000000000001000001001
000101110101110000000000000000001001110110
000101110110000000000000000000001000101111
000101110110000000000000000000000111110111
000101110110000000000000000000000111111010
000101110110000000000000000000000111111100
000101110110000000000000000000000100000001
000101110110000000000000000000000101010010
000101110110000000000000000000000111111101
000101110110010000000000000000000111110110
000101110110010000000000000000000111111001
000101110110010000000000000000000011111001
000101110110010000000000000000000111110000
000101110110100000000000000000000100110110
000101110110100000000000000000000100000011
000101110110100000000000000000000111110010
000101110110100000000000000000001001110010
000101110110100000000000000000000011111010
000101110110100000000000000000000111110100
000101110110100000000000000000000111111000
000101110110110000000000000000000000101001
000101110110110000000000000000000111110101
000101110110110000000000000000000111110001
000101110110110000000000000000000011110110
000101110110110000000000000000000111110011
000101110110110000000000000000001001101101
000101110110110000000000000000001001110001
000101110111000000000000000000000110110101
000101110111000000000000000000001001101100
000101110111010000000000000000000111101111
000101110111010000000000000000001000100110
000101110111100000000000000000000111101101
000101110111100000000000000000000010110011
000101110111100000000000000000000111100111
000101110111100000000000000000000111101110
000101110111100000000000000000000111101100
000101110111100000000000000000001001110011
000101110111110000000000000000000100011110
000101110111110000000000000000000111101001
000101110111110000000000000000001000100010
000101110111110000000000000000001001101111
000101110111110000000000000000000111101010
000101111000000000000000000000001000100001
000101111000000000000000000000000111100101
000101111000010000000000000000000000101100
000101111000010000000000000000001001101010
000101111000010000000000000000001001110000
000101111000100000000000000000001001101000
000101111000100000000000000000000111100000
000101111000100000000000000000000111100100
000101111000100000000000000000001001101001
000101111000100000000000000000000110100001
000101111000110000000000000000000010000110
000101111000110000000000000000000111011101
000101111000110000000000000000001001100001
000101111001000000000000000000000111011100
000101111001000000000000000000001001100000
000101111001000000000000000000001001011101
000101111001000000000000000000001001100100
000101111001000000000000000000000111011111
000101111001010000000000000000000111010111
000101111001010000000000000000001001101110
000101111001010000000000000000000111010011
000101111001010000000000000000000101101001
000101111001010000000000000000001001101011
000101111001100000000000000000000111011000
000101111001100000000000000000001001011111
000101111001100000000000000000000111000001
000101111001100000000000000000001000011101
000101111001100000000000000000000111001010
000101111001100000000000000000001001100010
000101111001110000000000000000000101011011
000101111001110000000000000000000111010110
000101111001110000000000000000000110111011
000101111001110000000000000000001000011010
000101111001110000000000000000000101010111
000101111001110000000000000000000101011111
000101111001110000000000000000000110111101
000101111010000000000000000000000101001111
000101111010000000000000000000000101100001
000101111010000000000000000000000101010110
000101111010000000000000000000000101011100
000101111010000000000000000000000111000010
000101111010000000000000000000001000010101
000101111010000000000000000000001000010110
000101111010010000000000000000000111001100
000101111010010000000000000000001000011000
000101111010010000000000000000000110101010
000101111010010000000000000000001000001111
000101111010010000000000000000000111000011
000101111010010000000000000000001001011011
000101111010100000000000000000000110111001
000101111010100000000000000000001000010000
000101111010100000000000000000001000011011
000101111010100000000000000000001001011001
000101111010100000000000000000001001011010
000101111010100000000000000000000110001010
000101111010110000000000000000000100110001
000101111010110000000000000000000110100100
000101111010110000000000000000001001011100
000101111010110000000000000000000110110001
000101111010110000000000000000001000010100
000101111011000000000000000000000101001110
000101111011000000000000000000000110011110
000101111011000000000000000000000110100011
000101111011000000000000000000000110000111
000101111011000000000000000000001000001011
000101111011010000000000000000000101010100
000101111011010000000000000000000110000011
000101111011010000000000000000000110011100
000101111011010000000000000000001000001010
000101111011010000000000000000000101000100
000101111011010000000000000000000110011011
000101111011010000000000000000001001011000
000101111011100000000000000000000101001101
000101111011100000000000000000000110011001
000101111011100000000000000000001001010010
000101111011100000000000000000000110001001
000101111011100000000000000000000110001011
000101111011100000000000000000000110001111
000101111011100000000000000000001000000110
000101111011110000000000000000000110000100
000101111011110000000000000000000110011010
000101111011110000000000000000000111101010
000101111011110000000000000000001000000010
000101111011110000000000000000001000000111
000101111011110000000000000000001001010100
000101111011110000000000000000001001001010
000101111100000000000000000000000100111100
000101111100000000000000000000000101000011
000101111100000000000000000000000110000001
000101111100010000000000000000000100111101
000101111100010000000000000000000101111011
000101111100010000000000000000000101111110
000101111100010000000000000000000111100011
000101111100010000000000000000001000000000
000101111100010000000000000000001000000001
000101111100010000000000000000001001010001
000101111100010000000000000000000100010011
000101111100010000000000000000000100110100
000101111100010000000000000000001001010011
000101111100010000000000000000000100110011
000101111100010000000000000000000101111000
000101111100010000000000000000001001000110
000101111100010000000000000000001001001101
000101111100010000000000000000001001001111
000101111100010000000000000000001001010000
000101111100010000000000000000001001011110
000101111100100000000000000000000100101001
000101111100100000000000000000000101010010
000101111100100000000000000000000100001110
000101111100100000000000000000000100010001
000101111100100000000000000000000100100110
000101111100100000000000000000000101100011
000101111100110000000000000000000011111111
000101111100110000000000000000000101001100
000101111100110000000000000000000101111010
000101111100110000000000000000000111011011
000101111100110000000000000000000100000101
000101111100110000000000000000000100111111
000101111100110000000000000000000101000000
000101111100110000000000000000000101000101
000101111101000000000000000000000100011011
000101111101000000000000000000000111011101
000101111101000000000000000000001001000111
000101111101000000000000000000001001010111
000101111101000000000000000000000101001010
000101111101000000000000000000000111100101
000101111101000000000000000000001001001100
000101111101000000000000000000000011010101
000101111101000000000000000000000100100100
000101111101000000000000000000000101100010
000101111101000000000000000000000101101000
000101111101010000000000000000000100111010
000101111101010000000000000000000111010101
000101111101010000000000000000000111100010
000101111101010000000000000000000100110000
000101111101100000000000000000001000100110
000101111101100000000000000000000111010111
000101111101110000000000000000000100001000
000101111101110000000000000000000111110111
000101111110000000000000000000000111010000
000101111110000000000000000000000111010010
000101111110000000000000000000001000100011
000101111110000000000000000000001000111011
000101111110000000000000000000001000111110
000101111110000000000000000000000011111100
000101111110000000000000000000000100111000
000101111110000000000000000000001001001000
000101111110010000000000000000000100100000
000101111110010000000000000000000111000111
000101111110010000000000000000000111001001
000101111110010000000000000000000111001101
000101111110010000000000000000001000100000
000101111110010000000000000000001001001001
000101111110010000000000000000001010000011
000101111110010000000000000000000100111011
000101111110010000000000000000000111001111
000101111110010000000000000000000111010011
000101111110010000000000000000001001111110
000101111110100000000000000000000111001000
000101111110100000000000000000000110111111
000101111110100000000000000000000100001100
000101111110100000000000000000000110111110
000101111110100000000000000000000111000101
000101111110110000000000000000001001000001
000101111110110000000000000000001001111100
000101111110110000000000000000000110111101
000101111110110000000000000000001000011111
000101111110110000000000000000001000100001
000101111110110000000000000000001000100101
000101111111000000000000000000000110110010
000101111111000000000000000000000110111010
000101111111000000000000000000001000011100
000101111111000000000000000000000110110110
000101111111000000000000000000000111000100
000101111111000000000000000000001000111111
000101111111010000000000000000000010101101
000101111111010000000000000000000101001111
000101111111010000000000000000000110100101
000101111111010000000000000000000110101111
000101111111010000000000000000000110111011
000101111111010000000000000000000110101100
000101111111010000000000000000000110110000
000101111111010000000000000000000110111100
000101111111010000000000000000000111000011
000101111111010000000000000000001000011010
000101111111100000000000000000000100000111
000101111111100000000000000000000110110001
000101111111100000000000000000000111000010
000101111111100000000000000000001000010111
000101111111100000000000000000001000110111
000101111111110000000000000000000110101000
000101111111110000000000000000000110110100
000101111111110000000000000000000110110111
000101111111110000000000000000001000111101
000101111111110000000000000000000111101011
000110000000000000000000000000001000010101
000110000000000000000000000000001000110110
000110000000000000000000000000001000010011
000110000000010000000000000000000110000101
000110000000010000000000000000000110010000
000110000000010000000000000000000110010011
000110000000010000000000000000000110010010
000110000000010000000000000000001001000010
000110000000100000000000000000000110001100
000110000000100000000000000000000110010001
000110000000100000000000000000000110011101
000110000000100000000000000000001001111001
000110000000100000000000000000000110001000
000110000000100000000000000000001001110110
000110000000100000000000000000000100110101
000110000000100000000000000000001000101110
000110000000110000000000000000000110000110
000110000000110000000000000000000101110011
000110000000110000000000000000000101110101
000110000000110000000000000000000110000111
000110000000110000000000000000001000001100
000110000000110000000000000000000011001100
000110000001000000000000000000000100101110
000110000001000000000000000000000101011111
000110000001000000000000000000000101101110
000110000001000000000000000000001000000110
000110000001000000000000000000000100111001
000110000001000000000000000000001000001010
000110000001000000000000000000001001111000
000110000001000000000000000000001000000111
000110000001010000000000000000000101001100
000110000001010000000000000000000111111110
000110000001010000000000000000001000110101
000110000001010000000000000000000101011101
000110000001010000000000000000001000001001
000110000001010000000000000000001000001011
000110000001100000000000000000000100101101
000110000001100000000000000000000101111111
000110000001100000000000000000001000000101
000110000001100000000000000000001000001110
000110000001100000000000000000000101110110
000110000001100000000000000000000101111001
000110000001100000000000000000001000000010
000110000001100000000000000000000101100011
000110000001100000000000000000001000101100
000110000001110000000000000000000100111110
000110000001110000000000000000000111111101
000110000001110000000000000000001001110010
000110000001110000000000000000000100100100
000110000001110000000000000000001000101101
000110000001110000000000000000001001110101
000110000010000000000000000000000100100010
000110000010000000000000000000000100110110
000110000010000000000000000000001000110010
000110000010000000000000000000000011001001
000110000010000000000000000000000111110011
000110000010000000000000000000000111111100
000110000010000000000000000000001000000001
000110000010000000000000000000000111111000
000110000010010000000000000000000011110101
000110000010010000000000000000000100010111
000110000010010000000000000000000111111001
000110000010010000000000000000000100010000
000110000010010000000000000000000101000001
000110000010010000000000000000000111101111
000110000010100000000000000000000111000110
000110000010100000000000000000000111110111
000110000010100000000000000000000100001011
000110000010100000000000000000000111110010
000110000010100000000000000000001001110011
000110000010100000000000000000000111110000
000110000010100000000000000000000111110101
000110000010110000000000000000001001101110
000110000010110000000000000000000111110001
000110000010110000000000000000000100000010
000110000011000000000000000000000111101110
000110000011000000000000000000001001101111
000110000011000000000000000000000011010000
000110000011000000000000000000001001110000
000110000011010000000000000000000111101010
000110000011010000000000000000000111100111
000110000011010000000000000000000111101001
000110000011010000000000000000001001101100
000110000011100000000000000000000111101100
000110000011100000000000000000001001101101
000110000011100000000000000000000111101011
000110000011100000000000000000001001101001
000110000011100000000000000000001001101011
000110000011110000000000000000000110011011
000110000011110000000000000000000110101001
000110000011110000000000000000001001100111
000110000011110000000000000000000111100011
000110000011110000000000000000000111100100
000110000011110000000000000000000110100011
000110000011110000000000000000000111100101
000110000011110000000000000000000111101000
000110000100000000000000000000000111100000
000110000100000000000000000000000111100010
000110000100010000000000000000000110011111
000110000100010000000000000000000110000011
000110000100010000000000000000000111011111
000110000100010000000000000000000110011000
000110000100100000000000000000000110001101
000110000100100000000000000000000111010110
000110000100100000000000000000000110001010
000110000100100000000000000000000111010011
000110000100100000000000000000001000011001
000110000100110000000000000000001000100000
000110000100110000000000000000000111011000
000110000100110000000000000000000111011101
000110000100110000000000000000001000011010
000110000101000000000000000000000111011001
000110000101000000000000000000001000011011
000110000101000000000000000000000111010010
000110000101000000000000000000000111000101
000110000101010000000000000000001001011110
000110000101010000000000000000001001101000
000110000101010000000000000000000111010001
000110000101010000000000000000001001101010
000110000101100000000000000000001001100100
000110000101100000000000000000000111001111
000110000101100000000000000000000111010101
000110000101100000000000000000001001011011
000110000101100000000000000000001001100001
000110000101110000000000000000000111001110
000110000101110000000000000000000101100101
000110000101110000000000000000001000010110
000110000101110000000000000000001001011100
000110000101110000000000000000001001100010
000110000101110000000000000000001001100101
000110000110000000000000000000000111000010
000110000110000000000000000000001001011101
000110000110000000000000000000000101010000
000110000110000000000000000000000110111001
000110000110010000000000000000001000011000
000110000110010000000000000000000110101011
000110000110010000000000000000000110110101
000110000110010000000000000000000110111100
000110000110010000000000000000001000010000
000110000110010000000000000000001001100000
000110000110010000000000000000000101001000
000110000110010000000000000000000110110010
000110000110010000000000000000000110110110
000110000110010000000000000000000111001000
000110000110100000000000000000001001011111
000110000110100000000000000000000101001011
000110000110100000000000000000000110110100
000110000110100000000000000000000110111000
000110000110100000000000000000000110111011
000110000110100000000000000000000100011111
000110000110100000000000000000000110110001
000110000110100000000000000000001000001101
000110000110110000000000000000000100110000
000110000110110000000000000000000101010010
000110000110110000000000000000000110101111
000110000110110000000000000000001001011000
000110000110110000000000000000000110111101
000110000110110000000000000000001000001111
000110000111000000000000000000000110001111
000110000111000000000000000000001001011010
000110000111000000000000000000000110100001
000110000111000000000000000000000110101100
000110000111000000000000000000001000000111
000110000111010000000000000000000110010110
000110000111010000000000000000000110011010
000110000111010000000000000000000110011100
000110000111010000000000000000001001010111
000110000111010000000000000000001001011001
000110000111010000000000000000000110000110
000110000111010000000000000000000110100111
000110000111100000000000000000000101001010
000110000111100000000000000000000101001111
000110000111100000000000000000000101111101
000110000111100000000000000000000110010010
000110000111100000000000000000000110011001
000110000111100000000000000000001001010001
000110000111100000000000000000000110000101
000110000111110000000000000000000101000011
000110000111110000000000000000001001010100
000110000111110000000000000000000101000000
000110000111110000000000000000000101111110
000110000111110000000000000000000110010100
000110001000000000000000000000001001010000
000110001000000000000000000000000100100100
000110001000000000000000000000000101111010
000110001000000000000000000000001000000011
000110001000000000000000000000000100100010
000110001000000000000000000000000101100010
000110001000000000000000000000000110001001
000110001000010000000000000000000100110100
000110001000010000000000000000000101101101
000110001000010000000000000000000111011100
000110001000010000000000000000000111101001
000110001000010000000000000000001001010011
000110001000010000000000000000000101101110
000110001000010000000000000000000111101010
000110001000010000000000000000000100101101
000110001000010000000000000000000101011011
000110001000100000000000000000000101111000
000110001000100000000000000000000101111011
000110001000100000000000000000001001001110
000110001000100000000000000000000100111100
000110001000100000000000000000000100010101
000110001000100000000000000000000101000010
000110001000100000000000000000000111111011
000110001000110000000000000000000101011010
000110001000110000000000000000000111011011
000110001000110000000000000000001001010101
000110001000110000000000000000000100111111
000110001000110000000000000000000101001001
000110001000110000000000000000000101101100
000110001001000000000000000000000111011010
000110001001000000000000000000001000100100
000110001001010000000000000000000100011010
000110001001010000000000000000000101000110
000110001001010000000000000000000111010111
000110001001010000000000000000000001100001
000110001001010000000000000000000100000011
000110001001010000000000000000000100001110
000110001001010000000000000000000111010110
000110001001010000000000000000000100010010
000110001001010000000000000000000100111001
000110001001100000000000000000000011100110
000110001001100000000000000000000101010101
000110001001100000000000000000000011010100
000110001001100000000000000000000100000010
000110001001100000000000000000000111010011
000110001001100000000000000000000111010101
000110001001100000000000000000001001000010
000110001001100000000000000000001001001100
000110001001110000000000000000001001000100
000110001001110000000000000000000100001100
000110001001110000000000000000001000111101
000110001001110000000000000000000011110010
000110001001110000000000000000000111010010
000110001010000000000000000000000100110001
000110001010000000000000000000000111000000
000110001010000000000000000000000111001101
000110001010000000000000000000000111010001
000110001010000000000000000000000011100000
000110001010000000000000000000001001000001
000110001010010000000000000000000001101110
000110001010010000000000000000000100110101
000110001010010000000000000000000111001001
000110001010010000000000000000000110111110
000110001010010000000000000000000111000100
000110001010010000000000000000000111000111
000110001010010000000000000000001001000110
000110001010100000000000000000000011000100
000110001010100000000000000000000100011100
000110001010100000000000000000000111000010
000110001010100000000000000000001000011111
000110001010100000000000000000001000111010
000110001010100000000000000000000111001010
000110001010110000000000000000000110111010
000110001010110000000000000000001000100000
000110001010110000000000000000001000111100
000110001010110000000000000000000110100101
000110001010110000000000000000000110110111
000110001010110000000000000000000111101100
000110001010110000000000000000001000111111
000110001010110000000000000000000110111101
000110001011000000000000000000000111000011
000110001011000000000000000000001001111000
000110001011000000000000000000000110110000
000110001011000000000000000000000100001011
000110001011000000000000000000000110110100
000110001011000000000000000000000111101000
000110001011010000000000000000000110111100
000110001011010000000000000000001000111001
000110001011010000000000000000000011101011
000110001011010000000000000000000111101111
000110001011010000000000000000000110011101
000110001011010000000000000000001000011011
000110001011100000000000000000000110101110
000110001011100000000000000000000110110010
000110001011100000000000000000001000110110
000110001011100000000000000000001000011010
000110001011100000000000000000001001110110
000110001011110000000000000000000110100011
000110001011110000000000000000000110011000
000110001011110000000000000000001000111011
000110001100000000000000000000000101111111
000110001100000000000000000000000110001101
000110001100000000000000000000000110101000
000110001100000000000000000000001000010110
000110001100010000000000000000000011100111
000110001100010000000000000000000100110100
000110001100010000000000000000000101110110
000110001100010000000000000000000110000111
000110001100010000000000000000001000010010
000110001100010000000000000000000100110011
000110001100010000000000000000000101110010
000110001100010000000000000000000101111011
000110001100010000000000000000000110001001
000110001100010000000000000000000110010000
000110001100010000000000000000000110010010
000110001100010000000000000000000101110000
000110001100010000000000000000000111100001
000110001100010000000000000000001000010111
000110001100010000000000000000001000110111
000110001100010000000000000000001001110011
000110001100100000000000000000000101010110
000110001100100000000000000000000110000011
000110001100100000000000000000000110010110
000110001100100000000000000000001000010011
000110001100100000000000000000001000110101
000110001100100000000000000000001001110100
000110001100110000000000000000000110000000
000110001100110000000000000000001000110011
000110001101000000000000000000000101101111
000110001101000000000000000000000111011010
000110001101000000000000000000001000000111
000110001101000000000000000000000101100110
000110001101000000000000000000000101111001
000110001101000000000000000000001000000000
000110001101000000000000000000001000001000
000110001101000000000000000000001000001010
000110001101000000000000000000001000001101
000110001101000000000000000000000100110010
000110001101000000000000000000001000001001
000110001101010000000000000000000101110011
000110001101010000000000000000001000001100
000110001101010000000000000000000101101100
000110001101010000000000000000000111011000
000110001101010000000000000000001000000110
000110001101010000000000000000000100100110
000110001101010000000000000000001000000100
000110001101100000000000000000000111111111
000110001101100000000000000000000101011000
000110001101100000000000000000000111010000
000110001101100000000000000000001000000011
000110001101100000000000000000001000101101
000110001101100000000000000000001001110000
000110001101100000000000000000000111111001
000110001101110000000000000000000111111000
000110001101110000000000000000000111111010
000110001101110000000000000000000100011011
000110001101110000000000000000000111110111
000110001101110000000000000000000111111011
000110001101110000000000000000000011110101
000110001101110000000000000000000100000100
000110001101110000000000000000000100101111
000110001101110000000000000000000111110110
000110001101110000000000000000000111111100
000110001101110000000000000000001001101111
000110001110000000000000000000000111110011
000110001110000000000000000000000111111110
000110001110000000000000000000000100001111
000110001110000000000000000000000111101110
000110001110000000000000000000000111110010
000110001110000000000000000000000111110101
000110001110000000000000000000001001101101
000110001110010000000000000000000011111101
000110001110010000000000000000000100000101
000110001110010000000000000000000111110100
000110001110010000000000000000000100001010
000110001110010000000000000000000111110000
000110001110010000000000000000001000101100
000110001110100000000000000000000111000000
000110001110110000000000000000001001110010
000110001110110000000000000000000110110101
000110001110110000000000000000000111101011
000110001111000000000000000000001000100101
000110001111000000000000000000000110101100
000110001111000000000000000000000111101100
000110001111000000000000000000000111101101
000110001111000000000000000000001001101011
000110001111000000000000000000000110100111
000110001111000000000000000000001001101100
000110001111010000000000000000000011110100
000110001111010000000000000000000111100111
000110001111010000000000000000000111101001
000110001111010000000000000000001000100010
000110001111100000000000000000000111100100
000110001111100000000000000000000110011011
000110001111100000000000000000000111100101
000110001111100000000000000000000111100011
000110001111110000000000000000000110100000
000110001111110000000000000000000111011100
000110001111110000000000000000000111101000
000110010000010000000000000000000110001111
000110010000010000000000000000000110011110
000110010000010000000000000000000111010100
000110010000010000000000000000001001100001
000110010000010000000000000000000111100001
000110010000100000000000000000001001100111
000110010000100000000000000000001001101001
000110010000100000000000000000001001100000
000110010000100000000000000000001001100010
000110010000100000000000000000001001100101
000110010000110000000000000000000111011001
000110010000110000000000000000001001100100
000110010000110000000000000000001000011011
000110010000110000000000000000001001100110
000110010000110000000000000000000000011100
000110010000110000000000000000000111000111
000110010000110000000000000000000111010010
000110010000110000000000000000000111010110
000110010001000000000000000000000111011011
000110010001000000000000000000000101110101
000110010001000000000000000000000111010001
000110010001000000000000000000000101000100
000110010001000000000000000000000101111110
000110010001000000000000000000000111001010
000110010001000000000000000000000111001100
000110010001010000000000000000000101100010
000110010001010000000000000000000111010111
000110010001100000000000000000000110111101
000110010001100000000000000000000011111110
000110010001100000000000000000000111000110
000110010001100000000000000000001001011111
000110010001110000000000000000000100100000
000110010001110000000000000000000101010010
000110010001110000000000000000000101011111
000110010001110000000000000000000110110000
000110010001110000000000000000000111000010
000110010001110000000000000000000111000011
000110010001110000000000000000000111000100
000110010001110000000000000000000111000001
000110010001110000000000000000000011001011
000110010001110000000000000000000101010110
000110010001110000000000000000000101100000
000110010001110000000000000000000110111001
000110010001110000000000000000000110111110
000110010001110000000000000000000111001001
000110010010000000000000000000000110110010
000110010010000000000000000000000111001110
000110010010000000000000000000000111001111
000110010010000000000000000000001000010110
000110010010000000000000000000000101001100
000110010010000000000000000000000110101110
000110010010000000000000000000001001011110
000110010010010000000000000000000110110011
000110010010010000000000000000001000001110
000110010010010000000000000000001000001111
000110010010010000000000000000001001011101
000110010010010000000000000000000110101000
000110010010010000000000000000000110111100
000110010010100000000000000000000110100101
000110010010100000000000000000001001011001
000110010010100000000000000000000011100101
000110010010100000000000000000000110100010
000110010010100000000000000000001000001100
000110010010100000000000000000001001010111
000110010010110000000000000000000110011010
000110010010110000000000000000001001011100
000110010010110000000000000000000110011111
000110010010110000000000000000001001010011
000110010010110000000000000000000110100011
000110010010110000000000000000000110100100
000110010010110000000000000000001000000001
000110010011000000000000000000000110010110
000110010011000000000000000000000110101011
000110010011000000000000000000001001010100
000110010011000000000000000000000110001101
000110010011000000000000000000000101111100
000110010011000000000000000000000110001110
000110010011000000000000000000000110010111
000110010011010000000000000000000110000111
000110010011010000000000000000000110101101
000110010011010000000000000000000101000111
000110010011010000000000000000000101001011
000110010011010000000000000000000110001010
000110010011010000000000000000000110011100
000110010011010000000000000000001001010010
000110010011010000000000000000001001011011
000110010011010000000000000000000111100110
000110010011010000000000000000001000001010
000110010011100000000000000000000100101011
000110010011100000000000000000000101111101
000110010011100000000000000000000110001100
000110010011100000000000000000001001011000
000110010011110000000000000000000101100110
000110010011110000000000000000000101111011
000110010011110000000000000000001001001010
000110010011110000000000000000000101101100
000110010011110000000000000000000101100011
000110010011110000000000000000000101100111
000110010011110000000000000000000101111001
000110010100000000000000000000000101101101
000110010100000000000000000000001001001100
000110010100000000000000000000001001010000
000110010100000000000000000000000101101111
000110010100000000000000000000000101111111
000110010100000000000000000000000101111000
000110010100000000000000000000000111011110
000110010100010000000000000000000101111010
000110010100010000000000000000000111011111
000110010100010000000000000000000101000010
000110010100010000000000000000001001000110
000110010100010000000000000000001001011010
000110010100010000000000000000000101001010
000110010100010000000000000000001001001110
000110010100010000000000000000001001010110
000110010100100000000000000000000101000011
000110010100100000000000000000000111011010
000110010100100000000000000000000111011101
000110010100100000000000000000001001001101
000110010100100000000000000000001001000101
000110010100100000000000000000001001000111
000110010100100000000000000000000100111000
000110010100100000000000000000000111111011
000110010100110000000000000000000100100101
000110010100110000000000000000000111011000
000110010100110000000000000000000011011110
000110010100110000000000000000000100111001
000110010100110000000000000000000101011101
000110010100110000000000000000000111011011
000110010100110000000000000000000111100001
000110010100110000000000000000001001000100
000110010100110000000000000000000100111111
000110010100110000000000000000000101000110
000110010100110000000000000000000111010101
000110010100110000000000000000001001000010
000110010100110000000000000000001001001011
000110010101000000000000000000001001010001
000110010101000000000000000000000100011100
000110010101000000000000000000000100101000
000110010101000000000000000000000100101110
000110010101000000000000000000000100111101
000110010101000000000000000000000111011100
000110010101000000000000000000000111010001
000110010101010000000000000000000111110110
000110010101010000000000000000000100110101
000110010101010000000000000000000111010100
000110010101010000000000000000000111001101
000110010101100000000000000000000111001011
000110010101100000000000000000001000111101
000110010101100000000000000000000011010010
000110010101110000000000000000000011001110
000110010101110000000000000000000100000010
000110010101110000000000000000000100001000
000110010101110000000000000000000100111100
000110010101110000000000000000000011111010
000110010101110000000000000000000111010000
000110010101110000000000000000001000011010
000110010110000000000000000000000111000100
000110010110000000000000000000001001000001
000110010110000000000000000000000111000000
000110010110000000000000000000000111000010
000110010110010000000000000000000111000111
000110010110010000000000000000000011100011
000110010110010000000000000000000110111001
000110010110100000000000000000000011111011
000110010110100000000000000000000100011001
000110010110100000000000000000001000011100
000110010110100000000000000000001000011101
000110010110110000000000000000000110100001
000110010110110000000000000000000110101000
000110010110110000000000000000000110101001
000110010110110000000000000000000110101100
000110010110110000000000000000000111101001
000110010110110000000000000000001000110111
000110010110110000000000000000001000111000
000110010110110000000000000000001000111001
000110010110110000000000000000000111101010
000110010110110000000000000000001001000011
000110010111000000000000000000000100011010
000110010111000000000000000000000110111011
000110010111010000000000000000000110001001
000110010111010000000000000000000110100010
000110010111010000000000000000000110110101
000110010111010000000000000000000110110110
000110010111010000000000000000000110011000
000110010111010000000000000000001000011000
000110010111100000000000000000000110100000
000110010111100000000000000000000110100100
000110010111100000000000000000001000010100
000110010111100000000000000000000110010000
000110010111100000000000000000000110011100
000110010111100000000000000000000111100111
000110010111100000000000000000001000010011
000110010111110000000000000000000110011011
000110010111110000000000000000000110000001
000110010111110000000000000000000110000101
000110010111110000000000000000001000010001
000110011000000000000000000000001000010111
000110011000000000000000000000000110000011
000110011000000000000000000000001001110011
000110011000000000000000000000000110000010
000110011000000000000000000000000110001101
000110011000000000000000000000001000010101
000110011000010000000000000000000101110010
000110011000010000000000000000001000001100
000110011000100000000000000000000101111010
000110011000100000000000000000000111100000
000110011000100000000000000000001000001011
000110011000100000000000000000000100111010
000110011000100000000000000000000101100111
000110011000100000000000000000000101100101
000110011000100000000000000000000101101101
000110011000110000000000000000001000001000
000110011000110000000000000000001000000100
000110011000110000000000000000000100110110
000110011000110000000000000000000101111000
000110011000110000000000000000001000101011
000110011001000000000000000000000101001100
000110011001000000000000000000001001101111
000110011001000000000000000000000101001000
000110011001000000000000000000001000000000
000110011001010000000000000000000111001110
000110011001010000000000000000001000000101
000110011001010000000000000000000100001111
000110011001010000000000000000000111001001
000110011001010000000000000000001001110001
000110011001010000000000000000001001110000
000110011001100000000000000000000100000101
000110011001100000000000000000000100110010
000110011001100000000000000000000101001110
000110011001100000000000000000000111110010
000110011001100000000000000000001001101100
000110011001100000000000000000000011011000
000110011001100000000000000000000100011000
000110011001100000000000000000000111001100
000110011001100000000000000000001000101100
000110011001100000000000000000000100000111
000110011001100000000000000000000100110101
000110011001100000000000000000000111110111
000110011001110000000000000000000100010101
000110011001110000000000000000000100011110
000110011001110000000000000000001000000011
000110011001110000000000000000001000110000
000110011001110000000000000000000111111001
000110011001110000000000000000001000000001
000110011010000000000000000000000100001000
000110011010000000000000000000000111110101
000110011010000000000000000000000111111010
000110011010000000000000000000001001101101
000110011010000000000000000000000111000101
000110011010000000000000000000000111101101
000110011010000000000000000000001000101010
000110011010000000000000000000000100001110
000110011010000000000000000000000111101110
000110011010000000000000000000000111111000
000110011010010000000000000000000010100101
000110011010010000000000000000000011110111
000110011010010000000000000000000110111101
000110011010010000000000000000000111000000
000110011010010000000000000000000111110001
000110011010010000000000000000000111110011
000110011010010000000000000000000110111000
000110011010010000000000000000000111111011
000110011010100000000000000000000111101100
000110011010100000000000000000000110111100
000110011010100000000000000000000111110110
000110011010100000000000000000000110110000
000110011010110000000000000000000011100000
000110011010110000000000000000000110101101
000110011010110000000000000000000110111001
000110011010110000000000000000001001101011
000110011011000000000000000000000001000000
000110011011000000000000000000000111100001
000110011011010000000000000000000110101000
000110011011010000000000000000000111101000
000110011011010000000000000000000111100010
000110011011010000000000000000000111100100
000110011011010000000000000000001001101010
000110011011100000000000000000000111011011
000110011011100000000000000000001000100100
000110011011100000000000000000000111011110
000110011011100000000000000000001000100010
000110011011110000000000000000000110010110
000110011011110000000000000000001000011110
000110011100000000000000000000000100011111
000110011100000000000000000000000111011111
000110011100000000000000000000000111010110
000110011100000000000000000000001001100111
000110011100000000000000000000000111001111
000110011100010000000000000000000101101011
000110011100010000000000000000001001100001
000110011100010000000000000000000111010001
000110011100010000000000000000000111011010
000110011100010000000000000000001001100011
000110011100100000000000000000000101000101
000110011100100000000000000000000111010011
000110011100100000000000000000000111011000
000110011100100000000000000000000111011101
000110011100100000000000000000000111011001
000110011100100000000000000000001001101000
000110011100110000000000000000000111001011
000110011100110000000000000000001001100000
000110011100110000000000000000000111001100
000110011100110000000000000000001001011110
000110011100110000000000000000001001100010
000110011101000000000000000000000101100100
000110011101000000000000000000000101101000
000110011101000000000000000000000110111111
000110011101000000000000000000000101000001
000110011101000000000000000000000101001101
000110011101000000000000000000000111001101
000110011101000000000000000000000110111110
000110011101010000000000000000000101000011
000110011101010000000000000000001001011101
000110011101010000000000000000000111000011
000110011101010000000000000000001000010111
000110011101100000000000000000000100111011
000110011101100000000000000000001000010010
000110011101100000000000000000000110110100
000110011101110000000000000000000110110111
000110011101110000000000000000001001011100
000110011110000000000000000000000110101100
000110011110000000000000000000000110110010
000110011110010000000000000000000110011100
000110011110010000000000000000000110111000
000110011110010000000000000000000110101101
000110011110010000000000000000000110110001
000110011110100000000000000000000110101000
000110011110100000000000000000001001011000
000110011110100000000000000000001001011001
000110011110100000000000000000001001011010
000110011110100000000000000000000110001001
000110011110100000000000000000000110001011
000110011110100000000000000000000110010101
000110011110100000000000000000000110100001
000110011110110000000000000000000110000110
000110011110110000000000000000000110100000
000110011110110000000000000000000110110000
000110011110110000000000000000000101010001
000110011110110000000000000000001000000100
000110011110110000000000000000001001010111
000110011110110000000000000000000110010111
000110011110110000000000000000001000001000
000110011111000000000000000000000101101110
000110011111000000000000000000000110001110
000110011111000000000000000000000110100010
000110011111000000000000000000001001010100
000110011111000000000000000000000101001011
000110011111000000000000000000000110001010
000110011111000000000000000000000110010100
000110011111000000000000000000001001010000
000110011111000000000000000000001001011011
000110011111000000000000000000000110011000
000110011111000000000000000000001000000101
000110011111010000000000000000000110010110
000110011111010000000000000000000111111111
000110011111010000000000000000001001001111
000110011111010000000000000000001001001000
000110011111010000000000000000000110010011
000110011111100000000000000000000101111010
000110011111100000000000000000000110000011
000110011111100000000000000000000100100110
000110011111100000000000000000000100101000
000110011111100000000000000000000100111000
000110011111100000000000000000000101101101
000110011111100000000000000000000101111111
000110011111100000000000000000000101110000
000110011111100000000000000000000101110110
000110011111110000000000000000000110000001
000110011111110000000000000000000110001100
000110011111110000000000000000000100101111
000110011111110000000000000000000100111100
000110011111110000000000000000000101011010
000110011111110000000000000000000101011100
000110011111110000000000000000000110000010
000110011111110000000000000000001001010010
000110011111110000000000000000000101100111
000110011111110000000000000000001000101000
000110011111110000000000000000001001001011
000110011111110000000000000000001001001110
000110100000000000000000000000000101010101
000110100000000000000000000000000111100001
000110100000000000000000000000001001010001
000110100000000000000000000000000101001111
000110100000000000000000000000000101100010
000110100000000000000000000000001000111111
000110100000000000000000000000000101000010
000110100000000000000000000000000101011111
000110100000000000000000000000000111100000
000110100000010000000000000000000011111001
000110100000010000000000000000001001010011
000110100000010000000000000000001001000010
000110100000010000000000000000000101001001
000110100000100000000000000000000101011110
000110100000100000000000000000000111010010
000110100000100000000000000000000000110001
000110100000100000000000000000000101000100
000110100000100000000000000000000111010001
000110100000100000000000000000001001001001
000110100000100000000000000000001001001010
000110100000100000000000000000001001001100
000110100000110000000000000000000100011010
000110100000110000000000000000000111010000
000110100000110000000000000000000111011010
000110100000110000000000000000000100011011
000110100000110000000000000000001000011101
000110100000110000000000000000001000100001
000110100000110000000000000000001000111110
000110100000110000000000000000000100100011
000110100000110000000000000000000111010100
000110100000110000000000000000001000100010
000110100001000000000000000000000100110001
000110100001000000000000000000000111000111
000110100001000000000000000000000111010101
000110100001000000000000000000000111010111
000110100001000000000000000000000100001110
000110100001000000000000000000000100011100
000110100001010000000000000000000111000101
000110100001010000000000000000000111001001
000110100001010000000000000000000100010111
000110100001010000000000000000001000111010
000110100001100000000000000000000011010010
000110100001100000000000000000000111001000
000110100001100000000000000000000111001100
000110100001100000000000000000001001000100
000110100001100000000000000000000100111010
000110100001100000000000000000000101000101
000110100001100000000000000000000110111010
000110100001100000000000000000001000111100
000110100001100000000000000000000011000110
000110100001110000000000000000000100110111
000110100001110000000000000000000111000000
000110100001110000000000000000000111000010
000110100001110000000000000000000111000001
000110100010000000000000000000000110111110
000110100010000000000000000000001001110101
000110100010000000000000000000000100100001
000110100010000000000000000000000110110011
000110100010000000000000000000000110110101
000110100010010000000000000000000110111001
000110100010010000000000000000001001000000
000110100010100000000000000000001000011011
000110100010100000000000000000001000111011
000110100010110000000000000000000110011010
000110100010110000000000000000000110011001
000110100010110000000000000000000110011111
000110100011000000000000000000000110101110
000110100011000000000000000000000111100100
000110100011000000000000000000000101111100
000110100011000000000000000000000110010011
000110100011000000000000000000000110010110
000110100011000000000000000000000110101010
000110100011000000000000000000000110100011
000110100011010000000000000000000101111001
000110100011010000000000000000001001111000
000110100011010000000000000000001000101111
000110100011010000000000000000001000110010
000110100011010000000000000000000101110101
000110100011010000000000000000000110000001
000110100011010000000000000000001000001110
000110100011100000000000000000000110001111
000110100011100000000000000000000110010000
000110100011100000000000000000001000001111
000110100011100000000000000000000100111110
000110100011110000000000000000001000010001
000110100011110000000000000000000101111101
000110100011110000000000000000000110001010
000110100011110000000000000000001000010000
000110100011110000000000000000001001110010
000110100011110000000000000000000101101000
000110100100000000000000000000000101100110
000110100100000000000000000000001001110011
000110100100000000000000000000000011101011
000110100100000000000000000000000101010111
000110100100000000000000000000000101101011
000110100100000000000000000000000101001010
000110100100000000000000000000000101100100
000110100100000000000000000000001000110011
000110100100010000000000000000001001101110
000110100100010000000000000000000100011101
000110100100010000000000000000001000000001
000110100100100000000000000000000101010010
000110100100100000000000000000001000000000
000110100100100000000000000000001000001000
000110100100100000000000000000000011110100
000110100100100000000000000000000111111100
000110100100100000000000000000001001101111
000110100100110000000000000000001001101100
000110100100110000000000000000000111001110
000110100100110000000000000000000111000100
000110100101000000000000000000000111111011
000110100101000000000000000000000111111101
000110100101000000000000000000000111110100
000110100101000000000000000000000111111000
000110100101000000000000000000001001101011
000110100101010000000000000000000111110010
000110100101010000000000000000000111110111
000110100101100000000000000000000010101101
000110100101100000000000000000000011001000
000110100101100000000000000000000011110111
000110100101100000000000000000000111101111
000110100101100000000000000000000011100101
000110100101100000000000000000000011101010
000110100101100000000000000000000100110010
000110100101100000000000000000000011010011
000110100101100000000000000000000011100100
000110100101100000000000000000000100000100
000110100101100000000000000000000100010100
000110100101110000000000000000000111110000
000110100101110000000000000000000100101010
000110100101110000000000000000000111101100
000110100101110000000000000000001001101001
000110100101110000000000000000000011101111
000110100110000000000000000000000011111011
000110100110000000000000000000000001111000
000110100110000000000000000000001000100100
000110100110000000000000000000001001101000
000110100110010000000000000000000110101101
000110100110010000000000000000000111101001
000110100110010000000000000000001001101010
000110100110100000000000000000001001100110
000110100110100000000000000000000110101100
000110100110100000000000000000000111100010
000110100110110000000000000000000111100101
000110100111000000000000000000001000100010
000110100111000000000000000000000110010001
000110100111000000000000000000000110100000
000110100111000000000000000000001001100101
000110100111010000000000000000000110100010
000110100111010000000000000000001001100100
000110100111010000000000000000001001100010
000110100111100000000000000000000111011010
000110100111100000000000000000001001100011
000110100111100000000000000000000111100000
000110100111110000000000000000001000011001
000110100111110000000000000000000111010100
000110100111110000000000000000000111010110
000110100111110000000000000000000111011000
000110101000000000000000000000000101100111
000110101000000000000000000000000111010011
000110101000000000000000000000000101010011
000110101000000000000000000000001000010101
000110101000010000000000000000000111010010
000110101000010000000000000000000111001001
000110101000010000000000000000000111001000
000110101000100000000000000000000101101100
000110101000100000000000000000000110111101
000110101000100000000000000000000110111111
000110101000100000000000000000000111001110
000110101000110000000000000000000111000001
000110101000110000000000000000000111000010
000110101000110000000000000000000110110011
000110101000110000000000000000000111001100
000110101000110000000000000000000100100110
000110101001000000000000000000001000010011
000110101001000000000000000000001001010100
000110101001010000000000000000000110110001
000110101001010000000000000000001001100001
000110101001010000000000000000000110111001
000110101001010000000000000000000110111010
000110101001010000000000000000000110110111
000110101001100000000000000000000110101111
000110101001100000000000000000000110101001
000110101001100000000000000000001001011011
000110101001100000000000000000001001011100
000110101001100000000000000000001001011111
000110101001110000000000000000000110101010
000110101001110000000000000000000110110000
000110101001110000000000000000000110110010
000110101001110000000000000000000110111000
000110101001110000000000000000001000010000
000110101001110000000000000000001000001000
000110101001110000000000000000001000001100
000110101001110000000000000000000110011110
000110101010000000000000000000000110011001
000110101010000000000000000000000110011010
000110101010000000000000000000000110110110
000110101010000000000000000000001001010110
000110101010000000000000000000000110011111
000110101010000000000000000000000110100001
000110101010010000000000000000000110011011
000110101010010000000000000000001001010101
000110101010010000000000000000001000001001
000110101010100000000000000000000101011001
000110101010100000000000000000000110000111
000110101010100000000000000000000110001010
000110101010100000000000000000000110001110
000110101010100000000000000000000110011000
000110101010100000000000000000000110100000
000110101010100000000000000000000111100110
000110101010100000000000000000001001011001
000110101010100000000000000000000110001101
000110101010100000000000000000000110010000
000110101010110000000000000000000110000000
000110101010110000000000000000001000000010
000110101010110000000000000000000101110000
000110101010110000000000000000000110010111
000110101011000000000000000000000101110011
000110101011000000000000000000000110000110
000110101011000000000000000000000111011110
000110101011000000000000000000000101000011
000110101011000000000000000000001001001001
000110101011000000000000000000001001010011
000110101011010000000000000000000101011000
000110101011010000000000000000000101110110
000110101011010000000000000000000101010111
000110101011010000000000000000000111011101
000110101011010000000000000000001001010010
000110101011010000000000000000000100110100
000110101011010000000000000000000101110101
000110101011100000000000000000000100100111
000110101011100000000000000000000100011010
000110101011100000000000000000000101101011
000110101011100000000000000000000101110111
000110101011100000000000000000000111100011
000110101011100000000000000000000101000100
000110101011100000000000000000001001000010
000110101011100000000000000000001001011000
000110101011110000000000000000000100111101
000110101011110000000000000000000111010000
000110101011110000000000000000000111001111
000110101100000000000000000000000100110010
000110101100000000000000000000000101000101
000110101100000000000000000000001001001111
000110101100000000000000000000000100101100
000110101100000000000000000000000111110100
000110101100000000000000000000000100000101
000110101100000000000000000000000100010010
000110101100010000000000000000000100001100
000110101100010000000000000000000100110110
000110101100010000000000000000000100111010
000110101100010000000000000000001001001010
000110101100010000000000000000000100110000
000110101100010000000000000000000100101011
000110101100100000000000000000000111001101
000110101100100000000000000000001001001000
000110101100100000000000000000000111000101
000110101100100000000000000000000111010001
000110101101000000000000000000000111000110
000110101101010000000000000000000011111010
000110101101010000000000000000000110110100
000110101101010000000000000000000110111110
000110101101010000000000000000001000111000
000110101101010000000000000000000110101111
000110101101010000000000000000001001000001
000110101101100000000000000000000110100011
000110101101100000000000000000000110101110
000110101101100000000000000000000110111100
000110101101100000000000000000001001111000
000110101101100000000000000000000110101100
000110101101100000000000000000000111000001
000110101101100000000000000000000111101010
000110101101110000000000000000001001000000
000110101101110000000000000000000110100010
000110101110000000000000000000001000010101
000110101110000000000000000000000110011101
000110101110000000000000000000001000001111
000110101110000000000000000000001000110101
000110101110010000000000000000000110011100
000110101110010000000000000000000111100001
000110101110010000000000000000001001110011
000110101110010000000000000000000110011001
000110101110010000000000000000000110011010
000110101110100000000000000000000110010100
000110101110100000000000000000001000111010
000110101110100000000000000000000110000001
000110101110100000000000000000000110010110
000110101110100000000000000000001000101101
000110101110110000000000000000000110001011
000110101110110000000000000000001000010100
000110101110110000000000000000001000110111
000110101110110000000000000000000110000011
000110101110110000000000000000000101111011
000110101111000000000000000000000111100000
000110101111000000000000000000001000001011
000110101111000000000000000000000101111001
000110101111000000000000000000000101110100
000110101111000000000000000000000110001000
000110101111000000000000000000001000001100
000110101111000000000000000000001000001101
000110101111010000000000000000000101101100
000110101111010000000000000000001000110010
000110101111010000000000000000000101101111
000110101111010000000000000000000100100001
000110101111010000000000000000001001101110
000110101111100000000000000000000101100111
000110101111100000000000000000001000001001
000110101111100000000000000000000011011110
000110101111100000000000000000000100111111
000110101111100000000000000000001001110001
000110101111100000000000000000000100101101
000110101111100000000000000000001000000001
000110101111100000000000000000001000000110
000110101111110000000000000000001000000011
000110101111110000000000000000000111111100
000110101111110000000000000000000010111100
000110110000000000000000000000000100010011
000110110000000000000000000000000111000111
000110110000010000000000000000000111110111
000110110000010000000000000000000100001001
000110110000010000000000000000000111001000
000110110000010000000000000000000111111011
000110110000100000000000000000000100001011
000110110000100000000000000000000110111111
000110110000100000000000000000000111110110
000110110000100000000000000000001001101000
000110110000100000000000000000000111101111
000110110000110000000000000000000100111000
000110110000110000000000000000000111001100
000110110000110000000000000000000111110011
000110110000110000000000000000000111110100
000110110000110000000000000000000111111000
000110110000110000000000000000001001101100
000110110000110000000000000000000111111001
000110110001000000000000000000000100001111
000110110001010000000000000000000110111000
000110110001100000000000000000000111101000
000110110001100000000000000000001001101001
000110110001110000000000000000001000011101
000110110001110000000000000000000010111000
000110110001110000000000000000000111101011
000110110010000000000000000000000111100101
000110110010000000000000000000001000100101
000110110010000000000000000000001001100010
000110110010000000000000000000001001100111
000110110010010000000000000000000111011111
000110110010010000000000000000000111010111
000110110010010000000000000000000111011101
000110110010010000000000000000001001101010
000110110010100000000000000000000110010010
000110110010100000000000000000000111011000
000110110010100000000000000000001001100011
000110110011000000000000000000000111011010
000110110011000000000000000000001001011100
000110110011000000000000000000001001100001
000110110011000000000000000000001001100100
000110110011010000000000000000001000010001
000110110011100000000000000000001001011111
000110110011100000000000000000001001011011
000110110011110000000000000000000111001010
000110110011110000000000000000001000010000
000110110011110000000000000000000100010000
000110110011110000000000000000000100111010
000110110011110000000000000000000101100010
000110110011110000000000000000001000010010
000110110100000000000000000000000111000001
000110110100000000000000000000000111001011
000110110100000000000000000000000111001110
000110110100000000000000000000000111000010
000110110100010000000000000000000110111011
000110110100010000000000000000001001011000
000110110100100000000000000000000110110001
000110110100100000000000000000000110110100
000110110100100000000000000000000101000011
000110110100100000000000000000001001011101
000110110100110000000000000000000110110000
000110110100110000000000000000000110110101
000110110100110000000000000000000110110110
000110110100110000000000000000000101001001
000110110100110000000000000000000110100101
000110110101000000000000000000000110100001
000110110101000000000000000000000110100111
000110110101000000000000000000000110101000
000110110101000000000000000000001001010011
000110110101000000000000000000000100100000
000110110101000000000000000000001001011001
000110110101010000000000000000000110010110
000110110101010000000000000000000110011001
000110110101010000000000000000000110011100
000110110101010000000000000000000110100110
000110110101010000000000000000001000000110
000110110101010000000000000000000110000101
000110110101010000000000000000000110100000
000110110101010000000000000000000110101111
000110110101010000000000000000001001010110
000110110101100000000000000000000110010100
000110110101100000000000000000001001010101
000110110101100000000000000000001001011010
000110110101100000000000000000000101001101
000110110101100000000000000000000110000000
000110110101100000000000000000000110011111
000110110101110000000000000000000101111110
000110110101110000000000000000000110100011
000110110110000000000000000000000100111101
000110110110000000000000000000000111111100
000110110110000000000000000000000101000100
000110110110000000000000000000000110000001
000110110110010000000000000000000101101010
000110110110010000000000000000001001001101
000110110110010000000000000000000101011001
000110110110010000000000000000000101101100
000110110110010000000000000000000101110001
000110110110010000000000000000000101111111
000110110110010000000000000000000110000100
000110110110010000000000000000000101011100
000110110110010000000000000000000101110011
000110110110010000000000000000001001000110
000110110110100000000000000000000101101001
000110110110100000000000000000001001001001
000110110110100000000000000000000101000010
000110110110100000000000000000000101101011
000110110110110000000000000000000101100001
000110110110110000000000000000000111011101
000110110110110000000000000000001001000101
000110110110110000000000000000001001010000
000110110110110000000000000000000100000101
000110110111000000000000000000000100101011
000110110111000000000000000000000111010011
000110110111000000000000000000001001001100
000110110111000000000000000000001001010001
000110110111010000000000000000000100111000
000110110111010000000000000000000011110101
000110110111100000000000000000000111001111
000110110111100000000000000000000100100001
000110110111100000000000000000001001000001
000110110111100000000000000000001001010010
000110110111100000000000000000000111001001
000110110111100000000000000000001000111011
000110110111100000000000000000001001001110
000110110111110000000000000000000101001110
000110110111110000000000000000001000111101
000110110111110000000000000000000011111011
000110110111110000000000000000001001000100
000110111000000000000000000000000111001100
000110111000000000000000000000000111000111
000110111000000000000000000000000100001011
000110111000000000000000000000001000111010
000110111000010000000000000000000011101100
000110111000010000000000000000000110110011
000110111000010000000000000000000111000001
000110111000010000000000000000000110111111
000110111000100000000000000000001000111100
000110111000100000000000000000000110111010
000110111000100000000000000000000111000000
000110111000100000000000000000000110110010
000110111000110000000000000000000010110101
000110111000110000000000000000001001000010
000110111001000000000000000000001000111000
000110111001010000000000000000000110011000
000110111001010000000000000000000110001110
000110111001010000000000000000000110101110
000110111001010000000000000000001000010001
000110111001010000000000000000001000110010
000110111001100000000000000000000110011111
000110111001100000000000000000000100111100
000110111001100000000000000000000110010010
000110111001100000000000000000001001110000
000110111001100000000000000000000110011010
000110111001100000000000000000001000001111
000110111001110000000000000000000110010000
000110111001110000000000000000000110010001
000110111001110000000000000000000111011110
000110111010000000000000000000000110100011
000110111010000000000000000000001000001101
000110111010000000000000000000001000001110
000110111010000000000000000000000110000011
000110111010010000000000000000000101111001
000110111010010000000000000000000101110101
000110111010010000000000000000001000100111
000110111010010000000000000000001001101011
000110111010010000000000000000000101111000
000110111010100000000000000000001000001010
000110111010100000000000000000001000110111
000110111010100000000000000000000101100101
000110111010100000000000000000001000000110
000110111010110000000000000000000101110010
000110111010110000000000000000001001101001
000110111011000000000000000000000111111111
000110111011000000000000000000001001100110
000110111011000000000000000000001001101000
000110111011000000000000000000000101011110
000110111011000000000000000000001000000101
000110111011000000000000000000001001101110
000110111011000000000000000000001001101111
000110111011010000000000000000000100110111
000110111011010000000000000000000111110110
000110111011010000000000000000000101000111
000110111011010000000000000000000111111101
000110111011010000000000000000001000000010
000110111011010000000000000000001001101101
000110111011100000000000000000000100011110
000110111011100000000000000000001000000000
000110111011100000000000000000001001100111
000110111011100000000000000000001001101010
000110111011100000000000000000000100101101
000110111011110000000000000000000111101101
000110111011110000000000000000000111111001
000110111011110000000000000000000011101111
000110111011110000000000000000000011110110
000110111100000000000000000000000111110010
000110111100000000000000000000000011110011
000110111100000000000000000000000111110100
000110111100000000000000000000000111101110
000110111100000000000000000000001000100001
000110111100010000000000000000000111101111
000110111100010000000000000000000111111011
000110111100010000000000000000000111110101
000110111100010000000000000000000011110111
000110111100100000000000000000000010101011
000110111100100000000000000000000111100000
000110111100110000000000000000000110101100
000110111100110000000000000000000111100010
000110111100110000000000000000000111100100
000110111101000000000000000000001001100011
000110111101000000000000000000001001100101
000110111101000000000000000000000111101000
000110111101010000000000000000000111011111
000110111101100000000000000000001000010110
000110111101100000000000000000000101100100
000110111101110000000000000000001000010010
000110111101110000000000000000001001011110
000110111101110000000000000000000111010101
000110111101110000000000000000000111010111
000110111101110000000000000000000111011011
000110111110000000000000000000000111011110
000110111110000000000000000000001001011111
000110111110010000000000000000000101101110
000110111110010000000000000000001001011010
000110111110100000000000000000000111010110
000110111110100000000000000000001001100001
000110111110110000000000000000000111001000
000110111110110000000000000000001001100000
000110111110110000000000000000000110111100
000110111110110000000000000000000111000101
000110111111000000000000000000000111001010
000110111111000000000000000000000111001110
000110111111000000000000000000000111000010
000110111111010000000000000000000110111111
000110111111100000000000000000000110110011
000110111111100000000000000000001000001001
000110111111100000000000000000001001010100
000110111111100000000000000000001001010110
000110111111100000000000000000001001011000
000110111111110000000000000000000110110100
000110111111110000000000000000000110110110
000110111111110000000000000000000110110111
000111000000000000000000000000000110101010
000111000000000000000000000000001001010011
000111000000000000000000000000000110011010
000111000000000000000000000000001000001000
000111000000010000000000000000000110100100
000111000000010000000000000000000110110000
000111000000010000000000000000001000001010
000111000000010000000000000000001001001010
000111000000010000000000000000000110100001
000111000000010000000000000000000110001101
000111000000010000000000000000001001001111
000111000000100000000000000000000110000101
000111000000100000000000000000001001010111
000111000000100000000000000000000110001110
000111000000100000000000000000000110100011
000111000000100000000000000000000111111111
000111000000110000000000000000000110001010
000111000000110000000000000000001001010010
000111000000110000000000000000000101101001
000111000000110000000000000000000111111100
000111000001000000000000000000000101101100
000111000001000000000000000000000110001111
000111000001000000000000000000000110011000
000111000001000000000000000000000110011100
000111000001000000000000000000000101111010
000111000001000000000000000000001001001011
000111000001000000000000000000000111111000
000111000001010000000000000000000110001001
000111000001010000000000000000000101101000
000111000001010000000000000000000101111100
000111000001100000000000000000000111011010
000111000001100000000000000000000101010011
000111000001100000000000000000000110000000
000111000001100000000000000000000100000110
000111000001100000000000000000000101110100
000111000001100000000000000000000111110110
000111000001110000000000000000000110000001
000111000001110000000000000000001001001110
000111000001110000000000000000000111010011
000111000001110000000000000000001001001001
000111000010000000000000000000000100100010
000111000010000000000000000000000100111111
000111000010000000000000000000000101011010
000111000010000000000000000000000101010001
000111000010000000000000000000000101010110
000111000010000000000000000000000101011111
000111000010000000000000000000000101100110
000111000010000000000000000000000101110011
000111000010010000000000000000000101011011
000111000010010000000000000000000111000110
000111000010010000000000000000000101100001
000111000010010000000000000000001001000100
000111000010100000000000000000001001000010
000111000010100000000000000000000101010010
000111000010110000000000000000001000111111
000111000010110000000000000000001000111001
000111000010110000000000000000000111001011
000111000010110000000000000000001000110111
000111000011000000000000000000001001001101
000111000011000000000000000000000111000100
000111000011000000000000000000000100010001
000111000011000000000000000000001000111101
000111000011000000000000000000001001000000
000111000011010000000000000000000100011011
000111000011010000000000000000000110110101
000111000011010000000000000000000110111010
000111000011010000000000000000001000110101
000111000011100000000000000000000011011111
000111000011100000000000000000000011100001
000111000011100000000000000000001001000011
000111000011110000000000000000000011000010
000111000011110000000000000000000110101111
000111000100000000000000000000001000101110
000111000100000000000000000000001000010000
000111000100010000000000000000000111100011
000111000100010000000000000000001000110100
000111000100010000000000000000001000111011
000111000100100000000000000000000110101001
000111000100100000000000000000000111011001
000111000100100000000000000000000110010101
000111000100100000000000000000000110011101
000111000100100000000000000000000110010100
000111000100100000000000000000000110010110
000111000100110000000000000000001000001110
000111000100110000000000000000000110001011
000111000101000000000000000000000101111000
000111000101000000000000000000000110001001
000111000101000000000000000000000110100010
000111000101000000000000000000001000001101
000111000101010000000000000000000111011011
000111000101010000000000000000001001101101
000111000101100000000000000000000101110111
000111000101100000000000000000001001101100
000111000101100000000000000000001000100110
000111000101100000000000000000000101001111
000111000101100000000000000000001000101011
000111000101110000000000000000000101110101
000111000101110000000000000000001001101011
000111000101110000000000000000001000101111
000111000101110000000000000000001000000101
000111000110000000000000000000000101110100
000111000110000000000000000000000111111101
000111000110000000000000000000001000000010
000111000110000000000000000000000101001010
000111000110010000000000000000000111111011
000111000110010000000000000000001000000000
000111000110010000000000000000000101001000
000111000110100000000000000000000011110011
000111000110100000000000000000001000100101
000111000110100000000000000000000111110100
000111000110100000000000000000000111110101
000111000110110000000000000000000111101111
000111000110110000000000000000001000100000
000111000110110000000000000000001001100101
000111000111000000000000000000000111101110
000111000111000000000000000000000111110111
000111000111010000000000000000001000100011
000111000111010000000000000000001001100110
000111000111100000000000000000001000011010
000111000111100000000000000000001001011101
000111000111100000000000000000001001100111
000111000111100000000000000000000111011111
000111000111100000000000000000001001100010
000111000111110000000000000000000011100100
000111000111110000000000000000000111100001
000111001000000000000000000000000111011110
000111001000010000000000000000001001011110
000111001000010000000000000000000110011010
000111001000010000000000000000001001011111
000111001000100000000000000000001001100011
000111001000100000000000000000001001011100
000111001000110000000000000000000111010010
000111001000110000000000000000000110001010
000111001000110000000000000000001001011011
000111001001000000000000000000000110000100
000111001001010000000000000000000111011010
000111001001010000000000000000000110000000
000111001001100000000000000000001001011000
000111001001100000000000000000000111000111
000111001001100000000000000000000111010000
000111001001110000000000000000000111001010
000111001001110000000000000000001001011010
000111001010000000000000000000001001010110
000111001010000000000000000000000110101100
000111001010000000000000000000000110110011
000111001010000000000000000000000110111001
000111001010000000000000000000000110111011
000111001010010000000000000000000111000110
000111001010010000000000000000001001010101
000111001010100000000000000000001001001110
000111001010100000000000000000001000001001
000111001010100000000000000000001001010000
000111001010110000000000000000000110100100
000111001010110000000000000000000110011110
000111001010110000000000000000001001010001
000111001010110000000000000000000110100001
000111001011000000000000000000000110011111
000111001011000000000000000000000110100101
000111001011010000000000000000000110000010
000111001011010000000000000000001001001101
000111001011010000000000000000000110011101
000111001011100000000000000000000111111100
000111001011100000000000000000001001010111
000111001011100000000000000000001001001000
000111001011110000000000000000001001000001
000111001011110000000000000000000110010011
000111001011110000000000000000000111110010
000111001011110000000000000000001001001011
000111001100000000000000000000000100111101
000111001100000000000000000000000110001001
000111001100000000000000000000000101101111
000111001100000000000000000000000101110111
000111001100000000000000000000000101111010
000111001100010000000000000000000101011011
000111001100010000000000000000000101111000
000111001100010000000000000000000101111101
000111001100010000000000000000000101111111
000111001100010000000000000000000110000111
000111001100010000000000000000000101110000
000111001100010000000000000000000111010101
000111001100010000000000000000000100001111
000111001100010000000000000000001000111111
000111001100010000000000000000001001001001
000111001100010000000000000000001001001010
000111001100100000000000000000000101011110
000111001100100000000000000000000101100010
000111001100100000000000000000000101101010
000111001100100000000000000000000111010110
000111001100100000000000000000001000111110
000111001100110000000000000000000101010100
000111001100110000000000000000000101101000
000111001100110000000000000000000101001110
000111001100110000000000000000000111011000
000111001101000000000000000000000011111000
000111001101000000000000000000000100010000
000111001101000000000000000000001001000110
000111001101010000000000000000001001000011
000111001101010000000000000000000100111001
000111001101100000000000000000001001000010
000111001101100000000000000000000100000001
000111001101100000000000000000000111000011
000111001101110000000000000000000011101001
000111001101110000000000000000001001000101
000111001101110000000000000000000011010100
000111001101110000000000000000000011001001
000111001110000000000000000000000111000100
000111001110010000000000000000001000110100
000111001110010000000000000000000110110110
000111001110010000000000000000000110111001
000111001110010000000000000000001000110101
000111001110100000000000000000000100011000
000111001110100000000000000000000100100100
000111001110100000000000000000000110100110
000111001110100000000000000000000110110100
000111001110100000000000000000001000010001
000111001110110000000000000000000110111000
000111001110110000000000000000000110111010
000111001110110000000000000000001000110111
000111001110110000000000000000001000001010
000111001111000000000000000000001000101001
000111001111000000000000000000001000111101
000111001111010000000000000000001000001011
000111001111010000000000000000000011111001
000111001111010000000000000000000110010101
000111001111010000000000000000001000101101
000111001111010000000000000000001000110001
000111001111100000000000000000001000001000
000111001111100000000000000000001000110010
000111001111100000000000000000001000110000
000111001111100000000000000000000110000011
000111001111110000000000000000000110001100
000111001111110000000000000000001000000111
000111001111110000000000000000001000101000
000111010000000000000000000000000110001011
000111010000010000000000000000000101100110
000111010000010000000000000000000101101011
000111010000010000000000000000000110000001
000111010000100000000000000000000101100100
000111010000100000000000000000000111111101
000111010000100000000000000000001000011110
000111010000110000000000000000001001100110
000111010000110000000000000000001000100111
000111010000110000000000000000000100001001
000111010000110000000000000000000111110101
000111010001000000000000000000000101001100
000111010001000000000000000000000101101110
000111010001010000000000000000000100011110
000111010001010000000000000000000111111000
000111010001010000000000000000000111110000
000111010001010000000000000000001001100001
000111010001100000000000000000000111110110
000111010001100000000000000000000111101101
000111010001110000000000000000001001100000
000111010010000000000000000000000010001010
000111010010000000000000000000000110101000
000111010010000000000000000000000011011110
000111010010000000000000000000001000010111
000111010010010000000000000000000111100101
000111010010100000000000000000000001110011
000111010010100000000000000000000110101110
000111010010100000000000000000001001011110
000111010010100000000000000000001001011111
000111010010100000000000000000001000010100
000111010010100000000000000000001000011001
000111010010110000000000000000000111011010
000111010010110000000000000000000111011101
000111010010110000000000000000001000010010
000111010011000000000000000000000111100000
000111010011000000000000000000001001011100
000111010011010000000000000000001001011101
000111010011010000000000000000000111010111
000111010011100000000000000000000111010001
000111010011110000000000000000000101110111
000111010011110000000000000000000101111100
000111010100000000000000000000000111001110
000111010100000000000000000000001001010110
000111010100000000000000000000000111010010
000111010100010000000000000000000111000111
000111010100010000000000000000000111001100
000111010100010000000000000000000111001111
000111010100010000000000000000001000001100
000111010100100000000000000000000111000100
000111010100100000000000000000000101001101
000111010100100000000000000000000111001000
000111010100110000000000000000000111000011
000111010100110000000000000000000111000101
000111010100110000000000000000001001011001
000111010100110000000000000000000110111111
000111010100110000000000000000001000000101
000111010100110000000000000000000110111010
000111010100110000000000000000001001010010
000111010101000000000000000000001001010101
000111010101000000000000000000001000000000
000111010101010000000000000000001001010100
000111010101100000000000000000000101000001
000111010101100000000000000000000110010011
000111010101100000000000000000000110110101
000111010101100000000000000000000110100001
000111010101100000000000000000000110101010
000111010101110000000000000000001001010001
000111010101110000000000000000000111110111
000111010110000000000000000000001001001101
000111010110000000000000000000000101111111
000111010110000000000000000000000110010111
000111010110010000000000000000000101101100
000111010110010000000000000000000110001100
000111010110010000000000000000001001000111
000111010110100000000000000000000100110010
000111010110100000000000000000000101000010
000111010110100000000000000000001001001001
000111010110110000000000000000000101010001
000111010110110000000000000000001001000000
000111010110110000000000000000001001001100
000111010110110000000000000000001001001110
000111010110110000000000000000000111110100
000111010110110000000000000000000100001010
000111010111000000000000000000000101011100
000111010111000000000000000000000111101110
000111010111000000000000000000000111110010
000111010111000000000000000000001001001000
000111010111000000000000000000001001000011
000111010111010000000000000000000100000110
000111010111010000000000000000000101000011
000111010111010000000000000000000101100110
000111010111010000000000000000000111010101
000111010111010000000000000000001000111000
000111010111010000000000000000000101000100
000111010111010000000000000000000111001010
000111010111100000000000000000000100111110
000111010111100000000000000000000101001011
000111010111100000000000000000000100000101
000111010111100000000000000000000101001001
000111010111110000000000000000000111000110
000111010111110000000000000000000100110011
000111010111110000000000000000000101011111
000111010111110000000000000000001001000010
000111010111110000000000000000001001000100
000111011000000000000000000000000100100100
000111011000000000000000000000000100010110
000111011000000000000000000000000110111101
000111011000000000000000000000000111000011
000111011000010000000000000000001000111011
000111011000010000000000000000000011011010
000111011000010000000000000000001000110010
000111011000100000000000000000000111000000
000111011000100000000000000000000100101100
000111011000100000000000000000000110110010
000111011000110000000000000000000110111011
000111011000110000000000000000001000111010
000111011000110000000000000000001000111101
000111011000110000000000000000001000111001
000111011001000000000000000000000110101011
000111011001000000000000000000000110101111
000111011001010000000000000000001000110110
000111011001010000000000000000000110100011
000111011001010000000000000000000110110000
000111011001010000000000000000001001100101
000111011001010000000000000000000011111010
000111011001010000000000000000000110100111
000111011001100000000000000000000110100101
000111011001100000000000000000001000001000
000111011001100000000000000000000110100000
000111011001110000000000000000000011100100
000111011001110000000000000000000110100100
000111011001110000000000000000000110010010
000111011001110000000000000000001000100110
000111011010000000000000000000000101111110
000111011010000000000000000000001000000100
000111011010000000000000000000001000101100
000111011010010000000000000000000101111001
000111011010010000000000000000001000000011
000111011010010000000000000000000110001100
000111011010010000000000000000001000000010
000111011010010000000000000000001000101111
000111011010100000000000000000000101101110
000111011010100000000000000000000111111100
000111011010100000000000000000001001100000
000111011010110000000000000000000011101001
000111011010110000000000000000000101110011
000111011010110000000000000000001000110001
000111011010110000000000000000001010011100
000111011011000000000000000000000101111000
000111011011000000000000000000001000100001
000111011011010000000000000000000111111000
000111011011010000000000000000000101010110
000111011011010000000000000000000111110011
000111011011010000000000000000000111110110
000111011011010000000000000000000111111011
000111011011010000000000000000001001100110
000111011011100000000000000000000011101010
000111011011100000000000000000000100011110
000111011011110000000000000000000100011000
000111011011110000000000000000000111110001
000111011100000000000000000000000100011011
000111011100000000000000000000000011100110
000111011100010000000000000000001001011111
000111011100010000000000000000000111100001
000111011100010000000000000000000111110000
000111011100010000000000000000001001011101
000111011100100000000000000000000111100101
000111011100110000000000000000000111101001
000111011100110000000000000000000011111011
000111011100110000000000000000000111011010
000111011100110000000000000000000111101011
000111011101000000000000000000001000010011
000111011101010000000000000000001001010110
000111011101010000000000000000000111010111
000111011101100000000000000000000110000100
000111011101100000000000000000001000010001
000111011101100000000000000000001001010111
000111011101110000000000000000001000001111
000111011101110000000000000000001001010101
000111011110100000000000000000000111001100
000111011110100000000000000000001000000111
000111011110100000000000000000001001010100
000111011110100000000000000000001001010000
000111011111000000000000000000001001001100
000111011111010000000000000000001001001010
000111011111010000000000000000001001010001
000111011111010000000000000000000110111011
000111011111100000000000000000000110111000
000111011111110000000000000000000111110100
000111011111110000000000000000000111111101
000111011111110000000000000000001001010010
000111011111110000000000000000000110101000
000111100000000000000000000000001001000111
000111100000000000000000000000001001001101
000111100000010000000000000000001001000101
000111100000010000000000000000000110100100
000111100000010000000000000000000111110011
000111100000010000000000000000001001000110
000111100000100000000000000000000100111001
000111100000100000000000000000000110101001
000111100000100000000000000000000111111010
000111100000100000000000000000001001000010
000111100000100000000000000000001001000100
000111100000100000000000000000001001001000
000111100000110000000000000000000111010110
000111100001000000000000000000000111110000
000111100001000000000000000000001001000011
000111100001010000000000000000000101100111
000111100001010000000000000000000101010101
000111100001010000000000000000000101101011
000111100001010000000000000000000101110001
000111100001010000000000000000000101100011
000111100001010000000000000000001000111110
000111100001100000000000000000000111101001
000111100001100000000000000000000100110010
000111100001100000000000000000001000111001
000111100010000000000000000000000100111101
000111100010010000000000000000000100010110
000111100010010000000000000000000111001011
000111100010100000000000000000000100011010
000111100010100000000000000000000100100100
000111100010100000000000000000001000111011
000111100010100000000000000000000011110010
000111100010100000000000000000001000111010
000111100010100000000000000000001000110111
000111100010110000000000000000000100000001
000111100010110000000000000000001000110101
000111100010110000000000000000001000111101
000111100010110000000000000000000010000100
000111100010110000000000000000001000110100
000111100010110000000000000000000100010000
000111100011000000000000000000001000110110
000111100011000000000000000000000110101101
000111100011000000000000000000001000110011
000111100011010000000000000000000110110000
000111100011100000000000000000001000000110
000111100011110000000000000000001000110000
000111100011110000000000000000000110011010
000111100011110000000000000000000110100101
000111100100000000000000000000001000000101
000111100100000000000000000000000110010111
000111100100000000000000000000001000101001
000111100100010000000000000000001000000000
000111100100010000000000000000001000100100
000111100100010000000000000000001000011110
000111100100010000000000000000001001100011
000111100100100000000000000000000110000000
000111100100110000000000000000000111111000
000111100101000000000000000000000101101110
000111100101000000000000000000000100110011
000111100101000000000000000000000101100110
000111100101000000000000000000000111111001
000111100101010000000000000000000111110111
000111100101110000000000000000001001011111
000111100101110000000000000000000111101111
000111100110000000000000000000000101011011
000111100110010000000000000000000111101101
000111100110010000000000000000001000011001
000111100110010000000000000000001001011110
000111100110100000000000000000000011001000
000111100110100000000000000000000111100100
000111100110100000000000000000000111100110
000111100110110000000000000000000100101001
000111100110110000000000000000000111011110
000111100110110000000000000000000111100011
000111100110110000000000000000001001011100
000111100110110000000000000000000100001110
000111100110110000000000000000000111011000
000111100110110000000000000000001001011101
000111100111000000000000000000000111011001
000111100111000000000000000000000110010011
000111100111010000000000000000000111011100
000111100111010000000000000000001001011010
000111100111100000000000000000000111001111
000111100111100000000000000000000111010111
000111100111100000000000000000000011011101
000111100111100000000000000000001000001000
000111100111110000000000000000000111010100
000111100111110000000000000000000111010000
000111100111110000000000000000000110000011
000111101000000000000000000000000111001110
000111101000010000000000000000001000001010
000111101000010000000000000000001001010010
000111101000100000000000000000001001010001
000111101000100000000000000000001000000111
000111101000100000000000000000001001010000
000111101000100000000000000000001001010100
000111101000110000000000000000001001001110
000111101000110000000000000000001001010011
000111101000110000000000000000000110111101
000111101000110000000000000000000111000101
000111101001000000000000000000000110111010
000111101001010000000000000000000110111011
000111101001100000000000000000001001001111
000111101001110000000000000000001001000111
000111101001110000000000000000001001001011
000111101010000000000000000000000111110111
000111101010010000000000000000000110100001
000111101010010000000000000000000111110110
000111101010010000000000000000000111110101
000111101010010000000000000000001001000011
000111101010100000000000000000001001000001
000111101010100000000000000000001001001000
000111101010110000000000000000000111101110
000111101010110000000000000000001001001001
000111101011000000000000000000001001001100
000111101011000000000000000000000111101101
000111101011010000000000000000000101101100
000111101011010000000000000000000111101100
000111101011010000000000000000001001000000
000111101011010000000000000000001001000010
000111101011100000000000000000000101000101
000111101011100000000000000000000111001011
000111101011100000000000000000000111001001
000111101011110000000000000000000100111111
000111101100000000000000000000000111000111
000111101100000000000000000000000110111110
000111101100000000000000000000001000111001
000111101100010000000000000000000100001100
000111101100010000000000000000001000110010
000111101100010000000000000000001000111000
000111101100010000000000000000001000110101
000111101100110000000000000000000111000100
000111101100110000000000000000000010111100
000111101101000000000000000000001000101110
000111101101010000000000000000001000000011
000111101101010000000000000000001000110000
000111101101100000000000000000001000101101
000111101101110000000000000000001000110100
000111101101110000000000000000001000101001
000111101110000000000000000000000110001100
000111101110000000000000000000000110011110
000111101110000000000000000000000110100001
000111101110000000000000000000000110011101
000111101110000000000000000000001001100011
000111101110010000000000000000001000000000
000111101110010000000000000000000111111001
000111101110010000000000000000000111111101
000111101110010000000000000000001000100000
000111101110010000000000000000001000100111
000111101110100000000000000000001001100010
000111101110100000000000000000000111111110
000111101110110000000000000000000111111000
000111101111000000000000000000001000011001
000111101111010000000000000000001000011101
000111101111010000000000000000001001011000
000111101111100000000000000000001001011001
000111101111100000000000000000001001011010
000111101111100000000000000000001001010110
000111101111110000000000000000000111101111
000111110000010000000000000000000111100111
000111110000010000000000000000000011100110
000111110000100000000000000000000111100001
000111110000110000000000000000000111010001
000111110000110000000000000000000111011011
000111110000110000000000000000001000001110
000111110001000000000000000000001001010101
000111110001000000000000000000000111010000
000111110001000000000000000000001000010000
000111110001010000000000000000001001010010
000111110001100000000000000000000111001101
000111110001100000000000000000000111010111
000111110001110000000000000000000111001001
000111110001110000000000000000001000000111
000111110001110000000000000000000010010111
000111110001110000000000000000000111001111
000111110001110000000000000000001001010011
000111110010000000000000000000001000000001
000111110010010000000000000000000110111101
000111110010010000000000000000000111000001
000111110010010000000000000000001000000010
000111110010100000000000000000000111111010
000111110010100000000000000000001001001010
000111110010110000000000000000001000000000
000111110010110000000000000000000110111100
000111110010110000000000000000001001001011
000111110011000000000000000000000110101110
000111110011000000000000000000001001001110
000111110011010000000000000000001001001101
000111110011100000000000000000001001001100
000111110011100000000000000000000110110100
000111110011110000000000000000001001000011
000111110011110000000000000000001001001000
000111110100000000000000000000001001000110
000111110100100000000000000000000110001011
000111110100100000000000000000000111100100
000111110100110000000000000000000101101110
000111110101000000000000000000000111101011
000111110101000000000000000000001000111100
000111110101000000000000000000000101010111
000111110101010000000000000000000100010011
000111110101010000000000000000000101010011
000111110101010000000000000000001001000100
000111110101010000000000000000000100111011
000111110101100000000000000000000111100000
000111110101100000000000000000001000111110
000111110101100000000000000000000111001100
000111110101100000000000000000000111011001
000111110101110000000000000000000100101001
000111110101110000000000000000000110110011
000111110101110000000000000000000111000010
000111110101110000000000000000001000110101
000111110110000000000000000000000100101110
000111110110000000000000000000001001100100
000111110110010000000000000000000110111000
000111110110010000000000000000000111000000
000111110110010000000000000000001000101110
000111110110010000000000000000000100011011
000111110110100000000000000000001000000111
000111110110100000000000000000001000110100
000111110110110000000000000000000011010100
000111110110110000000000000000000110101010
000111110111000000000000000000001000110001
000111110111010000000000000000000110101011
000111110111010000000000000000000110011101
000111110111010000000000000000000110100000
000111110111010000000000000000000110100111
000111110111010000000000000000000110110100
000111110111100000000000000000000110100001
000111110111100000000000000000000110101000
000111110111100000000000000000000111111111
000111110111110000000000000000000110011011
000111110111110000000000000000001000000001
000111110111110000000000000000001000000000
000111111000000000000000000000001000100100
000111111000010000000000000000000111110100
000111111000010000000000000000000111110111
000111111000010000000000000000001000011100
000111111000010000000000000000001001011011
000111111000100000000000000000000111110000
000111111000100000000000000000000111111000
000111111000100000000000000000001000100101
000111111000100000000000000000001000100111
000111111000100000000000000000001001011101
000111111000110000000000000000001001100010
000111111000110000000000000000000111101111
000111111000110000000000000000000111110010
000111111001000000000000000000000101110000
000111111001010000000000000000001000010011
000111111001100000000000000000000100001010
000111111001100000000000000000000111101100
000111111001100000000000000000000111101101
000111111001110000000000000000000111011110
000111111001110000000000000000000111011101
000111111001110000000000000000001000001100
000111111001110000000000000000001001010110
000111111010000000000000000000000111011011
000111111010000000000000000000000111010100
000111111010000000000000000000000111011000
000111111010010000000000000000000111010110
000111111010100000000000000000000111010001
000111111010100000000000000000000111011001
000111111010100000000000000000001001010010
000111111011000000000000000000001001010001
000111111011000000000000000000001001001111
000111111011010000000000000000001001001001
000111111011110000000000000000000111000010
000111111011110000000000000000001001001010
000111111100100000000000000000000110110101
000111111100100000000000000000000110111110
000111111100110000000000000000000110011111
000111111101000000000000000000000111110101
000111111101000000000000000000001001000110
000111111101010000000000000000000110110000
000111111101100000000000000000000101111100
000111111101100000000000000000000111110111
000111111101110000000000000000001001000101
000111111101110000000000000000001001001000
000111111101110000000000000000000111110001
000111111110000000000000000000000111100010
000111111110000000000000000000000111101101
000111111110000000000000000000001000111111
000111111110000000000000000000000101010111
000111111110010000000000000000000101110011
000111111110100000000000000000000101000101
000111111110110000000000000000000100110100
000111111110110000000000000000000111100001
000111111110110000000000000000000111100110
000111111111000000000000000000001000111011
000111111111010000000000000000000111000011
000111111111010000000000000000000100000100
000111111111100000000000000000001000101100
000111111111100000000000000000000110111000
000111111111100000000000000000001000110000
000111111111100000000000000000001000110110
000111111111100000000000000000000110110100
000111111111110000000000000000001000101001
000111111111110000000000000000000110110010
001000000000000000000000000000001000110101
001000000000000000000000000000000011110100
001000000000100000000000000000000010010010
001000000000100000000000000000001000110010
001000000000100000000000000000000010011110
001000000000100000000000000000001000101101
001000000000100000000000000000000110011010
001000000000100000000000000000000110100100
001000000001000000000000000000001000000011
001000000001000000000000000000000000010110
001000000001000000000000000000000110010011
001000000001000000000000000000000111111011
001000000001000000000000000000001000101000
001000000001000000000000000000000100000001
001000000001100000000000000000001000100110
001000000001100000000000000000000111111100
001000000001100000000000000000000110010001
001000000001100000000000000000001000100001
001000000010000000000000000000000110000000
001000000010000000000000000000001001010111
001000000010000000000000000000000111110011
001000000010000000000000000000000100101111
001000000010000000000000000000000110000110
001000000010000000000000000000000111101100
001000000010000000000000000000000100011001
001000000010000000000000000000000100111010
001000000010100000000000000000000111101110
001000000010100000000000000000000111110111
001000000010100000000000000000001001011000
001000000010100000000000000000000111101101
001000000011000000000000000000001001010011
001000000011000000000000000000000111100100
001000000011000000000000000000001001010100
001000000011100000000000000000000111100110
001000000011100000000000000000000111010101
001000000011100000000000000000000111011111
001000000100000000000000000000000111010100
001000000100000000000000000000001001001110
001000000100000000000000000000001001010010
001000000100100000000000000000000110001000
001000000100100000000000000000000111001001
001000000100100000000000000000000111001011
001000000100100000000000000000001001010001
001000000100100000000000000000000111001110
001000000100100000000000000000001001001101
001000000101000000000000000000001000000000
001000000101000000000000000000000111000111
001000000101000000000000000000001000000010
001000000101000000000000000000001001001011
001000000101100000000000000000000110111111
001000000101100000000000000000000111000001
001000000101100000000000000000000110111011
001000000101100000000000000000000111111110
001000000110000000000000000000001001001100
001000000110000000000000000000000110110110
001000000110000000000000000000000110100111
001000000110000000000000000000000111111011
001000000110000000000000000000000111110101
001000000110100000000000000000001001000100
001000000110100000000000000000000100011111
001000000110100000000000000000000110100110
001000000110100000000000000000000110010011
001000000110100000000000000000001000111001
001000000111000000000000000000000101111110
001000000111000000000000000000000111101001
001000000111000000000000000000001000111111
001000000111000000000000000000001001000010
001000000111100000000000000000001000111110
001000000111100000000000000000000101110011
001000000111100000000000000000001000111101
001000000111100000000000000000000111101100
001000001000000000000000000000000100010001
001000001000000000000000000000000101100100
001000001000000000000000000000000101000011
001000001000000000000000000000000101001110
001000001000000000000000000000000100111101
001000001000100000000000000000001000110001
001000001000100000000000000000001000110110
001000001000100000000000000000000100011100
001000001000100000000000000000000100100110
001000001000100000000000000000000100101001
001000001000100000000000000000000100100010
001000001000100000000000000000001000110011
001000001000100000000000000000000100111011
001000001000100000000000000000000011111101
001000001000100000000000000000001000101110
001000001001000000000000000000001000101111
001000001001000000000000000000000011101110
001000001001000000000000000000000110110001
001000001001000000000000000000000110111000
001000001001100000000000000000000110101011
001000001001100000000000000000000010111010
001000001001100000000000000000000100110011
001000001001100000000000000000000110011111
001000001001100000000000000000001000101000
001000001010000000000000000000000110100000
001000001010000000000000000000000110010100
001000001010100000000000000000000110010010
001000001010100000000000000000000110011101
001000001010100000000000000000001000011110
001000001010100000000000000000000111111010
001000001011000000000000000000000101110100
001000001011000000000000000000000110000101
001000001011000000000000000000000111111011
001000001011000000000000000000000101101110
001000001011000000000000000000001001010111
001000001011000000000000000000001001010101
001000001011100000000000000000000101111000
001000001011100000000000000000000111110011
001000001100000000000000000000001001010010
001000001100000000000000000000001001010001
001000001100000000000000000000000101001100
001000001100000000000000000000001001010011
001000001100000000000000000000001000010100
001000001100000000000000000000001000010101
001000001100000000000000000000001001010000
001000001100100000000000000000000111100001
001000001100100000000000000000000111101010
001000001100100000000000000000000111011011
001000001100100000000000000000000111010110
001000001100100000000000000000000111010111
001000001100100000000000000000000111010101
001000001100100000000000000000000111100000
001000001100100000000000000000001000000111
001000001100100000000000000000001001001111
001000001101000000000000000000001000001000
001000001101000000000000000000000011101011
001000001101000000000000000000000111001011
001000001101100000000000000000000111001100
001000001101100000000000000000000111001111
001000001101100000000000000000000111010001
001000001110000000000000000000001000000000
001000001110000000000000000000001000000011
001000001110000000000000000000001001001110
001000001110000000000000000000000111001001
001000001110000000000000000000000110111101
001000001110000000000000000000001001001101
001000001110100000000000000000000110111010
001000001110100000000000000000001001000111
001000001110100000000000000000000111111100
001000001110100000000000000000001001000101
001000001110100000000000000000001001001100
001000001110100000000000000000000110111100
001000001111000000000000000000000111110101
001000001111000000000000000000001001000011
001000001111100000000000000000000110101100
001000001111100000000000000000000110110000
001000001111100000000000000000000111110010
001000001111100000000000000000000110101000
001000001111100000000000000000001001000000
001000010000000000000000000000000110010101
001000010000000000000000000000001001000001
001000010000000000000000000000000100111010
001000010000000000000000000000000111101111
001000010000000000000000000000000100111011
001000010000100000000000000000001000111010
001000010000100000000000000000000111101001
001000010000100000000000000000000101100000
001000010000100000000000000000000111101010
001000010000100000000000000000001000111101
001000010000100000000000000000000111011111
001000010000100000000000000000000111101000
001000010001000000000000000000000101101011
001000010001000000000000000000000111100111
001000010001000000000000000000001000110011
001000010001000000000000000000000101110010
001000010001000000000000000000001000111100
001000010001000000000000000000000101010011
001000010001000000000000000000001000110111
001000010001000000000000000000000111011010
001000010001100000000000000000000100111100
001000010010000000000000000000000111010011
001000010010000000000000000000001000101100
001000010010000000000000000000000110100111
001000010010000000000000000000000110110010
001000010010000000000000000000000111010101
001000010010100000000000000000000100000110
001000010010100000000000000000001000100000
001000010010100000000000000000001000110001
001000010010100000000000000000000110110001
001000010010100000000000000000001000011111
001000010010100000000000000000001000000000
001000010010100000000000000000001000100001
001000010011000000000000000000001000101011
001000010011000000000000000000000110011100
001000010011000000000000000000000110100110
001000010011000000000000000000001000101000
001000010011000000000000000000000110011010
001000010011000000000000000000001000100111
001000010011000000000000000000001001011000
001000010011000000000000000000000110101101
001000010011100000000000000000000000011000
001000010011100000000000000000000000001010
001000010011100000000000000000000111111101
001000010011100000000000000000000111111001
001000010011100000000000000000000111110110
001000010100000000000000000000000110000010
001000010100100000000000000000000111110001
001000010100100000000000000000000101111100
001000010101000000000000000000000111101101
001000010101000000000000000000000111101110
001000010101100000000000000000000111011110
001000010101100000000000000000000011111000
001000010110000000000000000000001000000100
001000010110000000000000000000000100110000
001000010110000000000000000000000111011010
001000010110000000000000000000000011101100
001000010110000000000000000000000111010110
001000010110000000000000000000000111011000
001000010110000000000000000000000111011100
001000010110000000000000000000001001001100
001000010110000000000000000000001001001000
001000010110100000000000000000000111001000
001000010110100000000000000000000111001101
001000010110100000000000000000001001001001
001000010110100000000000000000000111010001
001000010110100000000000000000000111000110
001000010111000000000000000000000111001001
001000010111000000000000000000000111001011
001000010111000000000000000000000111000111
001000010111000000000000000000000110111011
001000010111000000000000000000000110111110
001000010111100000000000000000001001000111
001000010111100000000000000000000110110111
001000011000000000000000000000000110110100
001000011000000000000000000000000110110000
001000011000000000000000000000000110111010
001000011000000000000000000000001001000101
001000011000000000000000000000001001000110
001000011000000000000000000000000110110001
001000011000100000000000000000001001000000
001000011000100000000000000000000110101010
001000011000100000000000000000000111110101
001000011000100000000000000000000111110010
001000011000100000000000000000000111110100
001000011000100000000000000000000101111011
001000011000100000000000000000000110010101
001000011001000000000000000000001000111110
001000011001000000000000000000001000111111
001000011001000000000000000000000101000011
001000011001000000000000000000000110010100
001000011001000000000000000000000101110100
001000011001000000000000000000000110000001
001000011001100000000000000000000111100100
001000011001100000000000000000001000111000
001000011001100000000000000000001000111011
001000011001100000000000000000000111100001
001000011001100000000000000000000100110101
001000011010000000000000000000000100011101
001000011010000000000000000000000100111110
001000011010000000000000000000001000110011
001000011010000000000000000000001000111100
001000011010000000000000000000000100011111
001000011010000000000000000000000100111100
001000011010000000000000000000000111011011
001000011010000000000000000000001000111001
001000011010000000000000000000000100010100
001000011010000000000000000000000100100001
001000011010100000000000000000001000110111
001000011010100000000000000000000100101101
001000011010100000000000000000001000101110
001000011010100000000000000000000100110010
001000011010100000000000000000001000110000
001000011011000000000000000000000100011011
001000011011000000000000000000000100111001
001000011011000000000000000000000111000001
001000011011000000000000000000001000110101
001000011011000000000000000000001001011011
001000011011100000000000000000000110111101
001000011011100000000000000000000110100110
001000011011100000000000000000000110101101
001000011011100000000000000000000110101111
001000011011100000000000000000000110100101
001000011011100000000000000000000110100111
001000011100000000000000000000000010001111
001000011100000000000000000000000011011010
001000011100000000000000000000000110011000
001000011100000000000000000000001001010111
001000011100100000000000000000000110010001
001000011100100000000000000000000110010010
001000011100100000000000000000000110011100
001000011100100000000000000000001000011000
001000011100100000000000000000000110001010
001000011100100000000000000000000110001111
001000011101000000000000000000001000011101
001000011101000000000000000000001000011110
001000011101000000000000000000000110010100
001000011101000000000000000000000101101100
001000011101000000000000000000000110000010
001000011101000000000000000000000111110001
001000011101000000000000000000000110010101
001000011101000000000000000000000110000011
001000011101000000000000000000000111110010
001000011101100000000000000000000111110000
001000011101100000000000000000000111101101
001000011101100000000000000000000011101101
001000011101100000000000000000000101100111
001000011101100000000000000000000110000111
001000011101100000000000000000000101111011
001000011110000000000000000000001001010010
001000011110000000000000000000000111100110
001000011110000000000000000000001000010010
001000011110000000000000000000001001001111
001000011110000000000000000000000100000011
001000011110100000000000000000000111100111
001000011110100000000000000000000100000101
001000011110100000000000000000000111011000
001000011110100000000000000000001000000101
001000011110100000000000000000001001001011
001000011111000000000000000000000111001010
001000011111000000000000000000000111001100
001000011111000000000000000000000111010001
001000011111000000000000000000000111010010
001000011111100000000000000000001001001010
001000011111100000000000000000000111111011
001000011111100000000000000000001001001000
001000011111100000000000000000000111000100
001000011111100000000000000000001001000001
001000100000000000000000000000000110111111
001000100000000000000000000000000111000110
001000100000000000000000000000000111111110
001000100000000000000000000000000111000010
001000100000000000000000000000001001000111
001000100000000000000000000000000110111110
001000100000000000000000000000000110111100
001000100000000000000000000000001001000101
001000100000100000000000000000000001010111
001000100000100000000000000000000110101101
001000100001000000000000000000000110100100
001000100001000000000000000000000111111000
001000100001000000000000000000001001000011
001000100001000000000000000000000110101001
001000100001100000000000000000000110101011
001000100001100000000000000000000110011111
001000100001100000000000000000000110110001
001000100001100000000000000000000110001101
001000100001100000000000000000001000111101
001000100001100000000000000000000101110111
001000100010000000000000000000000100111110
001000100010000000000000000000000101110000
001000100010000000000000000000000110000000
001000100010000000000000000000001000111110
001000100010000000000000000000001000111011
001000100010000000000000000000001001000000
001000100010000000000000000000001000111100
001000100010000000000000000000000101011111
001000100010000000000000000000000110000110
001000100010100000000000000000000110000100
001000100010100000000000000000000100110000
001000100010100000000000000000000100100000
001000100010100000000000000000001000110111
001000100010100000000000000000000101011100
001000100010100000000000000000000111100011
001000100011000000000000000000000111011100
001000100011000000000000000000001000110000
001000100011000000000000000000000111010101
001000100011000000000000000000001001011100
001000100011100000000000000000001000110001
001000100011100000000000000000000101000000
001000100100000000000000000000000111001101
001000100100000000000000000000000010010101
001000100100100000000000000000000110100101
001000100100100000000000000000000110100111
001000100100100000000000000000001000101011
001000100100100000000000000000000011010110
001000100100100000000000000000000110111100
001000100100100000000000000000001000011110
001000100100100000000000000000001000101001
001000100100100000000000000000000110011110
001000100100100000000000000000001000011111
001000100100100000000000000000001001010110
001000100101000000000000000000000110011101
001000100101000000000000000000000111111111
001000100101000000000000000000001001010111
001000100101000000000000000000000110010100
001000100101000000000000000000000110010010
001000100101100000000000000000000110011010
001000100110000000000000000000000110001010
001000100110000000000000000000000111110000
001000100110000000000000000000000111110101
001000100110000000000000000000001000010100
001000100110000000000000000000001000010101
001000100110100000000000000000000111101011
001000100110100000000000000000001001010010
001000100110100000000000000000000101101010
001000100110100000000000000000000111100111
001000100110100000000000000000001001001011
001000100111000000000000000000000111100100
001000100111000000000000000000001001001100
001000100111100000000000000000000111010011
001000100111100000000000000000001001001001
001000101000000000000000000000000111000110
001000101000000000000000000000000111010010
001000101000000000000000000000000111001011
001000101000000000000000000000000111001111
001000101000000000000000000000001001001000
001000101000100000000000000000000111000011
001000101000100000000000000000000111001100
001000101000100000000000000000000110111101
001000101000100000000000000000000111000010
001000101001000000000000000000001001000100
001000101001000000000000000000001001000101
001000101001000000000000000000001001000010
001000101001000000000000000000000111111010
001000101001100000000000000000001000111111
001000101001100000000000000000000111110100
001000101010000000000000000000000110101111
001000101010000000000000000000001000111110
001000101010000000000000000000000110010101
001000101010000000000000000000001000111010
001000101010000000000000000000000100111111
001000101010100000000000000000000101111100
001000101010100000000000000000000111101010
001000101010100000000000000000000111110010
001000101010100000000000000000000110011100
001000101010100000000000000000000101101011
001000101010100000000000000000001000111100
001000101010100000000000000000000110001110
001000101011000000000000000000000101101000
001000101011000000000000000000000111101110
001000101011000000000000000000001000110100
001000101011000000000000000000000100100100
001000101011000000000000000000000100101101
001000101011100000000000000000000100011000
001000101011100000000000000000000100111100
001000101011100000000000000000000101110010
001000101011100000000000000000001000110111
001000101011100000000000000000000101000001
001000101011100000000000000000000100111010
001000101011100000000000000000001000101111
001000101011100000000000000000000111011110
001000101011100000000000000000000100011100
001000101100000000000000000000000100110100
001000101100000000000000000000000100101000
001000101100000000000000000000000100101001
001000101100000000000000000000001000110110
001000101100000000000000000000000100010110
001000101100000000000000000000000111010101
001000101100000000000000000000000100010111
001000101100000000000000000000000011101000
001000101100000000000000000000000100010010
001000101100000000000000000000000100100011
001000101100100000000000000000001000101001
001000101100100000000000000000001000000100
001000101100100000000000000000000011111101
001000101100100000000000000000000100001011
001000101101000000000000000000000100011101
001000101101000000000000000000001000101000
001000101101000000000000000000000110111111
001000101101000000000000000000000111001010
001000101101000000000000000000001000100011
001000101101000000000000000000001000100101
001000101101000000000000000000000111001011
001000101101000000000000000000001001011000
001000101101100000000000000000000100100000
001000101101100000000000000000000110101101
001000101101100000000000000000000011010000
001000101101100000000000000000000110100111
001000101101100000000000000000000111000000
001000101101100000000000000000000000110010
001000101101100000000000000000000110010111
001000101101100000000000000000000110100001
001000101101100000000000000000000110011110
001000101110000000000000000000000011010100
001000101110000000000000000000000110010010
001000101110000000000000000000000111110010
001000101110100000000000000000001000010100
001000101110100000000000000000000111110011
001000101110100000000000000000001001010100
001000101111000000000000000000001000011000
001000101111000000000000000000000101011110
001000101111000000000000000000001001010010
001000101111100000000000000000000101011100
001000101111100000000000000000000101110110
001000101111100000000000000000000111101111
001000110000000000000000000000001001001000
001000110000000000000000000000000011001100
001000110000000000000000000000000101001011
001000110000000000000000000000000111010001
001000110000000000000000000000001001001001
001000110000000000000000000000001001001110
001000110000100000000000000000001001000111
001000110000100000000000000000001001001011
001000110000100000000000000000000111011000
001000110000100000000000000000000111001000
001000110000100000000000000000000111000101
001000110000100000000000000000000111111110
001000110001000000000000000000001000000001
001000110001000000000000000000000111000110
001000110001100000000000000000000111001010
001000110001100000000000000000001001000000
001000110001100000000000000000000110111001
001000110001100000000000000000000100100100
001000110001100000000000000000000111000010
001000110001100000000000000000001000111110
001000110001100000000000000000000110111111
001000110001100000000000000000000110110110
001000110010000000000000000000000111111010
001000110010000000000000000000001000111100
001000110010000000000000000000000110111100
001000110010000000000000000000000111111000
001000110010100000000000000000000100110111
001000110010100000000000000000000110011010
001000110010100000000000000000001000111010
001000110010100000000000000000001000111111
001000110010100000000000000000001001000001
001000110010100000000000000000001000111000
001000110010100000000000000000000110100000
001000110011000000000000000000000111110010
001000110011000000000000000000000111110100
001000110011000000000000000000000111110101
001000110011000000000000000000000110000111
001000110011000000000000000000000111101110
001000110011000000000000000000000110100101
001000110011000000000000000000001000111011
001000110011100000000000000000000100101000
001000110011100000000000000000000101111111
001000110011100000000000000000000111101001
001000110011100000000000000000000101101000
001000110011100000000000000000000101101100
001000110011100000000000000000000101111110
001000110011100000000000000000001000110100
001000110011100000000000000000001000110111
001000110011100000000000000000000101111000
001000110011100000000000000000001000110000
001000110100000000000000000000000101101101
001000110100000000000000000000001000110011
001000110100000000000000000000000101001111
001000110100000000000000000000000100000000
001000110100000000000000000000000111011010
001000110100100000000000000000000100100000
001000110100100000000000000000000100100111
001000110100100000000000000000001000101110
001000110100100000000000000000000100111001
001000110100100000000000000000000100011110
001000110100100000000000000000001000101011
001000110100100000000000000000001001011010
001000110100100000000000000000000100001001
001000110101000000000000000000000100011100
001000110101000000000000000000000111010100
001000110101000000000000000000000100001101
001000110101000000000000000000000100011011
001000110101000000000000000000000011110111
001000110101000000000000000000000111011011
001000110101000000000000000000000011111111
001000110101000000000000000000000100000001
001000110101100000000000000000000100001011
001000110101100000000000000000000111111110
001000110101100000000000000000000001100010
001000110101100000000000000000001000011001
001000110101100000000000000000001001011000
001000110110000000000000000000000111111100
001000110110000000000000000000001000011111
001000110110000000000000000000000011011101
001000110110000000000000000000000100000101
001000110110000000000000000000000001010101
001000110110000000000000000000000011011111
001000110110100000000000000000000010110001
001000110110100000000000000000000011100101
001000110110100000000000000000000111110100
001000110111000000000000000000001000010010
001000110111000000000000000000001000010011
001000110111000000000000000000000111110001
001000110111100000000000000000000101110010
001000111000000000000000000000000111100010
001000111000000000000000000000000111101001
001000111000000000000000000000001001000100
001000111000000000000000000000001001000111
001000111000100000000000000000000111011111
001000111000100000000000000000000111010110
001000111000100000000000000000000111011001
001000111001000000000000000000000100010000
001000111001000000000000000000000101001110
001000111001000000000000000000000111011000
001000111001000000000000000000000100100100
001000111001100000000000000000000111001000
001000111001100000000000000000001000000011
001000111001100000000000000000000111000101
001000111001100000000000000000001000111111
001000111010000000000000000000001001000010
001000111010000000000000000000000111000100
001000111010000000000000000000000111000110
001000111010000000000000000000001000111100
001000111010000000000000000000000111001001
001000111010000000000000000000000111000010
001000111010100000000000000000000110111010
001000111010100000000000000000001000111001
001000111010100000000000000000001001000000
001000111010100000000000000000001000111011
001000111010100000000000000000000110110011
001000111010100000000000000000000110101001
001000111010100000000000000000000111110101
001000111011000000000000000000000110110000
001000111011000000000000000000000100101101
001000111011000000000000000000000110010010
001000111011000000000000000000000110101111
001000111011000000000000000000000111101110
001000111011100000000000000000000000001111
001000111011100000000000000000001000110011
001000111011100000000000000000001000110100
001000111011100000000000000000000110011111
001000111011100000000000000000000100101011
001000111011100000000000000000000110010000
001000111011100000000000000000000111101101
001000111011100000000000000000001000111010
001000111011100000000000000000001001011111
001000111100000000000000000000000110010100
001000111100000000000000000000001000110001
001000111100000000000000000000000100101000
001000111100000000000000000000000101100110
001000111100000000000000000000000101101001
001000111100000000000000000000001000110010
001000111100100000000000000000000100110011
001000111100100000000000000000001001011110
001000111100100000000000000000000101011111
001000111100100000000000000000000101100001
001000111100100000000000000000001000101001
001000111100100000000000000000000101011110
001000111101000000000000000000000100001100
001000111101000000000000000000001000101010
001000111101000000000000000000001000101111
001000111101000000000000000000000100011000
001000111101000000000000000000001000101101
001000111101000000000000000000000100011100
001000111101100000000000000000000011100110
001000111101100000000000000000001000100000
001000111101100000000000000000001000101000
001000111101100000000000000000000100011001
001000111101100000000000000000000100010101
001000111101100000000000000000000100111100
001000111101100000000000000000000100111101
001000111101100000000000000000000100011101
001000111101100000000000000000000111010110
001000111110000000000000000000000011000010
001000111110000000000000000000001001011000
001000111110000000000000000000001000010100
001000111110000000000000000000001000100111
001000111110000000000000000000000011111111
001000111110000000000000000000000100000110
001000111110000000000000000000000110110101
001000111110000000000000000000000111000001
001000111110000000000000000000000111001110
001000111110000000000000000000000100000001
001000111110000000000000000000000100000011
001000111110100000000000000000000011101100
001000111110100000000000000000000111000101
001000111110100000000000000000000011010100
001000111110100000000000000000000011111000
001000111110100000000000000000000011101000
001000111110100000000000000000000011110110
001000111110100000000000000000000010111101
001000111111000000000000000000000110100000
001000111111000000000000000000000110011000
001000111111000000000000000000001000001111
001000111111000000000000000000000111111000
001000111111100000000000000000000110000111
001000111111100000000000000000000111110000
001000111111100000000000000000000111110001
001000111111100000000000000000001000010001
001001000000000000000000000000000110000100
001001000000000000000000000000000111101011
001001000000000000000000000000000110010110
001001000000000000000000000000001001010010
001001000000000000000000000000000100000101
001001000000000000000000000000000111101110
001001000000100000000000000000000011101010
001001000000100000000000000000000111101010
001001000000100000000000000000000111100100
001001000000100000000000000000001001001100
001001000001000000000000000000001001000111
001001000001000000000000000000000011101001
001001000001100000000000000000000011110100
001001000001100000000000000000000111010010
001001000010000000000000000000000100010011
001001000010000000000000000000000111001000
001001000010000000000000000000000110111110
001001000010000000000000000000000111000111
001001000010000000000000000000001000111110
001001000010100000000000000000000101010100
001001000010100000000000000000000111000100
001001000010100000000000000000000111001100
001001000011000000000000000000001000111000
001001000011000000000000000000001000110011
001001000011100000000000000000001000111100
001001000011100000000000000000000110101011
001001000011100000000000000000000110010111
001001000011100000000000000000001000101110
001001000011100000000000000000001000110010
001001000100000000000000000000000110101000
001001000100100000000000000000000110001010
001001000100100000000000000000000100100111
001001000100100000000000000000000100100100
001001000100100000000000000000000101101111
001001000100100000000000000000001000100110
001001000100100000000000000000001001100001
001001000101000000000000000000000100011101
001001000101000000000000000000000100110001
001001000101000000000000000000001000101100
001001000101000000000000000000001000101011
001001000101000000000000000000000100101000
001001000101000000000000000000001000100100
001001000101100000000000000000000100111111
001001000101100000000000000000000101011000
001001000101100000000000000000000100001001
001001000101100000000000000000001000100101
001001000101100000000000000000000100101001
001001000110000000000000000000000100001111
001001000110000000000000000000000100010110
001001000110000000000000000000001000010111
001001000110000000000000000000001000100000
001001000110000000000000000000000011100010
001001000110000000000000000000000011110110
001001000110000000000000000000001001011011
001001000110100000000000000000000011111010
001001000110100000000000000000001000011000
001001000110100000000000000000000010011100
001001000110100000000000000000000011101101
001001000110100000000000000000000010111001
001001000111000000000000000000000111001011
001001000111000000000000000000001000010011
001001000111000000000000000000001000001110
001001000111000000000000000000000011110101
001001000111100000000000000000000010111110
001001000111100000000000000000000011011111
001001001000000000000000000000000110100101
001001001000000000000000000000000011010011
001001001000000000000000000000000011010110
001001001000000000000000000000000110001100
001001001000100000000000000000000011001001
001001001000100000000000000000001001001100
001001001001000000000000000000000111100011
001001001001100000000000000000000111011010
001001001001100000000000000000000111100001
001001001010100000000000000000001001000001
001001001010100000000000000000000111011011
001001001010100000000000000000001001000010
001001001010100000000000000000001000111101
001001001010100000000000000000000111001010
001001001011000000000000000000000111000010
001001001011100000000000000000001000101110
001001001011100000000000000000000110110000
001001001011100000000000000000000110110110
001001001011100000000000000000000110100111
001001001100100000000000000000001001101101
001001001100100000000000000000001000100100
001001001100100000000000000000001000110011
001001001100100000000000000000000110010110
001001001100100000000000000000000110010111
001001001101000000000000000000001000101011
001001001101000000000000000000000101101011
001001001101000000000000000000001001100111
001001001101100000000000000000001000100000
001001001101100000000000000000001010010110
001001001110100000000000000000001000011011
001001001110100000000000000000001000011010
001001001111000000000000000000001000010100
001001001111100000000000000000001001011001
001001010000100000000000000000001001010100
001001010000100000000000000000001001100000
001001010001100000000000000000001010000000
001001010001100000000000000000001001001110
001001010001100000000000000000000111011101
001001010010100000000000000000000111001110
001001010011000000000000000000001010000101
001001010100000000000000000000000010101111
001001010101100000000000000000000001000111
001001010111000000000000000000001000010001
001001011011100000000000000000001001000101
001001011100000000000000000000000110110100
001001011110000000000000000000000000010111
001010010001100000000000000000000010011110
001010010011000000000000000000000000001010
001010100000000000000000000000000010100110
001010101001100000000000000000000000010110
001010101010100000000000000000001010100110
001010110000000000000000000000000000110101
001010111100000000000000000000000000100110
001011000000000000000000000000000010111111
001011000001000000000000000000000001111110
001011000010000000000000000000000001000101
001011001111100000000000000000000010101101
001011010011100000000000000000000010001010
001011010111000000000000000000000001100010
001011011010100000000000000000000000011110
001011011101000000000000000000000000100111
001011011110100000000000000000000101101001
001011100011000000000000000000001001001111
001011101101100000000000000000001010000010
001011111011100000000000000000000000100100
001011111111100000000000000000000110111110
001100000010000000000000000000000001100011
001100000110100000000000000000000000000001
001100000111000000000000000000000010100001
001100010000000000000000000000000000010100
001100011011100000000000000000001010001111
001100100010000000000000000000001010011010
001100101011100000000000000000001000100000
001100110010100000000000000000000100001110
001100110011000000000000000000001010101100
001100110011000000000000000000001001101110
001100110101100000000000000000000011000110
001100111100100000000000000000000000000010
001101000100000000000000000000001000111010
001101001111000000000000000000000000001011
001101010001000000000000000000001001101100
001101010010000000000000000000000001101001
001101010101100000000000000000000011100011
001101010110000000000000000000000010000100
001101010110000000000000000000000001011001
001101011000000000000000000000000110101111
001101011000100000000000000000000000000110
001101011001100000000000000000001000101000
001101011001100000000000000000001010010110
001101011001100000000000000000000010011101
001101011110100000000000000000000001110100
001101100000100000000000000000001001111000
001101100010100000000000000000000010000111
001101100011000000000000000000000010010010
001101100100100000000000000000000010001000
001101101011000000000000000000000000000100
001101101011100000000000000000000001111111
001101101100100000000000000000000001110011
001101101111000000000000000000000001010111
001101101111100000000000000000001000000010
001101110000100000000000000000001001010110
001101110010000000000000000000000010000011
001101110011100000000000000000000100010001
001101110011100000000000000000001000000001
001101110011100000000000000000001010000011
001101110101000000000000000000000010010111
001101111001000000000000000000000100001001
001101111001100000000000000000000001111111
001101111001100000000000000000000010010001
001101111100000000000000000000000001010001
001101111100000000000000000000000001100010
001101111101100000000000000000000001001011
001110000011000000000000000000000010010001
001110000110100000000000000000000010000011
001110001010000000000000000000000111111111
001110001010000000000000000000000100010101
001110001011000000000000000000000001110101
001110001011100000000000000000000001111101
001110001111000000000000000000000010001001
001110010110100000000000000000000100111101
001110010111000000000000000000000101100101
001110011101100000000000000000000010010011
001110100010100000000000000000000000011001
001110100011000000000000000000000101000001
001110100101000000000000000000001010100111
001110101010000000000000000000000001111100
001110101111100000000000000000000000010010
001110110000000000000000000000000010000111
001110110000000000000000000000001010101000
001110110100000000000000000000000011000100
001111000000000000000000000000000001001100
001111000010100000000000000000001001011101
001111000011000000000000000000000010110010
001111000100100000000000000000000001100110
001111000111100000000000000000000010011010
001111001001000000000000000000000010001011
001111001011100000000000000000001010011110
001111001101100000000000000000000010001101
001111010000000000000000000000001001100010
001111011010100000000000000000000001010110
001111100001100000000000000000000110111001
001111100001100000000000000000000000000010
001111100101000000000000000000000000010110
001111100101000000000000000000000010011100
001111101000000000000000000000000100010100
001111101001100000000000000000000010000100
001111101101000000000000000000000000111101
001111110001000000000000000000001001110011
001111110100100000000000000000001000010101
010000000100000000000000000000000010100110
010000000100000000000000000000000010110110
010000000111000000000000000000001010001100
010000001000000000000000000000001010100100
010000001010000000000000000000000100011110
010000010111000000000000000000001010100000
010000011110000000000000000000001010000011
010000100101000000000000000000000111000011
010000100111000000000000000000000110000001
010000101011000000000000000000000001010111
010000110100000000000000000000000011111100
010000110111000000000000000000000010000101
010000111001000000000000000000000010000100
010000111001000000000000000000000010000110
010000111001000000000000000000000010000000
010000111001000000000000000000000101100110
010000111010000000000000000000000010001010
010000111101000000000000000000000010100100
010000111111000000000000000000001010000101
010001000111000000000000000000000101111010
010001001000000000000000000000000101001100
010001001010000000000000000000000111011100
010001010100000000000000000000000010011000
010001010101000000000000000000000010000100
010001010111000000000000000000001010110110
010001011000000000000000000000000001101010
010001011000000000000000000000000100000011
010001011111000000000000000000000101111110
010001100000000000000000000000000011101000
010001100001000000000000000000000100001011
010001101000000000000000000000000100101101
010001101011000000000000000000000011001110
010001110001000000000000000000000011001000
010001110111000000000000000000001000111001
010001111001000000000000000000000001101011
010001111001000000000000000000000100111011
010001111100000000000000000000000111100011
010001111110000000000000000000000111111010
010001111110000000000000000000001010010100
010010000000000000000000000000000111111100
010010000001000000000000000000000111010000
010010000100000000000000000000000101110111
010010000110000000000000000000001001110110
010010001000000000000000000000000000001100
010010001011000000000000000000001010100001
010010001011000000000000000000001000111000
010010010000000000000000000000000001011000
010010011111000000000000000000000010010101
010010110001000000000000000000000011001011
010010110101000000000000000000000101111101
010010110111000000000000000000000001011010
010010111001000000000000000000000110000101
010010111110000000000000000000000111101010
010011000010000000000000000000000000010000
010011000110000000000000000000000000011010
010011000110000000000000000000001001101100
010011001000000000000000000000000101101101
010011001111000000000000000000000101011100
010011001111000000000000000000000010111101
010011011000000000000000000000000101001101
010011011000000000000000000000001000011110
010011011110000000000000000000000101111110
010011011111000000000000000000000001000111
010011100100000000000000000000000000011000
010011101101000000000000000000000111101101
010011101110000000000000000000000000010101
010011101111000000000000000000001010000110
010011110000000000000000000000000101011000
010011110011000000000000000000001010011000
010100000001000000000000000000000101101111
010100000001000000000000000000000110110010
010100000010000000000000000000000010100101
010100000111000000000000000000000000000111
010100001101000000000000000000000101000000
010100010011000000000000000000000010100110
010100010100000000000000000000000111100000
010100010110000000000000000000000001001010
010100100100000000000000000000000011111001
010100100111000000000000000000000111101001
010100110000000000000000000000000110101101
010100110001000000000000000000000110001001
010100110100000000000000000000000101101001
010100111000000000000000000000001000100000
010101000010000000000000000000001000110110
010101001100000000000000000000000011001011
010101001110000000000000000000000001000011
010101010000000000000000000000000010000110
010101010001000000000000000000001010010011
010101010010000000000000000000000101001001
010101011001000000000000000000000001000110
010101011100000000000000000000000010000000
010101011101000000000000000000001000000100
010101100010000000000000000000000001101101
010101100101000000000000000000001001110100
010101100110000000000000000000000010101110
010101101100000000000000000000001000011010
010101110000000000000000000000000000110001
010101110001000000000000000000001000001000
010101110101000000000000000000000001101101
010110000000000000000000000000000001101000
010110000011000000000000000000000101110011
010110000110000000000000000000000111111111
010110001001000000000000000000000111110100
010110010001000000000000000000000111111111
010110010100000000000000000000001001100101
010110011111000000000000000000000001011110
010110100001000000000000000000001000111010
010110100110000000000000000000000011010111
010110100110000000000000000000000000000001
010110101001000000000000000000000000100001
010110101100000000000000000000001001011001
010110110010000000000000000000000101011011
010110110011000000000000000000000000110011
010110111010000000000000000000000111110000
010111000001000000000000000000001010110101
010111000111000000000000000000000111110010
010111000111000000000000000000001010101110
010111000111000000000000000000000000111100
010111001101000000000000000000001000100111
010111001110000000000000000000000011001100
010111001111000000000000000000000001111000
010111010010000000000000000000001010110011
010111010111000000000000000000000101110010
010111011010000000000000000000000011011001
010111011010000000000000000000000011101101
010111011100000000000000000000000101011110
010111011111000000000000000000000011001001
010111100001000000000000000000000101000011
010111100110000000000000000000001001110010
010111100110000000000000000000000001010110
010111101000000000000000000000001000010101
010111101000000000000000000000000011001111
010111110010000000000000000000000001010111
010111110010000000000000000000000000110100
010111110010000000000000000000000000111001
010111110111000000000000000000000001011000
010111111001000000000000000000000110100101
010111111011000000000000000000000100011110
010111111011000000000000000000000100100100
